Date,KO/PEP,XOM/CVX,V/MA,GLD/GDX,USO/XLE,EWA/EWC,EWJ/EWG
2010-01-04,0.0,0.0,0.0,0.0,0.0,0.0,0.0
2010-01-05,0.0,0.0,-0.0,0.0,0.0,0.0,0.0
2010-01-06,-0.0,0.0,-0.0,0.0,0.0,0.0,0.0
2010-01-07,-0.0,-0.0,0.0,-0.0,-0.0,-0.0,-0.0
2010-01-08,-0.0,0.0,0.0,0.0,0.0,0.0,0.0
2010-01-11,0.0,0.0,-0.0,0.0,-0.0,0.0,0.0
2010-01-12,0.0,-0.0,-0.0,-0.0,-0.0,-0.0,0.0
2010-01-13,0.0,-0.0,0.0,0.0,0.0,0.0,0.0
2010-01-14,0.0,0.0,0.0,0.0,0.0,0.0,0.0
2010-01-15,-0.0,-0.0,0.0,-0.0,-0.0,-0.0,-0.0
2010-01-19,0.0,0.0,0.0,0.0,0.0,0.0,0.0
2010-01-20,-0.0,-0.0,-0.0,-0.0,-0.0,-0.0,-0.0
2010-01-21,-0.0,-0.0,-0.0,-0.0,-0.0,-0.0,0.0
2010-01-22,-0.0,-0.0,-0.0,0.0,-0.0,-0.0,-0.0
2010-01-25,0.0,-0.0,0.0,0.0,0.0,0.0,0.0
2010-01-26,0.0,0.0,-0.0,0.0,-0.0,-0.0,-0.0
2010-01-27,0.0,-0.0,0.0,-0.0,-0.0,-0.0,-0.0
2010-01-28,-0.0,-0.0,-0.0,-0.0,0.0,-0.0,-0.0
2010-01-29,0.0,-0.0,0.0,-0.0,-0.0,-0.0,-0.0
2010-02-01,0.0,0.0,0.0,0.0,0.0,0.0,0.0
2010-02-02,0.0,0.0,0.0,0.0,0.0,0.0,0.0
2010-02-03,0.0,-0.0,-0.0,-0.0,0.0,-0.0,-0.0
2010-02-04,-0.0,-0.0,-0.0,-0.0,-0.0,-0.0,-0.0
2010-02-05,-0.0,0.0,-0.0,0.0,0.0,0.0,-0.0
2010-02-08,-0.0,-0.0,0.0,-0.0,-0.0,-0.0,-0.0
2010-02-09,0.0,0.0,0.0,0.0,0.0,0.0,0.0
2010-02-10,0.0,-0.0,0.0,-0.0,0.0,0.0,0.0
2010-02-11,0.0,0.0,0.0,0.0,0.0,0.0,0.0
2010-02-12,-0.0,-0.0,-0.0,-0.0,0.0,0.0,-0.0
2010-02-16,0.0,0.0,0.0,0.0,0.0,0.0,0.0
2010-02-17,0.0,-0.0,0.0,-0.0,0.0,0.0,0.0
2010-02-18,0.0,0.0,0.0,0.0,0.0,0.0,0.0
2010-02-19,0.0,0.0,0.0,-0.0,0.0,0.0,0.0
2010-02-22,-0.0,-0.0,0.0,-0.0,-0.0,0.0,0.0
2010-02-23,-0.0,-0.0,-0.0,-0.0,-0.0,-0.0,-0.0
2010-02-24,0.0,0.0,-0.0,-0.0,0.0,0.0,0.0
2010-02-25,0.0,-0.0,-0.0,0.0,0.0,0.0,0.0
2010-02-26,0.0,0.0,0.0,0.0,0.0,0.0,0.0
2010-03-01,0.0,0.0,0.0,0.0,0.0,0.0,0.0
2010-03-02,0.0,0.0,-0.0,0.0,0.0,0.0,0.0
2010-03-03,0.0,-0.0,0.0,0.0,0.0,0.0,0.0
2010-03-04,0.0,-0.0,0.0,-0.0,-0.0,-0.0,-0.0
2010-03-05,0.0,0.0,0.0,0.0,0.0,0.0,0.0
2010-03-08,-0.0,0.0,0.0,-0.0,-0.0,0.0,0.0
2010-03-09,0.0,0.0,0.0,-0.0,0.0,0.0,-0.0
2010-03-10,0.0,0.0,0.0,-0.0,0.0,0.0,0.0
2010-03-11,0.0,0.0,0.0,0.0,0.0,0.0,0.0
2010-03-12,0.0,-0.0,0.0,-0.0,0.0,0.0,0.0
2010-03-15,0.0,-0.0,0.0,0.0,-0.0,-0.0,-0.0
2010-03-16,0.0,0.0,-0.0,0.0,0.0,0.0,0.0
2010-03-17,0.0,0.0,-0.0,0.0,0.0,0.0,0.0
2010-03-18,0.0,0.0,-0.0,0.0,-0.0,-0.0,-0.0
2010-03-19,0.0,0.0,-0.0,-0.0,-0.0,-0.0,-0.0
2010-03-22,-0.0,-0.0,0.0,-0.0,0.0,0.0,0.0
2010-03-23,0.0,0.0,0.0,0.0,0.0,0.0,0.0
2010-03-24,-0.0,-0.0,-0.0,-0.0,-0.0,-0.0,-0.0
2010-03-25,0.0,-0.0,0.0,0.0,-0.0,0.0,0.0
2010-03-26,0.0,0.0,0.0,0.0,0.0,0.0,0.0
2010-03-29,0.0,0.0,0.0,0.0,0.0,0.0,0.0
2010-03-30,0.0,0.0,0.0,-0.0,0.0,0.0,0.0
2010-03-31,0.0,0.0,0.0,0.0,0.0,0.0,0.0
2010-04-01,0.0,0.0,0.0,0.0,0.0,0.0,0.0
2010-04-05,-0.0,0.0,0.0,0.0,0.0,0.0,0.0
2010-04-06,0.0,0.0,0.0,0.0,0.0,0.0,0.0
2010-04-07,-0.0,-0.0,-0.0,0.0,-0.0,-0.0,0.0
2010-04-08,-0.0,0.0,0.0,0.0,0.0,0.0,0.0
2010-04-09,0.0,0.0,0.0,0.0,0.0,0.0,0.0
2010-04-12,0.0,0.0,0.0,-0.0,0.0,-0.0,0.0
2010-04-13,0.0,-0.0,-0.0,-0.0,-0.0,-0.0,0.0
2010-04-14,-0.0,0.0,0.0,0.0,0.0,0.0,0.0
2010-04-15,-0.0,0.0,0.0,0.0,-0.0,-0.0,0.0
2010-04-16,0.0,-0.0,-0.0,-0.0,-0.0,-0.0,-0.0
2010-04-19,0.0,0.0,-0.0,-0.0,0.0,0.0,-0.0
2010-04-20,-0.0,0.0,0.0,0.0,0.0,0.0,0.0
2010-04-21,0.0,-0.0,-0.0,0.0,-0.0,-0.0,0.0
2010-04-22,0.0,-0.0,0.0,0.0,0.0,0.0,-0.0
2010-04-23,-0.0,0.0,0.0,0.0,0.0,0.0,0.0
2010-04-26,0.0,0.0,-0.0,-0.0,-0.0,0.0,0.0
2010-04-27,-0.0,-0.0,-0.0,0.0,-0.0,-0.0,-0.0
2010-04-28,0.0,0.0,0.0,0.0,0.0,0.0,-0.0
2010-04-29,0.0,0.0,0.0,0.0,0.0,0.0,0.0
2010-04-30,0.0,-0.0,-0.0,0.0,0.0,-0.0,-0.0
2010-05-03,0.0,0.0,0.0,0.0,0.0,0.0,0.0
2010-05-04,-0.0,-0.0,0.0,-0.0,-0.0,-0.0,-0.0
2010-05-05,0.0,-0.0,-0.0,0.0,-0.0,-0.0,-0.0
2010-05-06,-0.0,-0.0,-0.0,0.0,-0.0,-0.0,-0.0
2010-05-07,0.0,-0.0,-0.0,-0.0,-0.0,0.0,-0.0
2010-05-10,0.0,0.0,0.0,0.0,0.0,0.0,0.0
2010-05-11,0.0,-0.0,-0.0,0.0,-0.0,0.0,-0.0
2010-05-12,0.0,0.0,0.0,0.0,0.0,0.0,0.0
2010-05-13,-0.0,-0.0,0.0,-0.0,-0.0,-0.0,-0.0
2010-05-14,-0.0,-0.0,-0.0,0.0,-0.0,-0.0,-0.0
2010-05-17,0.0,0.0,-0.0,-0.0,-0.0,-0.0,0.0
2010-05-18,-0.0,-0.0,-0.0,0.0,-0.0,-0.0,-0.0
2010-05-19,0.0,-0.0,0.0,-0.0,0.0,-0.0,0.0
2010-05-20,-0.0,-0.0,0.0,-0.0,-0.0,-0.0,-0.0
2010-05-21,0.0,0.0,0.0,0.0,0.0,0.0,0.0
2010-05-24,-0.0,-0.0,0.0,0.0,-0.0,-0.0,-0.0
2010-05-25,-0.0,-0.0,-0.0,0.0,0.0,0.0,-0.0
2010-05-26,-0.0,-0.0,0.0,0.0,0.0,0.0,-0.0
2010-05-27,0.0,0.0,0.0,0.0,0.0,0.0,0.0
2010-05-28,0.0,-0.0,-0.0,0.0,-0.0,-0.0,-0.0
2010-06-01,-0.0,-0.0,-0.0,0.0,-0.0,-0.0,-0.0
2010-06-02,0.0,0.0,0.0,0.0,0.0,0.0,0.0
2010-06-03,0.0,0.0,0.0,-0.0,0.0,0.0,-0.0
2010-06-04,-0.0,-0.0,-0.0,0.0,-0.0,-0.0,-0.0
2010-06-07,0.0,0.0,0.0,0.0,-0.0,-0.0,-0.0
2010-06-08,0.0,0.0,0.0,0.0,0.0,0.0,0.0
2010-06-09,-0.0,-0.0,0.0,-0.0,0.0,0.0,0.0
2010-06-10,0.0,0.0,0.0,0.0,0.0,0.0,0.0
2010-06-11,-0.0,-0.0,-0.0,0.0,0.0,0.0,-0.0
2010-06-14,0.0,0.0,-0.0,-0.0,0.0,0.0,0.0
2010-06-15,0.0,0.0,0.0,0.0,0.0,0.0,0.0
2010-06-16,0.0,0.0,0.0,0.0,0.0,0.0,0.0
2010-06-17,0.0,0.0,0.0,0.0,-0.0,0.0,0.0
2010-06-18,-0.0,0.0,0.0,0.0,0.0,0.0,0.0
2010-06-21,0.0,0.0,0.0,-0.0,-0.0,0.0,0.0
2010-06-22,-0.0,-0.0,-0.0,0.0,-0.0,-0.0,-0.0
2010-06-23,-0.0,-0.0,-0.0,0.0,-0.0,-0.0,0.0
2010-06-24,-0.0,-0.0,-0.0,0.0,0.0,-0.0,-0.0
2010-06-25,-0.0,-0.0,0.0,0.0,0.0,0.0,0.0
2010-06-28,0.0,-0.0,-0.0,-0.0,-0.0,-0.0,-0.0
2010-06-29,-0.0,-0.0,-0.0,0.0,-0.0,-0.0,-0.0
2010-06-30,-0.0,-0.0,-0.0,0.0,-0.0,-0.0,0.0
2010-07-01,0.0,-0.0,0.0,-0.0,-0.0,0.0,0.0
2010-07-02,0.0,-0.0,0.0,0.0,-0.0,0.0,0.0
2010-07-06,0.0,0.0,-0.0,-0.0,0.0,0.0,0.0
2010-07-07,0.0,0.0,0.0,0.0,0.0,0.0,0.0
2010-07-08,0.0,0.0,0.0,-0.0,0.0,0.0,0.0
2010-07-09,-0.0,0.0,0.0,0.0,0.0,0.0,0.0
2010-07-12,0.0,0.0,-0.0,-0.0,-0.0,-0.0,-0.0
2010-07-13,0.0,0.0,0.0,0.0,0.0,0.0,0.0
2010-07-14,0.0,-0.0,-0.0,-0.0,-0.0,0.0,0.0
2010-07-15,0.0,0.0,-0.0,-0.0,-0.0,0.0,0.0
2010-07-16,-0.0,-0.0,-0.0,-0.0,-0.0,-0.0,-0.0
2010-07-19,-0.0,0.0,-0.0,-0.0,0.0,0.0,0.0
2010-07-20,0.0,0.0,0.0,0.0,0.0,0.0,0.0
2010-07-21,0.0,-0.0,-0.0,-0.0,-0.0,-0.0,-0.0
2010-07-22,0.0,0.0,0.0,0.0,0.0,0.0,0.0
2010-07-23,0.0,0.0,0.0,0.0,0.0,0.0,0.0
2010-07-26,0.0,0.0,0.0,-0.0,0.0,0.0,0.0
2010-07-27,0.0,0.0,0.0,-0.0,-0.0,-0.0,0.0
2010-07-28,-0.0,0.0,-0.0,0.0,-0.0,-0.0,0.0
2010-07-29,0.0,0.0,-0.0,0.0,0.0,0.0,0.0
2010-07-30,0.0,0.0,0.0,0.0,0.0,0.0,0.0
2010-08-02,0.0,0.0,-0.0,0.0,0.0,0.0,0.0
2010-08-03,0.0,0.0,0.0,0.0,0.0,-0.0,0.0
2010-08-04,0.0,0.0,0.0,0.0,0.0,0.0,0.0
2010-08-05,-0.0,0.0,-0.0,0.0,0.0,-0.0,0.0
2010-08-06,0.0,-0.0,0.0,0.0,-0.0,-0.0,0.0
2010-08-09,0.0,0.0,0.0,0.0,0.0,0.0,0.0
2010-08-10,0.0,-0.0,0.0,0.0,-0.0,-0.0,-0.0
2010-08-11,-0.0,-0.0,-0.0,-0.0,-0.0,-0.0,-0.0
2010-08-12,-0.0,-0.0,0.0,0.0,-0.0,-0.0,-0.0
2010-08-13,0.0,0.0,-0.0,-0.0,-0.0,0.0,-0.0
2010-08-16,0.0,0.0,0.0,0.0,-0.0,0.0,0.0
2010-08-17,0.0,0.0,0.0,0.0,0.0,0.0,0.0
2010-08-18,-0.0,-0.0,-0.0,0.0,-0.0,0.0,0.0
2010-08-19,-0.0,-0.0,-0.0,0.0,-0.0,-0.0,-0.0
2010-08-20,0.0,-0.0,-0.0,-0.0,-0.0,0.0,-0.0
2010-08-23,0.0,0.0,0.0,-0.0,0.0,-0.0,-0.0
2010-08-24,0.0,-0.0,0.0,0.0,-0.0,-0.0,-0.0
2010-08-25,-0.0,0.0,0.0,0.0,0.0,0.0,-0.0
2010-08-26,-0.0,-0.0,-0.0,0.0,0.0,0.0,-0.0
2010-08-27,0.0,0.0,0.0,0.0,0.0,0.0,0.0
2010-08-30,-0.0,-0.0,-0.0,-0.0,-0.0,-0.0,-0.0
2010-08-31,0.0,0.0,-0.0,0.0,-0.0,0.0,0.0
2010-09-01,0.0,0.0,0.0,-0.0,0.0,0.0,0.0
2010-09-02,0.0,0.0,0.0,0.0,0.0,0.0,0.0
2010-09-03,0.0,0.0,0.0,0.0,0.0,0.0,0.0
2010-09-07,0.0,-0.0,-0.0,0.0,-0.0,-0.0,0.0
2010-09-08,0.0,0.0,-0.0,0.0,0.0,0.0,0.0
2010-09-09,0.0,0.0,-0.0,-0.0,0.0,0.0,0.0
2010-09-10,0.0,0.0,0.0,0.0,0.0,0.0,0.0
2010-09-13,-0.0,0.0,-0.0,-0.0,0.0,0.0,0.0
2010-09-14,-0.0,0.0,0.0,0.0,-0.0,0.0,0.0
2010-09-15,0.0,-0.0,0.0,-0.0,-0.0,-0.0,0.0
2010-09-16,0.0,-0.0,0.0,0.0,-0.0,0.0,0.0
2010-09-17,0.0,-0.0,0.0,-0.0,-0.0,-0.0,-0.0
2010-09-20,0.0,0.0,0.0,0.0,0.0,0.0,0.0
2010-09-21,0.0,-0.0,-0.0,0.0,0.0,-0.0,0.0
2010-09-22,0.0,-0.0,0.0,0.0,-0.0,0.0,0.0
2010-09-23,-0.0,-0.0,0.0,0.0,0.0,-0.0,-0.0
2010-09-24,0.0,0.0,0.0,0.0,0.0,0.0,0.0
2010-09-27,0.0,-0.0,0.0,0.0,-0.0,0.0,0.0
2010-09-28,0.0,0.0,0.0,0.0,0.0,0.0,0.0
2010-09-29,-0.0,0.0,0.0,0.0,0.0,0.0,0.0
2010-09-30,-0.0,0.0,0.0,-0.0,0.0,0.0,-0.0
2010-10-01,0.0,0.0,0.0,0.0,0.0,0.0,0.0
2010-10-04,-0.0,-0.0,-0.0,-0.0,-0.0,-0.0,-0.0
2010-10-05,0.0,0.0,0.0,0.0,0.0,0.0,0.0
2010-10-06,0.0,0.0,-0.0,0.0,0.0,0.0,0.0
2010-10-07,-0.0,-0.0,-0.0,-0.0,-0.0,-0.0,0.0
2010-10-08,-0.0,0.0,0.0,0.0,0.0,0.0,0.0
2010-10-11,0.0,0.0,0.0,0.0,0.0,0.0,-0.0
2010-10-12,0.0,0.0,-0.0,-0.0,0.0,0.0,0.0
2010-10-13,0.0,0.0,0.0,0.0,0.0,0.0,0.0
2010-10-14,0.0,0.0,0.0,0.0,-0.0,0.0,0.0
2010-10-15,0.0,-0.0,0.0,-0.0,0.0,-0.0,-0.0
2010-10-18,0.0,0.0,0.0,0.0,0.0,-0.0,0.0
2010-10-19,0.0,-0.0,0.0,-0.0,-0.0,-0.0,-0.0
2010-10-20,0.0,0.0,0.0,0.0,0.0,0.0,0.0
2010-10-21,0.0,0.0,0.0,-0.0,-0.0,-0.0,0.0
2010-10-22,0.0,0.0,0.0,0.0,0.0,0.0,0.0
2010-10-25,0.0,0.0,0.0,0.0,0.0,0.0,0.0
2010-10-26,0.0,0.0,-0.0,0.0,0.0,-0.0,-0.0
2010-10-27,-0.0,-0.0,0.0,-0.0,-0.0,-0.0,-0.0
2010-10-28,0.0,0.0,-0.0,0.0,-0.0,0.0,0.0
2010-10-29,0.0,0.0,0.0,0.0,0.0,0.0,0.0
2010-11-01,0.0,0.0,-0.0,-0.0,0.0,0.0,-0.0
2010-11-02,0.0,0.0,0.0,0.0,0.0,0.0,0.0
2010-11-03,0.0,0.0,0.0,-0.0,0.0,0.0,0.0
2010-11-04,0.0,0.0,0.0,0.0,0.0,0.0,0.0
2010-11-05,0.0,0.0,0.0,0.0,0.0,0.0,0.0
2010-11-08,0.0,0.0,-0.0,0.0,0.0,0.0,0.0
2010-11-09,0.0,0.0,-0.0,-0.0,-0.0,-0.0,-0.0
2010-11-10,-0.0,0.0,0.0,0.0,0.0,0.0,0.0
2010-11-11,0.0,0.0,-0.0,0.0,0.0,-0.0,-0.0
2010-11-12,0.0,-0.0,-0.0,-0.0,-0.0,-0.0,-0.0
2010-11-15,0.0,-0.0,-0.0,-0.0,0.0,0.0,0.0
2010-11-16,-0.0,-0.0,-0.0,-0.0,-0.0,-0.0,-0.0
2010-11-17,0.0,0.0,0.0,0.0,0.0,0.0,0.0
2010-11-18,0.0,0.0,0.0,0.0,0.0,0.0,0.0
2010-11-19,0.0,0.0,0.0,0.0,0.0,0.0,0.0
2010-11-22,-0.0,-0.0,-0.0,0.0,-0.0,0.0,-0.0
2010-11-23,-0.0,-0.0,-0.0,0.0,-0.0,-0.0,-0.0
2010-11-24,0.0,0.0,0.0,0.0,0.0,0.0,0.0
2010-11-26,-0.0,-0.0,-0.0,-0.0,-0.0,-0.0,-0.0
2010-11-29,0.0,0.0,0.0,0.0,0.0,0.0,0.0
2010-11-30,0.0,0.0,0.0,0.0,-0.0,-0.0,-0.0
2010-12-01,0.0,0.0,0.0,0.0,0.0,0.0,0.0
2010-12-02,0.0,0.0,0.0,0.0,0.0,0.0,0.0
2010-12-03,-0.0,0.0,0.0,0.0,0.0,0.0,0.0
2010-12-06,-0.0,0.0,0.0,0.0,0.0,0.0,0.0
2010-12-07,0.0,0.0,-0.0,-0.0,-0.0,0.0,0.0
2010-12-08,0.0,0.0,0.0,-0.0,0.0,-0.0,0.0
2010-12-09,0.0,0.0,0.0,0.0,0.0,0.0,0.0
2010-12-10,0.0,0.0,0.0,0.0,0.0,0.0,0.0
2010-12-13,0.0,0.0,0.0,0.0,0.0,0.0,0.0
2010-12-14,0.0,0.0,-0.0,0.0,0.0,0.0,0.0
2010-12-15,0.0,-0.0,-0.0,-0.0,0.0,-0.0,-0.0
2010-12-16,0.0,0.0,-0.0,-0.0,0.0,0.0,0.0
2010-12-17,0.0,-0.0,-0.0,0.0,0.0,-0.0,-0.0
2010-12-20,0.0,0.0,0.0,0.0,0.0,0.0,0.0
2010-12-21,0.0,0.0,0.0,0.0,0.0,0.0,0.0
2010-12-22,0.0,0.0,0.0,-0.0,0.0,0.0,0.0
2010-12-23,0.0,0.0,0.0,0.0,0.0,0.0,0.0
2010-12-27,-0.0,-0.0,0.0,0.0,-0.0,-0.0,0.0
2010-12-28,0.0,0.0,-0.0,0.0,0.0,0.0,0.0
2010-12-29,0.0,0.0,0.0,0.0,0.0,0.0,0.0
2010-12-30,0.0,0.0,-0.0,-0.0,0.0,-0.0,-0.0
2010-12-31,0.0,-0.0,0.0,0.0,0.0,0.0,0.0
2011-01-03,0.0,0.0,0.0,-0.0,0.0,0.0,0.0
2011-01-04,-0.0,0.0,0.0,-0.0,-0.0,-0.0,0.0
2011-01-05,0.0,-0.0,0.0,-0.0,0.0,0.0,-0.0
2011-01-06,0.0,0.0,0.0,-0.0,-0.0,-0.0,0.0
2011-01-07,-0.0,0.0,-0.0,0.0,0.0,0.0,0.0
2011-01-10,0.0,-0.0,-0.0,0.0,0.0,0.0,0.0
2011-01-11,0.0,0.0,0.0,0.0,0.0,0.0,0.0
2011-01-12,0.0,0.0,0.0,0.0,0.0,0.0,0.0
2011-01-13,0.0,0.0,0.0,-0.0,-0.0,0.0,0.0
2011-01-14,-0.0,0.0,0.0,-0.0,0.0,0.0,0.0
2011-01-18,0.0,0.0,0.0,0.0,0.0,0.0,0.0
2011-01-19,-0.0,-0.0,-0.0,0.0,-0.0,-0.0,-0.0
2011-01-20,0.0,-0.0,0.0,-0.0,-0.0,-0.0,-0.0
2011-01-21,-0.0,0.0,-0.0,-0.0,0.0,0.0,0.0
2011-01-24,0.0,0.0,0.0,-0.0,0.0,0.0,0.0
2011-01-25,-0.0,0.0,0.0,-0.0,-0.0,-0.0,0.0
2011-01-26,0.0,0.0,-0.0,0.0,0.0,0.0,0.0
2011-01-27,-0.0,0.0,-0.0,-0.0,-0.0,-0.0,0.0
2011-01-28,-0.0,-0.0,-0.0,0.0,0.0,-0.0,-0.0
2011-01-31,0.0,0.0,0.0,-0.0,0.0,0.0,0.0
2011-02-01,0.0,0.0,0.0,0.0,0.0,0.0,0.0
2011-02-02,-0.0,0.0,0.0,-0.0,0.0,0.0,0.0
2011-02-03,-0.0,0.0,0.0,0.0,0.0,0.0,0.0
2011-02-04,-0.0,-0.0,0.0,-0.0,-0.0,0.0,0.0
2011-02-07,-0.0,0.0,0.0,0.0,0.0,0.0,0.0
2011-02-08,0.0,0.0,0.0,0.0,-0.0,0.0,0.0
2011-02-09,0.0,-0.0,-0.0,-0.0,-0.0,-0.0,0.0
2011-02-10,0.0,0.0,0.0,-0.0,0.0,0.0,-0.0
2011-02-11,0.0,-0.0,0.0,-0.0,-0.0,0.0,0.0
2011-02-14,-0.0,0.0,0.0,0.0,0.0,0.0,0.0
2011-02-15,0.0,-0.0,0.0,0.0,-0.0,-0.0,-0.0
2011-02-16,0.0,0.0,0.0,0.0,0.0,0.0,0.0
2011-02-17,0.0,0.0,0.0,0.0,0.0,0.0,0.0
2011-02-18,0.0,0.0,-0.0,0.0,0.0,0.0,0.0
2011-02-22,-0.0,0.0,-0.0,0.0,0.0,-0.0,-0.0
2011-02-23,0.0,0.0,-0.0,0.0,0.0,0.0,0.0
2011-02-24,0.0,-0.0,0.0,-0.0,-0.0,0.0,-0.0
2011-02-25,0.0,0.0,0.0,0.0,0.0,0.0,0.0
2011-02-28,-0.0,0.0,-0.0,0.0,0.0,0.0,0.0
2011-03-01,0.0,-0.0,-0.0,0.0,0.0,-0.0,-0.0
2011-03-02,0.0,0.0,0.0,-0.0,0.0,0.0,0.0
2011-03-03,0.0,0.0,0.0,-0.0,0.0,0.0,0.0
2011-03-04,-0.0,-0.0,-0.0,0.0,0.0,0.0,-0.0
2011-03-07,0.0,-0.0,-0.0,0.0,0.0,-0.0,-0.0
2011-03-08,0.0,0.0,0.0,-0.0,-0.0,0.0,0.0
2011-03-09,0.0,-0.0,-0.0,0.0,-0.0,-0.0,0.0
2011-03-10,-0.0,-0.0,-0.0,-0.0,-0.0,-0.0,-0.0
2011-03-11,0.0,0.0,0.0,0.0,0.0,0.0,0.0
2011-03-14,-0.0,0.0,0.0,0.0,0.0,-0.0,-0.0
2011-03-15,-0.0,0.0,-0.0,-0.0,-0.0,-0.0,-0.0
2011-03-16,-0.0,-0.0,-0.0,-0.0,0.0,-0.0,-0.0
2011-03-17,0.0,0.0,0.0,0.0,0.0,0.0,0.0
2011-03-18,0.0,0.0,-0.0,0.0,0.0,0.0,0.0
2011-03-21,0.0,0.0,0.0,0.0,0.0,0.0,0.0
2011-03-22,-0.0,0.0,-0.0,0.0,0.0,0.0,-0.0
2011-03-23,0.0,0.0,0.0,0.0,0.0,0.0,-0.0
2011-03-24,0.0,0.0,0.0,-0.0,0.0,0.0,0.0
2011-03-25,0.0,0.0,-0.0,0.0,0.0,0.0,-0.0
2011-03-28,0.0,-0.0,0.0,-0.0,-0.0,-0.0,-0.0
2011-03-29,0.0,0.0,-0.0,0.0,0.0,0.0,0.0
2011-03-30,0.0,0.0,0.0,0.0,0.0,0.0,0.0
2011-03-31,0.0,-0.0,-0.0,0.0,0.0,0.0,0.0
2011-04-01,0.0,0.0,0.0,-0.0,0.0,0.0,0.0
2011-04-04,0.0,0.0,0.0,0.0,0.0,0.0,0.0
2011-04-05,0.0,0.0,0.0,0.0,0.0,0.0,-0.0
2011-04-06,0.0,-0.0,0.0,0.0,0.0,0.0,0.0
2011-04-07,0.0,0.0,0.0,0.0,0.0,-0.0,-0.0
2011-04-08,-0.0,0.0,0.0,0.0,0.0,0.0,0.0
2011-04-11,0.0,-0.0,0.0,-0.0,-0.0,0.0,-0.0
2011-04-12,0.0,-0.0,-0.0,-0.0,-0.0,-0.0,0.0
2011-04-13,0.0,-0.0,0.0,0.0,0.0,0.0,0.0
2011-04-14,0.0,0.0,-0.0,0.0,0.0,0.0,0.0
2011-04-15,0.0,0.0,0.0,0.0,0.0,-0.0,-0.0
2011-04-18,0.0,-0.0,-0.0,0.0,-0.0,-0.0,-0.0
2011-04-19,-0.0,0.0,0.0,0.0,0.0,0.0,0.0
2011-04-20,0.0,0.0,0.0,0.0,0.0,0.0,0.0
2011-04-21,0.0,0.0,0.0,0.0,0.0,0.0,0.0
2011-04-25,-0.0,-0.0,-0.0,0.0,-0.0,0.0,0.0
2011-04-26,0.0,0.0,0.0,-0.0,0.0,0.0,0.0
2011-04-27,0.0,0.0,0.0,0.0,0.0,0.0,0.0
2011-04-28,0.0,-0.0,-0.0,0.0,-0.0,0.0,0.0
2011-04-29,0.0,0.0,0.0,0.0,0.0,-0.0,0.0
2011-05-02,0.0,-0.0,0.0,-0.0,-0.0,0.0,0.0
2011-05-03,0.0,-0.0,0.0,-0.0,-0.0,-0.0,0.0
2011-05-04,0.0,-0.0,0.0,0.0,-0.0,-0.0,-0.0
2011-05-05,-0.0,-0.0,-0.0,-0.0,-0.0,-0.0,-0.0
2011-05-06,0.0,0.0,0.0,0.0,0.0,0.0,0.0
2011-05-09,0.0,0.0,0.0,0.0,0.0,0.0,0.0
2011-05-10,0.0,0.0,0.0,0.0,0.0,0.0,0.0
2011-05-11,0.0,-0.0,-0.0,-0.0,-0.0,-0.0,-0.0
2011-05-12,0.0,0.0,0.0,0.0,-0.0,-0.0,0.0
2011-05-13,-0.0,-0.0,-0.0,-0.0,0.0,-0.0,-0.0
2011-05-16,0.0,-0.0,0.0,0.0,-0.0,-0.0,-0.0
2011-05-17,0.0,0.0,0.0,0.0,0.0,0.0,0.0
2011-05-18,0.0,0.0,-0.0,0.0,0.0,0.0,0.0
2011-05-19,0.0,0.0,0.0,0.0,0.0,0.0,0.0
2011-05-20,-0.0,-0.0,-0.0,0.0,0.0,-0.0,-0.0
2011-05-23,-0.0,-0.0,-0.0,0.0,-0.0,-0.0,-0.0
2011-05-24,-0.0,0.0,0.0,0.0,0.0,0.0,0.0
2011-05-25,-0.0,0.0,0.0,0.0,0.0,0.0,0.0
2011-05-26,-0.0,0.0,0.0,0.0,0.0,0.0,0.0
2011-05-27,-0.0,0.0,0.0,0.0,0.0,0.0,0.0
2011-05-31,0.0,0.0,0.0,0.0,0.0,0.0,0.0
2011-06-01,-0.0,-0.0,-0.0,0.0,-0.0,-0.0,-0.0
2011-06-02,-0.0,-0.0,0.0,-0.0,0.0,-0.0,0.0
2011-06-03,-0.0,-0.0,-0.0,0.0,0.0,-0.0,0.0
2011-06-06,-0.0,-0.0,-0.0,0.0,-0.0,-0.0,-0.0
2011-06-07,0.0,-0.0,0.0,-0.0,0.0,0.0,0.0
2011-06-08,0.0,0.0,-0.0,-0.0,0.0,-0.0,-0.0
2011-06-09,0.0,0.0,0.0,0.0,0.0,0.0,0.0
2011-06-10,-0.0,-0.0,-0.0,-0.0,-0.0,-0.0,-0.0
2011-06-13,0.0,-0.0,0.0,-0.0,-0.0,0.0,0.0
2011-06-14,0.0,0.0,0.0,0.0,0.0,0.0,0.0
2011-06-15,-0.0,-0.0,-0.0,0.0,-0.0,-0.0,-0.0
2011-06-16,0.0,0.0,0.0,-0.0,0.0,-0.0,-0.0
2011-06-17,0.0,-0.0,-0.0,0.0,-0.0,0.0,0.0
2011-06-20,0.0,0.0,0.0,0.0,0.0,0.0,0.0
2011-06-21,0.0,0.0,0.0,0.0,0.0,0.0,0.0
2011-06-22,0.0,-0.0,-0.0,0.0,0.0,-0.0,-0.0
2011-06-23,-0.0,-0.0,0.0,-0.0,-0.0,-0.0,-0.0
2011-06-24,0.0,-0.0,0.0,-0.0,-0.0,-0.0,0.0
2011-06-27,0.0,0.0,0.0,-0.0,0.0,0.0,0.0
2011-06-28,0.0,0.0,0.0,0.0,0.0,0.0,0.0
2011-06-29,0.0,0.0,0.0,0.0,0.0,0.0,0.0
2011-06-30,0.0,0.0,-0.0,0.0,0.0,0.0,0.0
2011-07-01,0.0,0.0,0.0,-0.0,0.0,0.0,0.0
2011-07-05,0.0,0.0,0.0,0.0,0.0,0.0,0.0
2011-07-06,0.0,-0.0,-0.0,0.0,-0.0,-0.0,0.0
2011-07-07,0.0,0.0,0.0,0.0,0.0,0.0,0.0
2011-07-08,-0.0,0.0,-0.0,0.0,-0.0,-0.0,-0.0
2011-07-11,-0.0,-0.0,-0.0,0.0,-0.0,-0.0,-0.0
2011-07-12,-0.0,-0.0,-0.0,0.0,0.0,0.0,0.0
2011-07-13,0.0,0.0,0.0,0.0,0.0,0.0,0.0
2011-07-14,-0.0,-0.0,-0.0,0.0,-0.0,-0.0,-0.0
2011-07-15,-0.0,0.0,0.0,0.0,0.0,0.0,0.0
2011-07-18,-0.0,0.0,0.0,0.0,-0.0,-0.0,-0.0
2011-07-19,0.0,0.0,0.0,-0.0,0.0,0.0,0.0
2011-07-20,-0.0,-0.0,-0.0,0.0,0.0,0.0,0.0
2011-07-21,0.0,0.0,0.0,-0.0,0.0,0.0,0.0
2011-07-22,0.0,0.0,0.0,0.0,0.0,0.0,0.0
2011-07-25,-0.0,-0.0,0.0,0.0,-0.0,-0.0,0.0
2011-07-26,-0.0,-0.0,0.0,0.0,0.0,0.0,0.0
2011-07-27,-0.0,-0.0,-0.0,-0.0,-0.0,-0.0,-0.0
2011-07-28,0.0,-0.0,0.0,0.0,-0.0,-0.0,-0.0
2011-07-29,0.0,-0.0,-0.0,0.0,-0.0,-0.0,0.0
2011-08-01,-0.0,0.0,0.0,0.0,-0.0,0.0,-0.0
2011-08-02,-0.0,-0.0,-0.0,0.0,-0.0,-0.0,-0.0
2011-08-03,0.0,-0.0,0.0,0.0,-0.0,0.0,0.0
2011-08-04,-0.0,-0.0,-0.0,-0.0,-0.0,-0.0,-0.0
2011-08-05,0.0,0.0,0.0,0.0,0.0,-0.0,0.0
2011-08-08,-0.0,-0.0,-0.0,0.0,-0.0,-0.0,-0.0
2011-08-09,0.0,0.0,0.0,0.0,0.0,0.0,0.0
2011-08-10,-0.0,-0.0,-0.0,0.0,0.0,-0.0,-0.0
2011-08-11,0.0,0.0,0.0,0.0,0.0,0.0,0.0
2011-08-12,0.0,0.0,0.0,-0.0,0.0,0.0,0.0
2011-08-15,0.0,0.0,0.0,0.0,0.0,0.0,0.0
2011-08-16,0.0,-0.0,0.0,0.0,-0.0,-0.0,-0.0
2011-08-17,0.0,0.0,-0.0,0.0,0.0,0.0,0.0
2011-08-18,-0.0,-0.0,-0.0,0.0,-0.0,-0.0,-0.0
2011-08-19,-0.0,0.0,-0.0,0.0,0.0,-0.0,-0.0
2011-08-22,0.0,0.0,0.0,0.0,0.0,0.0,0.0
2011-08-23,0.0,0.0,0.0,-0.0,0.0,0.0,0.0
2011-08-24,0.0,0.0,0.0,-0.0,0.0,0.0,0.0
2011-08-25,-0.0,-0.0,-0.0,0.0,-0.0,-0.0,-0.0
2011-08-26,0.0,0.0,0.0,0.0,0.0,0.0,0.0
2011-08-29,0.0,0.0,0.0,-0.0,0.0,0.0,0.0
2011-08-30,0.0,-0.0,0.0,0.0,0.0,0.0,-0.0
2011-08-31,0.0,0.0,-0.0,-0.0,0.0,0.0,0.0
2011-09-01,0.0,-0.0,0.0,0.0,-0.0,-0.0,-0.0
2011-09-02,-0.0,-0.0,-0.0,0.0,-0.0,-0.0,-0.0
2011-09-06,-0.0,-0.0,0.0,0.0,-0.0,-0.0,-0.0
2011-09-07,0.0,0.0,0.0,0.0,0.0,0.0,0.0
2011-09-08,0.0,-0.0,-0.0,0.0,-0.0,-0.0,-0.0
2011-09-09,-0.0,-0.0,-0.0,-0.0,-0.0,-0.0,-0.0
2011-09-12,0.0,0.0,0.0,-0.0,0.0,-0.0,0.0
2011-09-13,0.0,0.0,0.0,0.0,0.0,0.0,0.0
2011-09-14,0.0,0.0,0.0,-0.0,0.0,0.0,0.0
2011-09-15,0.0,0.0,0.0,-0.0,0.0,0.0,0.0
2011-09-16,0.0,0.0,0.0,0.0,-0.0,0.0,0.0
2011-09-19,-0.0,-0.0,0.0,-0.0,-0.0,-0.0,-0.0
2011-09-20,0.0,0.0,0.0,0.0,0.0,-0.0,0.0
2011-09-21,0.0,-0.0,-0.0,-0.0,-0.0,-0.0,-0.0
2011-09-22,0.0,-0.0,-0.0,-0.0,-0.0,-0.0,-0.0
2011-09-23,-0.0,0.0,0.0,-0.0,-0.0,0.0,0.0
2011-09-26,0.0,0.0,0.0,0.0,0.0,0.0,0.0
2011-09-27,0.0,0.0,0.0,0.0,0.0,0.0,0.0
2011-09-28,-0.0,-0.0,-0.0,-0.0,-0.0,-0.0,0.0
2011-09-29,0.0,0.0,0.0,0.0,0.0,0.0,0.0
2011-09-30,-0.0,-0.0,-0.0,0.0,-0.0,-0.0,-0.0
2011-10-03,-0.0,-0.0,-0.0,0.0,-0.0,-0.0,-0.0
2011-10-04,0.0,0.0,0.0,-0.0,0.0,0.0,0.0
2011-10-05,0.0,0.0,0.0,0.0,0.0,0.0,0.0
2011-10-06,0.0,-0.0,0.0,0.0,0.0,0.0,0.0
2011-10-07,0.0,-0.0,-0.0,-0.0,0.0,0.0,-0.0
2011-10-10,0.0,0.0,0.0,0.0,0.0,0.0,0.0
2011-10-11,-0.0,-0.0,0.0,0.0,0.0,-0.0,0.0
2011-10-12,0.0,0.0,0.0,0.0,0.0,0.0,0.0
2011-10-13,-0.0,0.0,0.0,-0.0,-0.0,0.0,0.0
2011-10-14,0.0,0.0,0.0,0.0,0.0,0.0,0.0
2011-10-17,-0.0,-0.0,-0.0,-0.0,-0.0,-0.0,-0.0
2011-10-18,0.0,0.0,0.0,0.0,0.0,0.0,0.0
2011-10-19,0.0,-0.0,-0.0,-0.0,-0.0,-0.0,-0.0
2011-10-20,0.0,0.0,0.0,-0.0,0.0,0.0,-0.0
2011-10-21,0.0,0.0,0.0,0.0,0.0,0.0,0.0
2011-10-24,-0.0,0.0,0.0,0.0,0.0,0.0,0.0
2011-10-25,-0.0,-0.0,-0.0,0.0,0.0,-0.0,-0.0
2011-10-26,0.0,0.0,0.0,0.0,0.0,0.0,0.0
2011-10-27,0.0,0.0,0.0,0.0,0.0,0.0,0.0
2011-10-28,0.0,0.0,0.0,0.0,0.0,0.0,0.0
2011-10-31,-0.0,-0.0,-0.0,-0.0,-0.0,-0.0,-0.0
2011-11-01,-0.0,-0.0,-0.0,0.0,-0.0,-0.0,-0.0
2011-11-02,0.0,0.0,0.0,0.0,0.0,0.0,0.0
2011-11-03,0.0,0.0,0.0,0.0,0.0,0.0,0.0
2011-11-04,-0.0,0.0,-0.0,-0.0,0.0,-0.0,-0.0
2011-11-07,0.0,0.0,0.0,0.0,0.0,0.0,0.0
2011-11-08,0.0,0.0,0.0,-0.0,0.0,0.0,0.0
2011-11-09,-0.0,-0.0,-0.0,-0.0,-0.0,-0.0,-0.0
2011-11-10,0.0,0.0,0.0,-0.0,0.0,0.0,0.0
2011-11-11,0.0,0.0,0.0,0.0,0.0,0.0,0.0
2011-11-14,-0.0,-0.0,-0.0,-0.0,-0.0,-0.0,-0.0
2011-11-15,0.0,0.0,0.0,0.0,0.0,0.0,0.0
2011-11-16,0.0,-0.0,-0.0,-0.0,0.0,-0.0,-0.0
2011-11-17,-0.0,-0.0,-0.0,-0.0,-0.0,-0.0,0.0
2011-11-18,0.0,0.0,0.0,0.0,-0.0,0.0,0.0
2011-11-21,-0.0,-0.0,0.0,-0.0,-0.0,-0.0,-0.0
2011-11-22,0.0,0.0,0.0,0.0,0.0,0.0,0.0
2011-11-23,-0.0,-0.0,-0.0,-0.0,-0.0,-0.0,-0.0
2011-11-25,0.0,-0.0,-0.0,-0.0,0.0,-0.0,0.0
2011-11-28,0.0,0.0,0.0,0.0,0.0,0.0,0.0
2011-11-29,0.0,0.0,-0.0,0.0,0.0,0.0,0.0
2011-11-30,0.0,0.0,0.0,0.0,0.0,0.0,0.0
2011-12-01,0.0,-0.0,0.0,-0.0,-0.0,-0.0,-0.0
2011-12-02,0.0,0.0,-0.0,0.0,0.0,0.0,0.0
2011-12-05,0.0,0.0,-0.0,-0.0,0.0,0.0,0.0
2011-12-06,0.0,0.0,-0.0,0.0,-0.0,0.0,-0.0
2011-12-07,0.0,0.0,0.0,0.0,-0.0,0.0,0.0
2011-12-08,-0.0,-0.0,-0.0,-0.0,-0.0,-0.0,-0.0
2011-12-09,0.0,0.0,0.0,0.0,0.0,0.0,0.0
2011-12-12,-0.0,-0.0,-0.0,-0.0,-0.0,-0.0,-0.0
2011-12-13,-0.0,0.0,-0.0,-0.0,0.0,-0.0,-0.0
2011-12-14,-0.0,-0.0,0.0,-0.0,-0.0,-0.0,-0.0
2011-12-15,0.0,0.0,-0.0,-0.0,-0.0,0.0,0.0
2011-12-16,0.0,0.0,0.0,0.0,0.0,0.0,-0.0
2011-12-19,-0.0,-0.0,0.0,-0.0,-0.0,-0.0,-0.0
2011-12-20,0.0,0.0,0.0,0.0,0.0,0.0,0.0
2011-12-21,0.0,0.0,0.0,0.0,0.0,0.0,-0.0
2011-12-22,0.0,0.0,-0.0,-0.0,0.0,0.0,0.0
2011-12-23,0.0,0.0,0.0,0.0,0.0,0.0,0.0
2011-12-27,-0.0,0.0,-0.0,-0.0,0.004989518368535361,4.929533763220496e-05,0.0
2011-12-28,-0.0,-0.0,-0.0,-0.0,0.000513091918883955,-0.0045009983353383265,-0.0
2011-12-29,0.0,0.0,0.0,0.0,-0.004364727842063463,0.0009512837630834743,0.0
2011-12-30,-0.0,-0.0,-0.0,0.0,-0.0036602416596516196,-0.001,0.0
2012-01-03,0.0,0.0,0.0,0.0,-0.001,0.0,0.0
2012-01-04,0.0,0.0,-0.0,0.0,0.0,0.0,-0.0
2012-01-05,-0.0,-0.0,0.0,0.0,-0.0,-0.0,-0.0
2012-01-06,-0.0,-0.0,-0.0,-0.0,0.0,-0.0,-0.0
2012-01-09,0.0,0.0,0.0,0.0,0.0,0.0,0.0
2012-01-10,0.0,0.0,0.0,0.0,0.0,0.0,0.0
2012-01-11,-0.0,-0.0,-0.0,0.0,0.0003627770909701456,0.0,0.0
2012-01-12,-0.0,-0.0,0.0,0.0,0.009954513225946105,0.0,0.0
2012-01-13,-0.0,0.0,-0.0,-0.0,-0.0035711998634520934,-0.0,0.0
2012-01-17,0.0,0.0,0.0,0.0,-0.007458320569849972,0.0,0.0
2012-01-18,0.0,0.0,0.0,0.0,0.005674873827699055,0.0,0.0
2012-01-19,0.0,0.0,0.0,-0.0,0.003763792364863446,0.0,0.0
2012-01-20,0.0,0.0,-0.0,0.0,0.014491791186274606,0.0,0.0
2012-01-23,0.0,0.0,-0.0,0.0,-0.006877098166991722,0.0,0.0
2012-01-24,0.0,-0.0,0.0,-0.0,0.0034963159115917177,-0.0,-0.0
2012-01-25,0.0,0.0,0.0,0.0,0.0006649918616598749,0.0,0.0
2012-01-26,-0.0,-0.0,0.0,0.0,-0.005595265435392771,0.0,0.0
2012-01-27,-0.0,-0.0,0.0,0.0,0.00029102376952860486,0.0,0.0
2012-01-30,0.0,-0.0,0.0,-0.0,0.002799421562441288,-0.0,-0.0
2012-01-31,0.0,-0.0,0.0,0.0,0.0006132619345905527,0.0,0.0
2012-02-01,0.0,0.0,0.0,0.0,0.008654567844401155,0.0,0.0
2012-02-02,0.0,0.0,0.0,0.0,0.007018232498445987,0.0,0.0
2012-02-03,0.0,0.0,0.0,-0.0,-0.0008564085741050032,0.0,0.0
2012-02-06,-0.0,0.0,0.0,-0.0,0.00883290558382641,-0.0,-0.0
2012-02-07,0.0,0.0,0.0,0.0,-0.008249358171368766,-0.0,0.0
2012-02-08,-0.0,-0.0,0.0,-0.0,-0.0027835002741880056,0.0,0.0
2012-02-09,-0.0,-0.0,0.0,-0.0,-0.004659715229416733,-0.0,0.0
2012-02-10,-0.0,-0.0,0.0,-0.0,0.0010859579993994456,-0.0,-0.0
2012-02-13,0.0,0.0,0.0,0.0,-0.007802121382806143,0.0,0.0
2012-02-14,0.0,0.0,0.0,-0.0,-0.0017281855472123303,-0.0,-0.0
2012-02-15,-0.0,-0.0,0.0,0.0,-0.006033588831965372,0.0,0.0
2012-02-16,0.0,0.0,0.0,0.0,0.0034273534545052942,0.0,0.0
2012-02-17,0.0,0.0,0.0,-0.0,-0.005935826101045573,-0.0,0.0
2012-02-21,0.0,0.0,0.0,0.0,-0.010240156945242202,0.0,0.0
2012-02-22,0.0,0.0,0.0,0.0,0.0006925809602644094,0.0,0.0
2012-02-23,0.0,0.0,0.0,0.0,-0.009903370064397928,0.0,0.0
2012-02-24,0.0,0.0,0.0,-0.0,-0.008015044284978557,0.0,0.0
2012-02-27,0.0,0.0,0.0,-0.0,0.010911397810989244,0.0,-0.0
2012-02-28,0.0,-0.0,0.0,0.0,-0.001,0.0,0.0
2012-02-29,0.0,-0.0,-0.0,-0.0,0.0,-0.0,-0.0
2012-03-01,-0.0,0.0,0.0,0.0,0.0,0.0,0.0
2012-03-02,-0.0,-0.0,-0.0,-0.0,-0.0,-0.0,-0.0
2012-03-05,0.0,0.0,0.0,-0.0,0.0,-0.0,-0.0
2012-03-06,-0.0,-0.0,-0.0,-0.0,-0.0,-0.0,-0.0
2012-03-07,0.0,0.0,0.0,0.0,0.0,0.0,0.0
2012-03-08,0.0,0.0,0.0,0.0,0.0,0.0,0.0
2012-03-09,0.0,-0.0,0.0,0.0,0.0,0.0,0.0
2012-03-12,0.0,0.0,0.0,-0.0,-0.0,-0.0,0.0
2012-03-13,0.0,0.0,0.0,-0.0,0.0,0.0,0.0
2012-03-14,-0.0,-0.0,-0.0,-0.0,-0.0,-0.0,0.0
2012-03-15,0.0,0.0,0.0,0.0,0.0,0.0,0.0
2012-03-16,0.0,0.0,0.0,0.0,0.0,0.0,0.0
2012-03-19,0.0,0.0,0.0,0.0,0.0,0.0,0.0
2012-03-20,0.0,-0.0,-0.0,0.0,-0.0,-0.0,-0.0
2012-03-21,0.0,-0.0,0.0,0.0,0.0,0.0,-0.0
2012-03-22,0.0,-0.0,0.0,-0.0,-0.0,-0.0,0.0
2012-03-23,0.0,0.0,0.0,0.0,0.0,0.0,0.0
2012-03-26,0.0,0.0,0.0,0.0,0.0,0.0,0.0
2012-03-27,0.0,-0.0,-0.0,-0.0,-0.0,-0.0,0.0
2012-03-28,0.0,-0.0,-0.0,-0.0,-0.0,0.0,0.0
2012-03-29,0.0,0.0,0.0,0.0,0.0,0.0,-0.0
2012-03-30,0.0,0.0,-0.0,0.0,0.0,0.0,0.0
2012-04-02,0.0,0.0,0.0,0.0,0.0,0.0,0.0
2012-04-03,-0.0,-0.0,0.0,-0.0,-0.0,-0.0,-0.0
2012-04-04,-0.0,-0.0,-0.0,-0.0,-0.0,-0.0,-0.0
2012-04-05,0.0,-0.0,0.0,0.0,0.0,-0.006945355169932721,0.0
2012-04-09,-0.0,-0.0,-0.0,0.0,-0.0,-2.360640905452428e-05,-0.0
2012-04-10,-0.0,-0.0,-0.0,0.0,-0.0,-0.00018655037382341364,-0.0
2012-04-11,0.0,0.0,0.0,-0.0,0.0,-0.0016379587257624561,0.0
2012-04-12,0.0,0.0,0.0,0.0,0.0,-0.001,0.0
2012-04-13,-0.0,-0.0,0.0,-0.0,-0.0,-0.0,-0.0
2012-04-16,0.0,0.0,-0.0,-0.0,0.0,0.0,0.0
2012-04-17,0.0,0.0,0.0,0.0,0.0,0.0,0.0
2012-04-18,0.0,0.0,-0.0,-0.0,-0.0,-0.0,-0.0
2012-04-19,-0.0,-0.0,0.0,0.0,-0.0,0.0,-0.0
2012-04-20,0.0,0.0,0.0,0.0,0.0,0.0,0.0
2012-04-23,-0.0,0.0,-0.0,-0.0,-0.0,-0.0,-0.0
2012-04-24,0.0,0.0,0.0,0.0,0.0,0.0,0.0
2012-04-25,0.0,0.0,0.0,0.0,0.0,0.0,0.0
2012-04-26,0.0,0.0,0.0,0.0,0.0,0.0,0.0
2012-04-27,0.0,0.0,0.0,0.0,0.0,0.0,0.0
2012-04-30,-0.0,0.0,-0.0,0.0,0.0,-0.0,-0.0
2012-05-01,0.0,0.0,0.0,0.0,0.0,0.0,0.0
2012-05-02,0.0,-0.0,-0.0,-0.0,-0.0,-0.0,-0.0
2012-05-03,-0.00014459528438629744,-0.0,-0.0,-0.0,-0.0,-0.0,-0.0
2012-05-04,0.0061379584381549635,-0.0,0.0,0.0,-0.0,-0.0,-0.0
2012-05-07,-0.001,-0.0,-0.007846348767657082,-0.0,-0.0,0.0,0.0
2012-05-08,-0.0,-0.0,-0.00162693836113805,-0.0,-0.0,-0.0,-0.0
2012-05-09,-0.0,-0.0,-0.003278786868535519,0.0,-0.0,-0.0,-0.0
2012-05-10,0.0,0.0,-0.004035108443616662,0.0,0.0,0.0,0.0
2012-05-11,0.0,0.0,0.0008602701234449195,-0.0,-0.0,-0.0,0.0
2012-05-14,0.0,-0.0,-8.385566442312457e-05,-0.0,-0.0,-0.0,-0.0
2012-05-15,0.0,-0.0,0.0006097395140564576,-0.0,-0.0,-0.0,-0.0
2012-05-16,0.0,0.0,-0.01070538342467723,0.0,-0.0,-0.0,-0.0
2012-05-17,0.0,0.0,0.004559128610356114,0.0,-0.0,-0.0,0.0
2012-05-18,-0.0,-0.0,0.009757266690310781,0.0,-0.0,-0.0,-0.0
2012-05-21,0.0,0.0,-0.0062813710706993466,0.0,-0.002277411787910631,0.0,0.0
2012-05-22,0.0,-0.0,-0.009656357995666201,-0.0,-0.00822068479180808,-0.0,-0.0
2012-05-23,0.0,0.0,-0.00117695728570032,0.0,-0.007476677002655923,0.0,-0.0
2012-05-24,0.0,0.0,-0.0009685139528287069,0.0,0.0028338824232124046,-0.0,-0.0
2012-05-25,-0.0,-0.0,-0.002794373261965469,0.0,0.0017943208095167716,-0.0,0.0
2012-05-29,0.0,0.0,-0.0031801950413919756,-0.0,-0.008326487393419695,0.0,0.0
2012-05-30,-0.0,-0.0,0.011201242690570153,0.0,-0.0020390266168867554,-0.0,-0.0
2012-05-31,-0.0,0.0,0.008247369000428786,-0.0,-0.0017613426331203564,0.0,0.0
2012-06-01,-0.0,-0.0,0.003772743973004865,0.0,-0.0053147404747777875,-0.0,-0.0
2012-06-04,0.0,0.0,-0.0034072094697118467,0.0,0.005584521287672033,0.0,0.0
2012-06-05,-0.0,-0.0,0.008954489554516732,0.0,-0.004337372561237712,0.0,0.0
2012-06-06,0.0,0.0,-0.004239325302504041,0.0,-0.009529448147258097,0.0,0.0
2012-06-07,0.0,0.0,-0.0062260139208112925,-0.0,-0.00695458816408856,0.0,-0.0
2012-06-08,0.0,0.0,0.001961601365634872,0.0,0.0011501791619356653,-0.0,0.0
2012-06-11,-0.0,-0.0,-0.0010431597498612997,0.0,-0.010254262247216322,-0.0,-0.0
2012-06-12,0.0,0.0,-0.0012005180578891989,0.0,0.004446243361886369,0.0,0.0
2012-06-13,0.0,-0.0,0.005708066852829077,0.0,0.001356144124083838,-0.0,-0.0
2012-06-14,0.0,0.0,-0.0009793996072818465,0.0,0.00208052464768698,0.0,0.0
2012-06-15,0.0,0.0,-0.004210349641265947,0.0,-0.011234116863860773,0.0,0.0
2012-06-18,0.0,-0.0,-0.010204375068222256,0.0,-0.0003316082476702209,0.0,0.0
2012-06-19,-0.0,0.0,-0.00514763446242911,-0.0,-0.0016293448901889829,0.0,0.0
2012-06-20,-0.0,0.0,-0.005617728040344743,-0.0,-0.016624569233380744,-0.0,0.0
2012-06-21,-0.0,-0.0,0.010113504776135603,-0.0,0.003928871669073586,-0.0,-0.0
2012-06-22,0.0,0.0,-0.01801497995711013,0.0,0.0073690321952872475,0.0,0.0
2012-06-25,-0.0,-0.0,0.013722526862835496,0.0,0.006348781648341222,-0.0,-0.0
2012-06-26,0.0,0.0,-0.007069622902466998,-0.0,-0.0053090660864397584,0.0,0.0
2012-06-27,0.0,0.0,-0.001741885216501421,0.0,-0.004015093008841849,0.0,0.0
2012-06-28,0.0,0.0,0.00137176372549493,-0.0,-0.014966632908414351,-0.0,0.0
2012-06-29,0.0,0.0,-0.0038910827049906407,0.0,0.023874691493920894,0.0,0.0
2012-07-02,0.0,0.0,-0.00765479569588067,-0.0,-0.006469213939239522,0.0,0.0
2012-07-03,0.0,0.0,-0.001,0.0,0.011671041858592022,0.0,0.0
2012-07-05,-0.0,-0.0,0.0,-0.0,0.0017811342546750816,-0.0,-0.0
2012-07-06,0.0,-0.0,-0.0,-0.0,-0.009555464339077868,-0.0,-0.0
2012-07-09,-0.0,-0.0,-0.0,0.0,0.011354101491181039,-0.0,-0.0
2012-07-10,0.0,-0.0,-0.0,-0.0,-0.002140265837263838,-0.0,-0.0
2012-07-11,0.0,0.0,-0.0,0.0,0.005860602129890608,0.0,0.0
2012-07-12,-0.0,0.0,0.0,-0.0,-0.0003233484057058505,-0.0,-0.0
2012-07-13,0.0,0.0,0.0,0.0,-0.0014901958119428451,0.0,0.0
2012-07-16,-0.0,0.0,0.0,0.0,0.004980975228696915,0.0,0.0
2012-07-17,0.0,0.0,0.0,-0.0,-0.0024654291893483416,0.0,0.0
2012-07-18,0.0,0.0,0.0,-0.0,0.00018483158063521509,0.0,0.0
2012-07-19,0.0,0.0,-0.0,0.0,0.012389140835051913,0.0,0.0
2012-07-20,-0.0,0.0,0.0,0.0,-0.007485494105791934,-0.0,-0.0
2012-07-23,-0.0,-0.0,-0.0,-0.0,-0.001,-0.0,-0.0
2012-07-24,-0.0,-0.0,-0.0033308421794431635,0.0,0.0,-0.0,-0.0
2012-07-25,0.0,0.0,-0.004646186664960534,0.0,0.0,0.0,0.0
2012-07-26,0.0,0.0,0.009982093905230688,0.0,0.0,0.0,0.0
2012-07-27,0.0,0.0,-0.0020678048252676796,0.0,0.0,0.0,0.0
2012-07-30,0.0,0.0,-0.001,0.0,0.0,0.0,-0.0
2012-07-31,-0.0,-0.0,-0.0,-0.0,-0.0,0.005799618171481273,0.0
2012-08-01,0.0,0.0,-0.0,-0.0,0.0,0.0016812018955635964,-0.0
2012-08-02,-0.0,-0.0,0.0,-0.0,-0.0,0.0053048547180733025,-0.0
2012-08-03,0.0,0.0,0.0,0.0,0.0,-0.0038148939484145025,0.0
2012-08-06,-0.0,0.0,0.0,0.0,0.0,-0.001388127949241182,-0.005857434721094668
2012-08-07,-0.0,0.0,-0.0,0.0,0.0,-0.009213252834762707,-0.0070578480545710484
2012-08-08,0.0,0.0,0.0,0.0,0.0,0.0046893661597343875,0.00031277333561177694
2012-08-09,-0.0,0.0,0.0,0.0,0.0,-0.005110463871791514,-0.0029416717325551336
2012-08-10,-0.0,0.0,0.0,0.0,0.0,-0.002853111111764639,-0.00012562601084336204
2012-08-13,-0.0,-0.0,-0.0,-0.0,-0.0,0.00018574960660152875,0.0007104403658821918
2012-08-14,0.0,0.0,0.0,-0.0,0.0,-0.0033729008242432174,0.0017032892257212372
2012-08-15,0.0,0.0,-0.0,0.0,0.0,-0.00436714222977304,0.002375040750815764
2012-08-16,0.0,0.0,0.0,0.0,0.0,-0.0029767392496929065,-0.005474812668927548
2012-08-17,-0.0,-0.0,-0.0,0.0,0.0,-0.001,-0.0038278333596676673
2012-08-20,-0.0,-0.0,0.0,0.0,-0.0,0.0,0.001507029088858686
2012-08-21,-0.0,-0.0,-0.0,0.0,0.0,0.0,0.003182883800229923
2012-08-22,-0.0,0.0,0.0,0.0,0.0,0.0,0.0014022580415200988
2012-08-23,-0.0,-0.0,-0.0,0.0,-0.0,-0.0,-0.0030643351039319096
2012-08-24,0.0,0.0,0.0,0.0,0.0,0.0,-5.8669254543870414e-05
2012-08-27,0.0,-0.0,0.0,-0.0,0.0,-0.0,0.004425075882208001
2012-08-28,-0.0,0.0,0.0,0.0,0.0,0.0,0.007088957415995555
2012-08-29,-0.0,-0.0,0.0,-0.0,-0.0,-0.0,-0.0030305965974697343
2012-08-30,-0.0,-0.0,-0.0,-0.0,-0.0,-0.0,0.008017366988269846
2012-08-31,0.0,0.0,0.0,0.0,0.0,0.0,0.00296325216368396
2012-09-04,0.0,-0.0,0.0,0.0,-0.0,0.0,0.009068157062444572
2012-09-05,0.0,0.0,-0.0,0.0,0.0,-0.0,0.010663730851932151
2012-09-06,0.0,0.0,0.0,0.0,0.0,0.0,-0.0010162900978667063
2012-09-07,-0.0,0.0,0.0,0.0,0.0,0.0,-0.003335865005957144
2012-09-10,-0.0,-0.0,0.0,-0.0,-0.0,-0.0,-0.0026721815966107543
2012-09-11,0.0,0.0,0.0,0.0,0.0,0.0,0.002782010510859834
2012-09-12,0.0,0.0,0.0,0.0,0.0,0.0,-0.0054099684168816145
2012-09-13,0.0,0.0,0.0,0.0,0.0,0.0,-0.007881835434320054
2012-09-14,-0.0,0.0,-0.0,0.0,0.0,0.0,-0.0042807533376967724
2012-09-17,0.0,-0.0,-0.0,0.0,-0.0,-0.0,0.006071459751520343
2012-09-18,0.0,-0.0,-0.0,0.0,-0.0,-0.0,-0.00409135725746136
2012-09-19,0.0,-0.0,0.0,0.0,-0.0,0.0,-0.00021710911492788478
2012-09-20,0.0,0.0,0.0,-0.0,0.0,-0.0,0.006380315439312015
2012-09-21,-0.0,0.0,0.0,0.0,0.0,-0.0,-0.0019333844991914952
2012-09-24,0.0,-0.0,-0.0,-0.0,-0.0,-0.0,-0.0003081677112631806
2012-09-25,-0.0,-0.0,0.0,-0.0,-0.0,-0.0,-0.0031891162782789638
2012-09-26,0.0,-0.0,-0.0,0.0,-0.0,-0.0,0.00408319410648051
2012-09-27,0.0,0.0,0.0,0.0,0.0,0.0,-0.005576117662789084
2012-09-28,0.0,-0.0,0.0,-0.0,-0.0,-0.0,0.008846866109970515
2012-10-01,0.0,0.0,0.0,0.0,0.0,0.0,0.0043233716933042425
2012-10-02,-0.0,0.0,0.0,-0.0,0.0,0.0,0.005350580191761849
2012-10-03,0.0,-0.0,0.0,0.0,-0.0,-0.0,0.003123213131496669
2012-10-04,0.0,0.0,0.0,0.0,0.0,0.0,-0.005522235206620734
2012-10-05,0.0,0.0,0.0,-0.0,-0.0,-0.0,0.0018035893373378798
2012-10-08,0.0,0.0,-0.0,-0.0,0.0,0.0,0.00024071707458831628
2012-10-09,-0.0,-0.0,-0.0,-0.0,0.0,-0.0,0.006355072649088016
2012-10-10,-0.0,-0.0,0.0,0.0,-0.0,0.0,0.005191037990758389
2012-10-11,0.0,0.0,0.0,0.0,0.0,0.0,-0.0012957713081045662
2012-10-12,0.0,-0.0,0.0,-0.0,-0.0,-0.0,-0.0007052185398895607
2012-10-15,0.0,0.0,0.0,-0.0,0.0,0.0,-0.0025938060639402556
2012-10-16,-0.0,0.0,0.0,0.0,0.0,0.0,-0.004939223678410453
2012-10-17,-0.0,0.0,0.0,0.0,0.0,0.0,-0.001769321035491818
2012-10-18,0.0,0.0,-0.0,-0.0,-0.0,-0.0,-0.001
2012-10-19,-0.0,-0.0,-0.0,0.0,-0.0,-0.0,-0.0
2012-10-22,-0.0,0.0,-0.0,0.0,-0.0,0.0,0.0
2012-10-23,-0.0,-0.0,-0.0,-0.0,-0.0,-0.0,-0.0
2012-10-24,0.0,0.0,-0.0,-0.0,-0.0,0.0,0.0
2012-10-25,0.0,0.0,0.0,0.0,0.0,0.0,0.0
2012-10-26,0.0,0.0,0.0,-0.0,0.0,-0.0,0.0
2012-10-31,0.0,0.0,0.0,0.0,-0.0,0.0,0.0
2012-11-01,0.0,0.0,0.0,-0.0,0.0,0.0,0.0
2012-11-02,-0.0,-0.0,0.0,-0.0,-0.0,-0.0,-0.0
2012-11-05,-0.0,0.0,-0.0,0.0,0.0,0.0,0.0
2012-11-06,0.0,0.0,0.0,0.0,0.0,0.0,0.0
2012-11-07,-0.0,-0.0,-0.0,0.0,-0.0,-0.0,-0.0
2012-11-08,-0.0,-0.0,-0.0,0.0,0.0,-0.0,-0.0
2012-11-09,0.0,0.0,0.0,-0.0,0.0,0.0,0.0
2012-11-12,-0.0,0.0,0.0,-0.0,0.0,0.0,0.0
2012-11-13,0.0,-0.0,0.0,-0.0,-0.0,-0.0,0.0
2012-11-14,-0.0,-0.0,-0.0,0.0,0.0,-0.0,-0.0
2012-11-15,0.0,0.0,0.0,-0.0,0.0,-0.0,0.0
2012-11-16,0.0,0.0,0.0,0.0,0.0,0.0,0.0
2012-11-19,0.0,0.0,0.0,0.0,0.0,0.0,0.0
2012-11-20,0.0,-0.0,0.0,-0.0,-0.0,-0.0,0.0
2012-11-21,0.0,0.0,0.0,0.0,0.0,0.0,0.0
2012-11-23,0.0,0.0,0.0,0.0,0.0,0.0,0.0
2012-11-26,-0.0,-0.0,-0.0,0.0,-0.0,-0.0,0.0
2012-11-27,0.0,-0.0,-0.0,-0.0,-0.0,0.0,-0.0
2012-11-28,0.0,0.0,0.0,0.0,0.0,0.0,0.0
2012-11-29,0.0,0.0,0.0,0.0,0.0,0.0,0.0
2012-11-30,-0.0,0.0,0.0,-0.0,0.0,0.0,0.0
2012-12-03,-0.0,-0.0,-0.0,0.0,0.0,0.0,0.0
2012-12-04,-0.0,-0.0,-0.0,0.0,-0.0,0.0,0.0
2012-12-05,0.0,0.0,0.0,-0.0,0.0,0.0,0.0
2012-12-06,0.0,0.0,0.0,0.0,0.0,0.0,0.0
2012-12-07,0.0,0.0,0.0,0.0,0.0,0.0,0.0
2012-12-10,-0.0013750178567216733,-0.0,0.0,0.0,-0.0,0.0,0.0
2012-12-11,-0.0009999999999999998,0.0,0.0,-0.0,0.0,0.0,0.0
2012-12-12,-0.0,0.0,0.0,0.0,0.0,0.0,0.0
2012-12-13,-0.0,-0.0,0.0,-0.0,-0.0,-0.0,-0.0
2012-12-14,6.387696911370401e-05,-0.0,-0.0,0.0,0.0,0.0,0.0
2012-12-17,-0.00354833207524348,0.0,0.0,0.0,0.0,0.0,0.0
2012-12-18,-0.001,0.0,0.0,-0.0,0.0,0.0,0.0
2012-12-19,-0.0018179432144180647,-0.0,-0.0,-0.0,0.0,0.0,0.0
2012-12-20,0.0013906921743822094,0.0,0.0,-0.0,0.0,0.0,0.0
2012-12-21,-0.001,-0.0,-0.0,0.0,-0.0,-0.0,-0.0
2012-12-24,-0.0,-0.0,0.0,0.0,-0.0,-0.0,0.0
2012-12-26,-0.0,0.0,-0.0,0.0,0.0,-0.0,0.0
2012-12-27,0.0,0.0,0.0,0.0,0.0,0.0,0.0
2012-12-28,-0.0,-0.0,-0.0,-0.0,-0.0,-0.0,-0.0
2012-12-31,0.0,0.0,0.0,0.0,0.0,0.0,0.0
2013-01-02,0.0,0.0,0.0,0.0,0.0,0.0,0.0
2013-01-03,0.0,-0.0,0.0,-0.0,-0.0,-0.0,-0.0
2013-01-04,0.0,0.0,0.0,0.0,0.0,0.0,0.0
2013-01-07,-0.0,-0.0,0.0,-0.0,0.0,-0.0,-0.0
2013-01-08,0.0,0.0,0.0,0.0,0.0,-0.0,-0.0
2013-01-09,0.0,0.0,0.0,-0.0,-0.0,0.0,0.0
2013-01-10,0.0,0.0,-0.0,0.0,0.0,0.0,0.0
2013-01-11,0.0,0.0,0.0,-0.0,0.0,0.0,0.0
2013-01-14,0.0,0.0,-0.0,0.0,0.0,0.0,0.0
2013-01-15,0.0,0.0,-0.0,0.0,0.0,0.0,-0.0
2013-01-16,0.0,0.0,-0.0,0.0,0.0,0.0,-0.0
2013-01-17,0.0,0.0,0.0,0.0,0.0,0.0,0.0
2013-01-18,0.0,0.0,-0.0,0.0,0.0,0.0,0.0
2013-01-22,-0.0,0.0,0.0,0.0,0.0,0.0,-0.0
2013-01-23,0.0,-0.0,0.0,-0.0,-0.0,0.0,-0.0
2013-01-24,0.0,0.0,0.0,-0.0,0.0,-0.0,0.0
2013-01-25,0.0,0.0,0.0,-0.0,0.0,0.0,0.0
2013-01-28,0.0,-0.0,-0.0,-0.0,0.0,0.0,-0.0
2013-01-29,0.0,0.0,0.0,0.0,0.0,0.0,0.0
2013-01-30,0.0,-0.0,-0.0,0.0,0.0,-0.0,0.0
2013-01-31,-0.0,-0.0,0.0,-0.0,-0.0,0.0,0.0
2013-02-01,0.0,0.0,0.0,0.0,0.0,0.0,0.0
2013-02-04,-0.0,-0.0,-0.0,0.0,-0.0,-0.0,0.0
2013-02-05,0.0,0.0,0.0,-0.0,0.0,0.0,0.0
2013-02-06,0.0,0.0,0.0,0.0,0.0,0.0,0.0
2013-02-07,0.0,-0.0,-0.0,0.0,-0.0,-0.0,0.0
2013-02-08,-0.0,0.0,0.0,-0.0,0.0,0.0,0.0
2013-02-11,-0.0,0.0,-0.0,-0.0,0.0,-0.0,0.0
2013-02-12,-0.0,0.0,0.0,0.0,0.0,0.0,0.0
2013-02-13,-0.0,0.0,-0.0,-0.0,0.0,0.0,0.0
2013-02-14,0.0,0.0,0.0,0.0,0.0,0.0,-0.0
2013-02-15,0.0,-0.0,0.0,-0.0,-0.0,-0.0,-0.0
2013-02-19,0.0,0.0,-0.0,-0.0,0.0,0.0,0.0
2013-02-20,0.0,-0.0,-0.0,-0.0,-0.0,-0.0,0.0
2013-02-21,-0.0,0.0,0.0,0.0,-0.0,-0.0,-0.0
2013-02-22,0.0,0.0,0.0,0.0,0.0,0.0,0.0
2013-02-25,-0.0,-0.0,-0.0,0.0,-0.0,-0.0,-0.0
2013-02-26,0.0,0.0,0.0,0.0,0.0,0.0,0.0
2013-02-27,0.0,0.0,0.0,-0.0,0.0,0.0,0.0
2013-02-28,0.0,0.0,0.0,-0.0,-0.0,-0.0,0.0
2013-03-01,0.0,-0.0,0.0,-0.0,0.0,0.0,0.0
2013-03-04,0.0,0.0,0.0,-0.0,-0.0,-0.0,0.0
2013-03-05,0.0,0.0,0.0,0.0,0.0,0.0,0.0
2013-03-06,0.0,0.0,0.0,0.0,0.0,0.0,0.0
2013-03-07,0.0,0.0,-0.0,-0.0,0.0,0.0,0.0
2013-03-08,0.0,0.0,0.0,0.0,0.0,0.0,0.0
2013-03-11,0.0,0.0,0.0,0.0,0.0,0.0,0.0
2013-03-12,0.0,0.0,-0.0,0.0,0.0,0.0,-0.0
2013-03-13,0.0,0.0,0.0,-0.0,-0.0,-0.0,0.0
2013-03-14,0.0,0.0,0.0,0.0,0.0,0.0,0.0
2013-03-15,-0.0,-0.0,-0.0,0.0,0.0,0.0,0.0
2013-03-18,-0.0,-0.0,-0.0,0.0,0.0,-0.0,-0.0
2013-03-19,0.0,0.0,-0.0,0.0,-0.0,-0.0,0.0
2013-03-20,0.0,0.0,0.0,-0.0,0.0,0.0,0.0
2013-03-21,0.0,-0.0,-0.0,0.0,-0.0,-0.0,0.0
2013-03-22,0.0,0.0,0.0,-0.0,0.0,0.0,0.0
2013-03-25,0.0,-0.0,0.0,-0.0,0.0,-0.0,-0.0
2013-03-26,0.0,0.0,0.0,-0.0,0.0,0.0,0.0
2013-03-27,-0.0,0.0,0.0,0.0,0.0,0.0,0.0
2013-03-28,0.0,-0.0,0.0,-0.0,0.0,0.0,0.0
2013-04-01,0.0,0.0,-0.0,0.0,-0.0,-0.0,-0.0
2013-04-02,0.0,-0.0,0.0,-0.0,-0.0,0.0,0.0
2013-04-03,-0.0,-0.0,-0.0,-0.0,-0.0,-0.0,-0.0
2013-04-04,0.0,0.0,0.0,0.0,-0.0,0.0,0.0
2013-04-05,-0.0,-0.0,-0.0,0.0,0.0,-0.0,0.0
2013-04-08,0.0,0.0,0.0,-0.0,0.0,0.0,0.0
2013-04-09,-0.0,0.0,-0.0,0.0,0.0,0.0,0.0
2013-04-10,0.0,0.0,0.0,-0.0,0.0,0.0,0.0
2013-04-11,0.0,0.0,0.0,0.0,0.0,0.0,0.0
2013-04-12,-0.002518789131698434,-0.0,-0.0,-0.0,-0.0,-0.0,0.0
2013-04-15,-0.007186599828980774,-0.0,-0.0,-0.0,-0.0,-0.0,-0.0
2013-04-16,0.02497887467008613,0.0,0.0,0.0,0.0,0.0,0.0
2013-04-17,0.008805125987681203,-0.0,-0.0,0.0,-0.0,-0.0,-0.0
2013-04-18,-0.01956641232938159,0.0,-0.0,0.0,0.0,0.0,-0.0
2013-04-19,-0.0011767753894062517,0.0,0.0,0.0,-0.0,0.0,0.0
2013-04-22,-0.002576396416288788,0.0,0.0,0.0,0.0,0.0,0.0
2013-04-23,-0.0041757458229378305,0.0,0.0,-0.0,0.0,0.0,0.0
2013-04-24,0.00237496021252332,0.0,0.0,0.0,0.0,0.0,0.0
2013-04-25,-5.02743411821576e-05,0.0,0.0,0.0,0.0,0.0,0.0
2013-04-26,-0.001563331211110051,0.0,0.0,-0.0,-0.0,-0.0,0.0
2013-04-29,0.0010388856854405702,0.0,0.0,0.0,0.0,0.0,0.0
2013-04-30,0.00213405087379026,0.0,0.0,0.0,0.0,0.0,0.0
2013-05-01,-0.0001481788623344729,-0.0,-0.0,-0.0,-0.0,-0.0,-0.0
2013-05-02,-0.005188283890924125,0.0,0.0,0.0,0.0,0.0,0.0
2013-05-03,0.002163125295494605,0.0,0.0,0.0,0.0,0.0,0.0
2013-05-06,-0.00029446573850125163,0.0,-0.0,0.0,0.0,0.0,-0.0
2013-05-07,0.0034596249554210215,0.0,0.0,-0.0,0.0,0.0,0.0
2013-05-08,-0.0026111894164712085,0.0,0.0,0.0,0.0,0.0,0.0
2013-05-09,-0.0022374599877530406,0.0,-0.0,-0.0,-0.0,-0.0,-0.0
2013-05-10,-0.00044516854381106786,-0.0,0.0,-0.0,-0.0,-0.0,0.0
2013-05-13,0.0003385994714335505,-0.0,0.0,-0.0,-0.0,-0.0,0.0
2013-05-14,0.0017131642375681085,0.0,0.0,-0.0,0.0,0.0,0.0
2013-05-15,0.0010817059333518737,0.0,0.0,-0.0,0.0,-0.0,0.0
2013-05-16,0.004888379645297253,-0.0,-0.0,0.0,0.0,-0.0,-0.0
2013-05-17,-0.0018683062651640224,0.0,0.0,-0.0,0.0,0.0,0.0
2013-05-20,-0.0010223908430392389,0.0,-0.0,0.0,0.0,0.0,0.0
2013-05-21,-0.0007541903371687665,0.0,0.0,-0.0,-0.0,0.0,0.0
2013-05-22,-0.003042296633249526,-0.0,-0.0,0.0,-0.0,-0.0,-0.0
2013-05-23,0.0004578968997051811,0.0,-0.0,0.0,0.0,-0.0,-0.0
2013-05-24,0.0015050507245742062,0.0,0.0,-0.0,-0.0,-0.0,-0.0
2013-05-28,-0.001,0.0,0.0,-0.0,0.0,0.0,0.0
2013-05-29,-0.0,-0.0,-0.0,0.0,-0.0,0.0,-0.0
2013-05-30,0.0,0.0,0.0,0.0,0.0,0.0,0.0
2013-05-31,-0.0,-0.0,-0.0,-0.0,-0.0,-0.0,-0.0
2013-06-03,0.0,0.0,0.0,0.0,0.0,0.0,0.0
2013-06-04,0.0,-0.0,0.0,-0.0,0.0,-0.0,0.0
2013-06-05,0.0,-0.0,-0.0,0.0,0.0,-0.0,-0.0
2013-06-06,0.0,0.0,0.0,0.0,0.0,0.0,0.0
2013-06-07,0.0,0.0,0.0,-0.0,0.0,0.0,0.0
2013-06-10,0.0,0.0,0.0,0.0,-0.0,0.0,0.0
2013-06-11,-0.0,-0.0,-0.0,-0.0,-0.0,-0.0,-0.0
2013-06-12,-0.0,-0.0,-0.0,0.0,0.0,-0.0,0.0
2013-06-13,0.0,0.0,0.0,0.0,0.0,0.0,0.0
2013-06-14,0.0,-0.0,-0.0,0.0,0.0,-0.0,-0.0
2013-06-17,0.0,0.0,0.0,0.0,0.0,0.0,0.0
2013-06-18,0.0,0.0,0.0,-0.0,0.0,0.0,0.0
2013-06-19,-0.0,-0.0,0.0,-0.0,-0.0,-0.0,-0.0
2013-06-20,-0.0,-0.0,-0.0,-0.0,-0.0,-0.0,-0.0
2013-06-21,0.0,0.0,0.0,0.0,0.0,0.0,0.0
2013-06-24,0.0,-0.0,-0.0,-0.0,0.0,-0.0,-0.0
2013-06-25,0.0,0.0,0.0,-0.0,0.0,0.0,0.0
2013-06-26,0.0,0.0,0.0,-0.0,0.0,0.0,0.0
2013-06-27,0.0,0.0,0.0,0.0,0.0,0.0,0.0
2013-06-28,0.0,0.0,0.0,0.0,-0.0,0.0,0.0
2013-07-01,0.0,0.0,0.0,0.0,0.0,0.0,0.0
2013-07-02,-0.0,0.0,0.0,-0.0,0.0,0.0,0.0
2013-07-03,0.0,0.0,0.0,0.0,0.0,-0.0,0.0
2013-07-05,0.0,0.0,0.0,-0.0,0.0,0.0,0.0
2013-07-08,0.0,0.0,-0.0,0.0,0.0,0.0,0.0
2013-07-09,0.0,0.0,0.0,0.0,0.0,0.0,0.0
2013-07-10,0.0,-0.0,-0.0,0.0,0.0,0.0,0.0
2013-07-11,0.0,0.0,0.0,0.0,0.0,0.0,0.0
2013-07-12,0.0,0.0,0.0,-0.0,0.0,-0.0,-0.0
2013-07-15,0.0,0.0,-0.0,0.0,0.0,0.0,0.0
2013-07-16,-0.0,0.0,-0.0,0.0,-0.0,0.0,0.0
2013-07-17,0.0,0.0,0.0,-0.0,0.0,0.0,0.0
2013-07-18,0.0,0.0,0.0,0.0,0.0,0.0,0.0
2013-07-19,0.0,0.0,-0.0,0.0,0.0,0.0,0.0
2013-07-22,-0.0,0.0,0.0,0.0,-0.0,0.0,0.0
2013-07-23,0.0,0.0,-0.0,0.0,0.0,0.0,0.0
2013-07-24,-0.0,-0.0,-0.0,-0.0,-0.0,-0.0,0.0
2013-07-25,-0.0,0.0,0.0,0.0,0.0,0.0,0.0
2013-07-26,-0.0,-0.0,-0.0,0.0,-0.0,0.0,-0.0
2013-07-29,-0.0,-0.0,-0.0,-0.0,-0.0,0.0,-0.0
2013-07-30,0.0,-0.0,0.0,-0.0,-0.0,-0.0,0.0
2013-07-31,-0.0,0.0,0.0,-0.0,0.0,-0.0,0.0
2013-08-01,0.0,0.0,0.0,-0.0,0.0,0.0,0.0
2013-08-02,0.0,-0.0,0.0,-0.0,-0.0,0.0,0.0
2013-08-05,0.0,-0.0,0.0,-0.0,-0.0,-0.0,0.0
2013-08-06,0.0,-0.0,0.0,-0.0,-0.0,0.0,0.0
2013-08-07,-0.0,0.0,-0.0,0.0,-0.0,-0.0,0.0
2013-08-08,0.0,0.0,-0.0,0.0,0.0,0.0,0.0
2013-08-09,-0.0,-0.0,-0.0,0.0,0.0,0.0,0.0
2013-08-12,-0.0,-0.0,-0.0,0.0,0.0,0.0,-0.0
2013-08-13,-0.0,0.0,0.0,-0.0,0.0,0.0,0.0
2013-08-14,-0.0,-0.0,-0.0,0.0,0.0,0.0,-0.0
2013-08-15,-0.0,-0.0,-0.0,0.0,0.0,0.0,-0.0
2013-08-16,-0.0,-0.0,-0.0,0.0,0.0,0.0,0.0
2013-08-19,0.0,-0.0,0.0,-0.0,-0.0,-0.0,-0.0
2013-08-20,-0.0,-0.0,0.0,0.0,0.0,0.0,0.0
2013-08-21,-0.0,-0.0,0.0,-0.0,-0.0,-0.0,-0.0
2013-08-22,0.0,0.0,0.0,0.0,0.0,0.0,0.0
2013-08-23,0.0,0.0,0.0,0.0,0.0,0.0,0.0
2013-08-26,-0.0,-0.0,-0.0,0.0,0.0,-0.0,-0.0
2013-08-27,0.0,-0.0,-0.0,0.0,0.0,-0.0,-0.0
2013-08-28,0.0,0.0,0.0,-0.0,0.0,0.0,0.0
2013-08-29,-0.0,-0.0,0.0,0.0,-0.0,0.0,-0.0
2013-08-30,0.0,0.0,-0.0,-0.0,-0.0,0.0,-0.0
2013-09-03,0.0,0.0,0.0,0.0,0.0,0.0,0.0
2013-09-04,0.0,0.0,-0.0,0.0,0.0,0.0,0.0
2013-09-05,-0.0,0.0,0.0,-0.0,0.0,0.0,-0.0
2013-09-06,0.0,-0.0,0.0,0.0,0.0,0.0,0.0
2013-09-09,0.0,0.0,0.0,-0.0,0.0,0.0,0.0
2013-09-10,0.0,0.0,0.0,-0.0,0.0,0.0,0.0
2013-09-11,0.0,0.0,0.0,0.0,0.0,0.0,0.0
2013-09-12,0.0,-0.0,0.0,-0.0,0.0,-0.0,-0.0
2013-09-13,0.0,0.0,0.0,0.0,-0.0,0.0,0.0
2013-09-16,0.0,0.0,0.0,-0.0,-0.0,0.0,0.0
2013-09-17,0.0,0.0,0.0,0.0,0.0,0.0,0.0
2013-09-18,0.0,0.0,0.0,0.0,0.0,0.0,0.0
2013-09-19,-0.0,-0.0,0.0,-0.0,-0.0,-0.0,-0.0
2013-09-20,0.0,-0.0,0.0,-0.0,-0.0,-0.0,-0.0
2013-09-23,-0.0,0.0,-0.0,-0.0,-0.0,0.0,0.0
2013-09-24,-0.0,-0.0,0.0,0.0,0.0,0.0,0.0
2013-09-25,-0.0,-0.0,-0.0,0.0,-0.0,0.0,0.0
2013-09-26,0.0,-0.0,0.0,-0.0,0.0,0.0,0.0
2013-09-27,-0.0,-0.0,0.0,0.0,-0.0,0.0,0.0
2013-09-30,-0.0,-0.0,-0.0,-0.0,-0.0,-0.0,-0.0
2013-10-01,0.0,-0.0,0.0,-0.0,0.0,0.0,0.0
2013-10-02,-0.0,0.0,-0.0,0.0,0.0,-0.0,-0.0
2013-10-03,-0.0,-0.0,-0.0,0.0,-0.0,-0.0,-0.0
2013-10-04,0.0,0.0,0.0,0.0020071598293709457,0.0,0.0,0.0
2013-10-07,-0.0,-0.0,-0.0,-0.002236605053079914,-0.0,-0.0,-0.0
2013-10-08,0.0,-0.0,-0.0,-0.006760132832699448,0.0,-0.0,-0.0
2013-10-09,0.0,-0.0,0.0,0.00855855088195532,-0.0,0.0,0.0
2013-10-10,0.0,0.0,0.0,0.006871922096559638,0.0,0.0,0.0
2013-10-11,0.0,0.0,0.0,0.004307379489878337,0.0,0.0,0.0
2013-10-14,0.0,0.0,0.0,-0.0007434278334042476,0.0,0.0,0.0
2013-10-15,-0.0,-0.0,-0.0,0.0018405644277314228,-0.0,-0.0,-0.0
2013-10-16,0.0,0.0,0.0,-0.004132820295990995,0.0,0.0,0.0
2013-10-17,0.0,0.0,0.0,-0.00969412252502157,0.0,0.0,0.0
2013-10-18,0.0,0.0,0.0,0.002012926582086057,0.0,0.0,0.0
2013-10-21,0.0,0.0,0.0,0.005063837643428922,-0.0,0.0,0.0
2013-10-22,0.0,0.0,0.0,-0.0024513870086148924,0.0,0.0,-0.005441675532205711
2013-10-23,0.0,-0.0,-0.0,-0.004682216127097012,-0.0,-0.0,-0.001
2013-10-24,-0.0,0.0,0.0,0.002794634341796775,0.0,0.0,0.0018633100107883019
2013-10-25,0.0,0.0,0.0,-0.0013358263139742125,0.0,0.0,-0.009541138885952323
2013-10-28,0.0,0.0,0.0,0.0015713228936888623,0.0,0.0,-0.001
2013-10-29,0.0,0.0,0.0,-0.0029768530022567046,0.0,0.0,0.0
2013-10-30,-0.0,-0.0,-0.0,0.00546895564322177,-0.0,0.0,0.0005156869199684893
2013-10-31,-0.0,0.0,-0.0,-0.0005761841290813898,-0.0,-0.0,-0.0009999999999999998
2013-11-01,0.0,0.0,0.0,-0.005991227124113039,-0.0,-0.0,-0.0
2013-11-04,-0.0,0.0,-0.0,0.008651622277452486,0.0,0.0,0.0
2013-11-05,0.0,0.0,0.0,-0.001915288939118261,-0.0,0.0,-0.0
2013-11-06,0.0,0.0,0.0,-0.0005966176512581923,0.0,0.0,0.0
2013-11-07,-0.0,-0.0,-0.0,-0.000776278893942556,-0.0,-0.0,-0.0
2013-11-08,0.0,0.0,0.0,0.012511169733943015,0.0,0.0,0.0
2013-11-11,-0.0,0.0,0.0,0.0026274371108161113,0.0,-0.0,0.0
2013-11-12,0.0,-0.0,-0.0,-0.001,-0.0,-0.0,0.0
2013-11-13,0.0,0.0,0.0,0.0,0.0,0.0,0.002295947282303678
2013-11-14,0.0,0.0,0.0,0.0,0.0,0.0,-0.001
2013-11-15,0.0,0.0,0.0,0.0,0.0,0.0,0.0
2013-11-18,-0.0,0.0,0.0,-0.0,-0.0,0.0,0.0
2013-11-19,-0.0,0.0,-0.0,0.0,0.0,-0.0,0.0
2013-11-20,-0.0,-0.0,0.0,-0.0,-0.0,0.0,0.0
2013-11-21,0.0,0.0,0.0,-0.0,0.0,-0.0,0.0
2013-11-22,0.0,0.0,0.0,-0.0,0.0,0.0,0.0
2013-11-25,-0.0,0.0,0.0,0.0,-0.0,-0.0,0.0
2013-11-26,-0.0,-0.0,0.0,-0.0,-0.0,-0.0,0.0
2013-11-27,0.0,-0.0,0.0,0.0,-0.0,-0.0,0.0
2013-11-29,0.0,0.0,0.0,0.0,0.0,0.0,0.0
2013-12-02,-0.0,0.0,0.0,-0.0,0.0,-0.0,-0.0
2013-12-03,0.0,0.0,-0.0,0.0,0.0,-0.0,-0.0
2013-12-04,0.0,0.0,0.0,0.0,0.0,-0.0,-0.0
2013-12-05,-0.0,-0.0,0.0,-0.0,0.0,-0.0,-0.0
2013-12-06,0.0,0.0,0.0,0.0,0.0,0.0,0.0
2013-12-09,-0.0,0.0,0.0,0.0,0.0,0.0,0.0
2013-12-10,-0.0,0.0,0.0,0.0,0.0,0.0,0.0
2013-12-11,0.0,-0.0,0.0,-0.0,-0.0,-0.0,-0.0
2013-12-12,-0.0,0.0,-0.0,-0.0,0.0,-0.0,0.0
2013-12-13,0.0,-0.0,0.0,0.0,-0.0,0.0,0.0
2013-12-16,0.0,0.0,0.0,0.0,0.0,0.0,0.0
2013-12-17,-0.0,-0.0,0.0,-0.0,-0.0,-0.0,0.0
2013-12-18,0.0,0.0,0.0,-0.0,0.0,0.0,0.0
2013-12-19,0.0,0.0,0.0,-0.0,0.0,0.0,0.0
2013-12-20,0.0,-0.0,0.0,0.0,0.0,0.0,0.0
2013-12-23,0.0,0.0,0.0,0.0,0.0,0.0,0.0
2013-12-24,0.0,0.0,0.0,0.0,0.0,0.0,0.0
2013-12-26,0.0,0.0,0.0,0.0,0.0,0.0,0.0
2013-12-27,0.0,0.0,0.0,0.0,0.0,-0.0,0.0
2013-12-30,0.0,-0.0,0.0,-0.0,-0.0,0.0,0.0
2013-12-31,0.0,0.0,0.0,0.0,0.0,0.0,0.0
2014-01-02,-0.0,-0.0,-0.0,0.0,-0.0,-0.0,-0.0
2014-01-03,0.0,0.0,0.0,0.0,-0.0,0.0,0.0
2014-01-06,0.0,0.0,-0.0,0.0,0.0,-0.0,0.0
2014-01-07,0.0,0.0,0.0,0.0,0.0,-0.0,0.0
2014-01-08,-0.0,-0.0,0.0,-0.0,-0.0,-0.0,0.0
2014-01-09,-0.0,0.0,0.0,0.0,-0.0,-0.0,-0.0
2014-01-10,0.0,0.0,-0.0,0.0,0.0,0.0,0.0
2014-01-13,-0.0,-0.0,-0.0,0.0,-0.0,-0.0,-0.0
2014-01-14,0.0,0.0,0.0,-0.0,0.0,-0.0,0.0
2014-01-15,0.0,-0.0,0.0,0.0,0.0,0.0,0.0
2014-01-16,-0.0,0.0,0.0,0.0,0.0,0.0,-0.0
2014-01-17,-0.0,0.0,0.0,0.0,0.0,-0.0,0.0
2014-01-21,0.0,0.0,0.0,0.0,0.0,0.0,0.0
2014-01-22,-0.0,0.0,0.0,-0.0,0.0,0.0,0.0
2014-01-23,-0.0,-0.0,-0.0,0.0,0.0,-0.0,0.0
2014-01-24,-0.0,-0.0,-0.0,0.0,-0.0,-0.0,-0.0
2014-01-27,0.0,0.0,-0.0,-0.0,-0.0,0.0,-0.0
2014-01-28,0.0,0.0,0.0,0.0,0.0,0.0,0.0
2014-01-29,-0.0,-0.0,-0.0,0.0,0.0,-0.0,-0.0
2014-01-30,0.0,0.0,0.0,-0.0,0.0,0.0,0.0
2014-01-31,-0.0,-0.0,-0.0,0.0,-0.0,-0.0,-0.0
2014-02-03,-0.0,-0.0,-0.0,-0.010636915492346763,-0.0,-0.0,-0.0
2014-02-04,0.0,-0.0,0.0,0.005088866236409974,0.0,0.0,0.0
2014-02-05,0.0,-0.0,0.0,-0.005870562528247667,-0.0,0.0,0.0
2014-02-06,0.0,0.0,0.0,6.822254756324848e-05,0.0,0.0,0.0
2014-02-07,0.0,0.0,0.0,0.0018478580977406766,0.0,0.0,0.0
2014-02-10,0.0,-0.0,0.0,0.0034933610765118172,-0.0,0.0,-0.0
2014-02-11,0.0,0.0,0.0,0.0006293859271160086,0.0,0.0,0.0
2014-02-12,0.0,0.0,0.0,-0.008914802693114636,0.0,0.0,0.0
2014-02-13,0.0,0.0,0.0,0.004503906895858472,0.0,0.0,0.0
2014-02-14,0.0,0.0,0.0,-0.0054200538848438555,0.0,0.0,0.0
2014-02-18,0.0,-0.0,0.0,-0.00048169863875930675,0.0,0.0,0.0
2014-02-19,-0.0,0.0,-0.0,-0.001083364913435453,0.0,-0.0,-0.0
2014-02-20,0.0,0.0,-0.0,0.002041641187216838,0.0,0.0,0.0
2014-02-21,0.0,-0.0,-0.0,-0.0012064004287575894,-0.0,-0.0,0.0
2014-02-24,0.0,0.0,0.0,-0.006775982607812372,0.0,0.0,0.0
2014-02-25,0.0,0.0,0.0,-0.004732335822298721,-0.0,-0.0,-0.0
2014-02-26,0.0,0.0,0.0,0.0037613481260283747,0.0,-0.0,-0.0
2014-02-27,0.0,0.0,0.0,-0.0013164995256177796,0.0,0.0,0.0
2014-02-28,0.0,0.0,-0.0,0.002523861179148997,0.0,0.0,0.0
2014-03-03,-0.0,-0.0,-0.0,-0.01178957742407259,0.0,-0.0,-0.0
2014-03-04,0.0,0.0,0.0,0.00740436914466679,0.0,0.0,0.0
2014-03-05,0.0,-0.0,-0.0,-0.0009999999999999998,-0.0,0.0,-0.0
2014-03-06,0.0,0.0,0.0,0.0,0.0,0.0,0.0
2014-03-07,0.0,0.0,0.0,-0.0,0.0,-0.0,-0.0
2014-03-10,0.0,0.0,-0.0,0.0,0.0,-0.0,-0.0
2014-03-11,0.0,-0.0,0.0,0.0,-0.0,-0.0,-0.0
2014-03-12,-0.0,0.0,0.0,0.0,0.0,0.0,-0.0
2014-03-13,-0.0,-0.0,-0.0,0.0,-0.0,-0.0,-0.0
2014-03-14,0.0,-0.0,-0.0,0.0,0.0,-0.0,0.0
2014-03-17,0.0,0.0,0.0,-0.0,0.0,0.0,0.0
2014-03-18,0.0,0.0,0.0,-0.0,0.0,0.0,0.0
2014-03-19,-0.0,-0.0,-0.0,-0.0,0.0,-0.0,-0.0
2014-03-20,0.0,0.0,0.0,0.0,0.0,0.0,0.0
2014-03-21,0.0,0.0,0.0,0.0,0.0,0.0,0.0
2014-03-24,-0.0,0.0,0.0,-0.0,-0.0,0.0,0.0
2014-03-25,0.0,0.0,-0.0,0.0,0.0,0.0,0.0
2014-03-26,0.0,0.0,-0.0,-0.0,0.0,0.0,0.0
2014-03-27,0.0,0.0,0.0,0.0,0.0,0.0,0.0
2014-03-28,0.0,0.0,-0.0,0.0,0.0,0.0,0.0
2014-03-31,0.0,0.0,0.0,-0.0,0.0,0.0,0.0
2014-04-01,-0.0,0.0,0.0,0.0,0.0,0.0,0.0
2014-04-02,-0.0,0.0,-0.0,0.0,0.0,0.0,0.0
2014-04-03,0.0,-0.0,0.0,-0.0,0.0,-0.0,-0.0
2014-04-04,0.0,-0.0,-0.0,0.0,0.0,0.0,-0.0
2014-04-07,0.0,-0.0,-0.0,0.0,-0.0,0.0,-0.0
2014-04-08,0.0,0.0,0.0,0.0,0.0,0.0,0.0
2014-04-09,0.0,0.0,0.0,0.0,0.0,0.0,0.0
2014-04-10,-0.0,-0.0,-0.0,0.0,-0.0,-0.0,-0.0
2014-04-11,-0.0,0.0,-0.0,-0.0,-0.0,-0.0,-0.0
2014-04-14,0.0,0.0,0.0,0.0,0.0,0.0,0.0
2014-04-15,0.0,0.0,0.0,-0.0,0.0,0.0,-0.0
2014-04-16,0.0,0.0,0.0,0.0,0.0,0.0,0.0
2014-04-17,0.0,0.0,0.0,-0.0,0.0,0.0,0.0
2014-04-21,0.0,0.0,0.0,-0.0,0.0,-0.0,0.0
2014-04-22,-0.0,-0.0,0.0,0.0,-0.0,0.0,0.0
2014-04-23,0.0,0.0,-0.0,0.0,0.0,-0.0,0.0
2014-04-24,0.0,-0.0,0.0,0.0,0.0,0.0,-0.0
2014-04-25,0.0,0.0,-0.0,0.0,-0.0,-0.0,-0.0
2014-04-28,0.0,0.0,0.0,-0.0,0.0,0.0,0.0
2014-04-29,-0.0,0.0,0.0,0.0,0.0,0.0,0.0
2014-04-30,0.0,0.0,0.0,-0.0,-0.0,0.0,0.0
2014-05-01,-0.0,-0.0,0.0,-0.0,-0.0,-0.0,0.0
2014-05-02,0.0,0.0,-0.0,0.0,0.0,0.0,-0.0
2014-05-05,0.0,0.0,0.0,0.0,0.0,0.0,-0.0
2014-05-06,-0.0,-0.0,-0.0,-0.0,0.0,0.0,-0.0
2014-05-07,0.0,0.0,0.0,-0.0,0.0,0.0,0.0
2014-05-08,-0.0,-0.0,0.0,0.0,-0.0,-0.004095682336715779,-0.0
2014-05-09,0.0,0.0,0.0,-0.0,-0.0,-0.0033697549837299573,0.0
2014-05-12,-0.0,0.0,0.0,0.0,0.0,0.0034949492833846146,0.0
2014-05-13,0.0,0.0,0.0,-0.0,0.0,4.7323919530958735e-05,0.0
2014-05-14,-0.0,0.0,-0.0,0.0,0.0,-0.00032927210233883394,-0.0
2014-05-15,-0.0,-0.0,-0.0,-0.0,-0.0,-0.0022567620650681703,-0.0
2014-05-16,0.0,-0.0,0.0,-0.0,0.0,-0.0026705270912039548,0.0
2014-05-19,-0.0,0.0,0.0,0.0,0.0,0.006618925961387478,0.0
2014-05-20,-0.0,-0.0,-0.0,0.0,0.0,0.0030779152882989065,-0.0
2014-05-21,0.0,0.0,0.0,0.0,0.0,0.0014056061009413204,0.0
2014-05-22,-0.0,-0.0,0.0,0.0,0.0,0.0002668847524968578,0.0
2014-05-23,0.0,-0.0,0.0,-0.0,0.0,0.00046848759460104577,0.0
2014-05-27,0.0,0.0,0.0,-0.0,0.0,-0.004652824071076464,0.0
2014-05-28,0.0,-0.0,-0.0,-0.0,0.0,-0.0007062925605860269,-0.0
2014-05-29,0.0,0.0,0.0,0.0,0.0,-0.003246299098162341,0.0
2014-05-30,0.0,0.0,0.0,0.0,-0.0,0.00375371341188161,0.0
2014-06-02,-0.0,-0.0,0.0,-0.0,-0.0,-0.000268031319725865,0.0
2014-06-03,0.0,0.0,-0.0,0.0,0.0,0.0038681242672488005,-0.0
2014-06-04,-0.0,-0.0,0.0,-0.0,-0.0,0.002586026598215997,0.0
2014-06-05,0.0,0.0,0.0,0.0,0.0,-0.0028058479843508705,0.0
2014-06-06,0.0,0.0,0.0,-0.0,0.0,0.0002832078631371719,0.0
2014-06-09,0.0,0.0,-0.0,0.0,0.0,0.00011699915267194344,-0.0
2014-06-10,0.0,0.0,0.0,0.0,0.0,0.0011053223572744112,-0.0
2014-06-11,-0.0,0.0,-0.0,0.0,0.0,0.004733271071420952,0.0
2014-06-12,-0.0,0.0,-0.0,0.0,0.0,0.0030211730069501916,0.0
2014-06-13,-0.0,0.0,0.0,0.0,0.0,0.004064114334238305,0.0
2014-06-16,0.0,0.0,-0.0,-0.0,0.0,0.002536255292383291,0.0
2014-06-17,0.0,0.0,0.0,0.0,-0.0,0.002638872534388099,0.0
2014-06-18,0.0,0.0,0.0,0.0,0.0,-0.0006212851701849862,0.0
2014-06-19,0.0,0.0,-0.0,0.0,0.0,-0.002268767550412735,0.0
2014-06-20,-0.0,0.0,-0.0,-0.0,0.0,0.00504514669843174,0.0
2014-06-23,0.0,0.0,0.0,0.0,0.0,-0.0007753784255741523,-0.0
2014-06-24,0.0,-0.0,-0.0,0.0,-0.0,-0.00017565924216708076,0.0
2014-06-25,0.0,-0.0,0.0,0.0,0.0,-0.00030055318714355224,0.0
2014-06-26,0.0,-0.0,-0.0,0.0,0.0,-0.001586690186424854,-0.0
2014-06-27,0.0,-0.0,0.0,0.0,0.0,0.0047212395385645934,0.0
2014-06-30,0.0,0.0,0.0,0.0,0.0,0.006370995681591692,0.0
2014-07-01,-0.0,0.0,0.0,-0.0,0.0,0.0009412226864219918,0.0
2014-07-02,0.0,0.0,0.0,0.0,-0.0,-0.0036523942982050164,-0.0
2014-07-03,0.0,0.0,0.0,0.0,0.0,0.0020388570018364687,0.0
2014-07-07,-0.0,0.0,0.0,-0.0,-0.0,-0.004655778728639687,-0.0
2014-07-08,-0.0,0.0,-0.0,0.0,0.0,0.0015636551319622675,-0.0
2014-07-09,0.0,0.0,0.0,0.0,0.0,0.003718188025424305,0.0
2014-07-10,0.0,-0.0,-0.0,0.0,0.0,-0.0008540940528126214,-0.0
2014-07-11,-0.0,-0.0,0.0,0.0,-0.0,-0.008442463343292947,0.0
2014-07-14,0.0,0.0,0.0,-0.0,0.0,0.0008033030596168935,0.0
2014-07-15,-0.0,0.0,0.0,-0.0,-0.0,-0.0019366973286104045,0.0
2014-07-16,0.0,0.0,0.0,0.0,0.0,0.003980533995065492,0.0
2014-07-17,-0.0,-0.0,-0.0,0.0,0.0,0.0015386841114620588,-0.0
2014-07-18,0.0,0.0,0.0,-0.0,0.0,-0.00045146829041991057,0.0
2014-07-21,-0.0,0.0,-0.0,0.0,0.0,0.0011725346211129359,-0.0
2014-07-22,-0.0,0.0,0.0,-0.0,0.0,-0.00014492322146971337,0.0
2014-07-23,0.0,0.0,-0.0,-0.0,0.0,-0.0017023504033727812,0.0
2014-07-24,0.0,0.0,0.0,-0.0,0.0,0.0008669354532418346,0.0
2014-07-25,0.0,-0.0,-0.0,0.0,-0.0,0.001380210561698619,0.0
2014-07-28,-0.0,0.0,0.0,0.0,-0.0,-0.0010453195629245122,0.0
2014-07-29,-0.0,-0.0,-0.0,-0.0,-0.0,-0.0024142678705542753,-0.0
2014-07-30,-0.0,0.0,0.0,-0.0,-0.0,0.0014573934717886153,0.0
2014-07-31,-0.0,-0.0,-0.0,-0.0,-0.0,-0.002732866326822764,-0.0
2014-08-01,0.0,-0.0,0.0,0.0,-0.0,-0.0029313731432148646,-0.0
2014-08-04,0.0,0.0,0.0,-0.0,0.0,0.0017003950874190667,0.0
2014-08-05,-0.0,-0.0,-0.0,0.0,-0.0,-0.0024989797428365645,-0.0
2014-08-06,0.0,0.0,0.0,0.0,0.0,0.000864286505684142,0.0
2014-08-07,-0.0,-0.0,-0.0,0.0,0.0,0.0007391308441530452,-0.0
2014-08-08,0.0,0.0,0.0,0.0,0.0,-0.001,0.0
2014-08-11,0.0,-0.0,0.0,0.0,0.0,0.0,0.0
2014-08-12,0.0,-0.0,0.0,0.0,-0.0,0.0,-0.0
2014-08-13,0.0,0.0,0.0,0.0,0.0,0.0,0.0
2014-08-14,0.0,0.0,0.0,0.0,-0.0,0.0,0.0
2014-08-15,0.0,0.0,-0.0,-0.0,0.0,0.0,0.0
2014-08-18,0.0,0.0,0.0,0.0,0.0,0.0,0.0
2014-08-19,-0.0,0.0,0.0,-0.0,0.0,0.0,0.0
2014-08-20,0.0,0.0,0.0,-0.0,0.0,0.0,-0.0
2014-08-21,0.0,0.0,0.0,-0.0,0.0,0.0,0.0
2014-08-22,-0.0,-0.0,0.0,0.0,-0.0,-0.0,-0.0
2014-08-25,0.0,0.0,-0.0,-0.0,0.0,0.0,0.0
2014-08-26,0.0,0.0,0.0,0.0,0.0,0.0,0.0
2014-08-27,0.0,0.0,0.0,-0.0,-0.0,0.0,0.0
2014-08-28,0.0,0.0,-0.0,0.0,0.0,0.0,-0.0
2014-08-29,0.0,0.0,-0.0,0.0,0.0,0.0,-0.0
2014-09-02,-0.0,-0.0,0.0,-0.0,-0.0,0.0,0.0
2014-09-03,0.0,0.0,0.0,0.0,0.0,0.0,0.0
2014-09-04,0.0,-0.0,0.0,-0.0,-0.0,-0.0008749474145136088,-0.0
2014-09-05,-0.0,0.0,0.0,0.0,0.0,-0.0015828750151984379,0.0
2014-09-08,0.0,-0.00486831681008683,0.0,-0.0,-0.0,-0.0024789824765074522,-0.0
2014-09-09,0.0,0.0016166370612356628,-0.0,0.0,-0.0,-0.004317971029292172,-0.0
2014-09-10,0.0,5.0949195077007895e-05,0.0,-0.0,-0.0,2.364617895346236e-05,0.0
2014-09-11,0.0,0.002872312575927827,-0.0,0.0,0.0,-0.007209309309357125,-0.0
2014-09-12,-0.0,-0.002666136101419076,-0.0,-0.0,-0.0,-0.004401209929194398,-0.0
2014-09-15,0.0,-0.0030374720473627355,0.0,0.0,0.0,-0.005850001834334242,0.0
2014-09-16,0.0,0.0037388945676762315,0.0,0.0,0.0,-6.840499050807967e-05,0.0
2014-09-17,0.0,-0.0010837726845250315,-0.0,-0.0,-0.0,-0.012113601698874411,-0.0
2014-09-18,0.0,-0.0005091905910484219,0.0,0.0,-0.0,0.0019711772306945773,0.0
2014-09-19,0.0,0.0004043919379461593,-0.0,-0.0,-0.0,-0.0003032981259609967,0.0
2014-09-22,0.0,0.0015579480619800363,-0.0,-0.0,-0.0,-0.002562333668848809,-0.0
2014-09-23,-0.0,-0.0012839514779136613,-0.0,0.0,0.0,0.0025154765766215894,-0.0
2014-09-24,0.0,0.0012550507735745492,0.0,-0.0,0.0,0.005630954151356807,0.0
2014-09-25,-0.0,-0.0024532490353229848,-0.0,0.0,-0.0,-0.006199770598043004,-0.0
2014-09-26,0.0,0.0037634145197742064,0.0,-0.0,0.0,-0.004713236285574568,0.0
2014-09-29,0.0,-0.002223170785865959,-0.0,-0.0,0.0,-0.007473415639752747,-0.0
2014-09-30,0.0,0.002478578050048774,0.0,-0.0,-0.0,0.005701255812013778,-0.0
2014-10-01,0.0,-0.00045743740933517344,-0.0,0.0,-0.0,0.004345776831406082,-0.0
2014-10-02,-0.0,0.00465203695368424,0.0,0.0,0.0,0.0033334576036874617,-0.0
2014-10-03,0.0,0.0012332257816165895,0.0,-0.0,-0.0,0.00016708674587011943,0.0
2014-10-06,0.0,0.0019628303894694593,0.0,0.0,0.0,-0.00010143385859731953,-0.0
2014-10-07,0.0,0.0014251949828772536,-0.0,0.0,-0.0,-0.00010709132820150629,-0.0
2014-10-08,0.0,-0.00044867482939067147,0.0,0.0,0.0,0.005810640788242181,0.0
2014-10-09,-0.0,-0.002625460633485371,-0.0,0.0,-0.0,-0.0011050017560562885,-0.0
2014-10-10,0.0,0.0011655576814579623,-0.0,-0.0,0.0,-0.008019120439958907,-0.0
2014-10-13,-0.0,0.002972100540944014,-0.0,0.0,-0.0,0.008910062448910731,0.0
2014-10-14,-0.0,-0.001,0.0,0.0,-0.0,0.008237221878845347,0.0
2014-10-15,-0.0,-0.0,0.0,0.0,0.0,0.011946736427757572,-0.0
2014-10-16,-0.0,0.0,0.0,0.0,0.0,-0.003841010652144321,-0.0
2014-10-17,0.0,0.0,0.0,-0.0,0.0,0.003150825565506931,0.0
2014-10-20,0.0,0.0,0.0,0.0,0.0,-0.001,0.0
2014-10-21,0.0,0.0,0.0,0.0,0.0,0.0,0.0
2014-10-22,0.0,-0.0,-0.0,-0.0,-0.0,-0.0,0.0
2014-10-23,0.0,0.0,0.0,0.0,0.0,0.0,0.0
2014-10-24,0.0,0.0,-0.0,-0.0,-0.0,0.0,0.0
2014-10-27,0.0,-0.0,0.0,-0.0,-0.0,0.0,0.0
2014-10-28,0.0,0.0,0.0,0.0,0.0,0.0,0.0
2014-10-29,0.0,0.0,-0.0,-0.0,0.0,-0.0,0.0
2014-10-30,0.0,0.0,0.0,-0.0,-0.0,0.0,0.0
2014-10-31,0.0,0.0,0.0,-0.0,0.0,0.0,0.0
2014-11-03,-0.0,-0.0,0.0,0.0,-0.0,-0.0,0.0
2014-11-04,0.0,-0.0,0.0,0.0,-0.0,0.0,-0.0
2014-11-05,0.0,0.0,0.0,-0.0,0.0,0.0,0.0
2014-11-06,-0.0,0.0,0.0,0.0,0.0,-0.0,0.0
2014-11-07,0.0,0.0,0.0,0.0,0.0,0.0,-0.0
2014-11-10,0.0,-0.0,0.0,-0.0,-0.0,0.0,0.0
2014-11-11,0.0,0.0,-0.0,0.0,0.0,0.0,0.0
2014-11-12,0.0,-0.0,0.0,0.0,-0.0,0.0,-0.0
2014-11-13,0.0,-0.0,-0.0,0.0,-0.0,-0.0,0.0
2014-11-14,-0.0,0.0,-0.0,0.0,0.0,0.0,0.0
2014-11-17,0.0,0.0,0.0,0.0,-0.0,0.0,0.0
2014-11-18,0.0,-0.0,0.0,0.0,0.0,0.0,0.0
2014-11-19,0.0,0.0,0.0,-0.0,0.0,-0.0,0.0
2014-11-20,0.0,0.0,0.0,0.0,0.0,0.0,0.0
2014-11-21,0.0,0.0,0.0,0.0,0.0,0.0,0.0
2014-11-24,-0.0,-0.0,0.0,-0.0,-0.0,-0.0,0.0
2014-11-25,0.0,-0.0,0.0,0.0,-0.0,0.0,0.0
2014-11-26,0.0,-0.0,0.0,-0.0,-0.0,0.0,0.0
2014-11-28,0.0,-0.0,0.0,-0.0,-0.0,-0.0,-0.0
2014-12-01,-0.0,0.0,0.0,0.0,0.0,-0.0,0.0
2014-12-02,0.0,0.0,0.0,-0.0,0.0,0.0,0.0
2014-12-03,-0.0,0.0,0.0,0.0,0.0,0.0,-0.0
2014-12-04,-0.0,-0.0,0.0,-0.0,-0.0,0.0,-0.0
2014-12-05,0.0,-0.0,0.0,-0.0,-0.0,-0.0,0.0
2014-12-08,0.0,-0.0,-0.0,0.0,-0.0,-0.0,-0.0
2014-12-09,-0.0,0.0,0.0,0.0,0.0,0.0,0.0
2014-12-10,-0.0,-0.0,-0.0,-0.0,-0.0,-0.0,-0.0
2014-12-11,0.0,0.0,0.0,-0.0,-0.0,-0.0,0.0
2014-12-12,-0.0,-0.0,-0.0,-0.0,-0.0,-0.0,-0.0
2014-12-15,-0.0,0.0,0.0,-0.0,-0.0,-0.0,-0.0
2014-12-16,-0.0,0.0,-0.0,0.0,0.0,0.0,0.0
2014-12-17,0.0,0.0,0.0,0.0,0.0,0.0,0.0
2014-12-18,0.0,0.0,0.0,0.0,0.0,0.0,0.0
2014-12-19,0.0,0.0,-0.0,-0.0,0.0,0.0,0.0
2014-12-22,0.0,-0.0,0.0,-0.0,-0.0,0.0,0.0
2014-12-23,0.0,0.0,0.0,0.0,0.0,0.0,0.0
2014-12-24,-0.0,-0.0,0.0,0.0,-0.0,0.0,0.0
2014-12-26,0.0,-0.0,0.0,0.0,-0.0,0.0,0.0
2014-12-29,-0.0,0.0,-0.0,-0.0,0.0,0.0,-0.0
2014-12-30,-0.0,-0.0,-0.0,0.0,-0.0,0.0,-0.0
2014-12-31,-0.0,-0.0,-0.0,-0.0,0.0,0.0,-0.0
2015-01-02,-0.0,0.0,0.0,0.0,0.0,-0.0,0.0
2015-01-05,0.0,-0.0,-0.0,0.0,-0.0,-0.0,-0.0
2015-01-06,0.0,-0.0,-0.0,0.0,-0.0,-0.0,-0.0
2015-01-07,0.0,0.0,0.0,-0.0,0.0,0.0,0.0
2015-01-08,0.0,0.0,0.0,-0.0,0.0,0.0,0.0
2015-01-09,-0.0,-0.0,-0.0,0.0,-0.0,0.0,-0.0
2015-01-12,-0.0,-0.0,-0.0,0.0,-0.0,-0.0,0.0
2015-01-13,-0.0,-0.0,0.0,-0.0,0.0,0.0,0.0
2015-01-14,0.0,-0.0,-0.0,-0.0,0.0,-0.0,0.0
2015-01-15,0.0,-0.0,-0.0,0.0,-0.0,0.0,0.0
2015-01-16,0.0,0.0,0.0,0.0,0.0,0.0,0.0
2015-01-20,0.0,0.0,0.0,0.0,0.0,-0.0,0.0
2015-01-21,0.0,0.0,0.0,0.0,0.0,0.0,0.0
2015-01-22,0.0,0.0,0.0,0.0,0.0,0.0,0.0
2015-01-23,-0.0,-0.0,0.0,-0.0,-0.0,0.0,-0.0
2015-01-26,0.0,0.0,-0.0,0.0,0.0,0.0,0.0
2015-01-27,-0.0,-0.0,-0.0,0.0,0.0,0.0,0.0
2015-01-28,-0.000512507887121684,-0.0,-0.0,-0.0,-0.0,-0.0,-0.0
2015-01-29,0.00019584155128101954,-0.0,0.0,-0.0,0.0,0.0,0.0
2015-01-30,-0.001,-0.0,0.0,0.0,0.0,-0.0,-0.0
2015-02-02,0.0,0.0,0.0,0.0,0.0,0.0,0.0
2015-02-03,0.0,0.0,0.0,-0.0,0.0,0.0,0.0
2015-02-04,0.0,-0.0,0.0,0.0,-0.0,-0.0,0.0
2015-02-05,0.0,0.0,0.0,0.0,0.0,0.0,0.0
2015-02-06,0.0,0.0,-0.0,-0.0,0.0,-0.0,-0.0
2015-02-09,-0.0,0.0,0.0,0.0,0.0,0.0,-0.0
2015-02-10,0.0008463542028097721,-0.0,-0.0,-0.0,-0.0,-0.0,0.0
2015-02-11,-0.013540697676880842,-0.0,0.0,-0.0,-0.0,-0.0,0.0
2015-02-12,-0.0015152945313007403,0.0,0.0,0.0,0.0,0.0,0.0
2015-02-13,-0.001,0.0,-0.0,0.0,0.0,0.0,0.0
2015-02-17,-0.0,-0.0,0.0,-0.0,0.0,0.0,-0.0
2015-02-18,0.0,-0.0,0.0,0.0,-0.0,0.0,0.0
2015-02-19,0.0,-0.0,0.0,-0.0,-0.0,-0.0,0.0
2015-02-20,0.0,0.0,0.0,-0.0,-0.0,0.0,0.0
2015-02-23,0.0,-0.0,0.0,0.0,-0.0,0.0,-0.0
2015-02-24,0.0,0.0,0.0,-0.0,0.0,0.0,0.0
2015-02-25,-0.0,0.0,0.0,0.0,0.0,0.0,0.0
2015-02-26,0.0,-0.0,0.0,0.0,-0.0,-0.0,0.0
2015-02-27,0.0,-0.0,-0.0,0.0,0.0,0.0,0.0
2015-03-02,0.0,-0.0,0.0,-0.0,0.0,0.0,0.0
2015-03-03,-0.0,-0.0,-0.0,-0.0,0.0,0.0,-0.0
2015-03-04,-0.0,0.0,0.0,-0.0,0.0,0.0,-0.0
2015-03-05,-0.0,-0.0,0.0,0.0,-0.0,-0.0,0.0
2015-03-06,-0.0,-0.0,-0.0,-0.0,-0.0,-0.0,-0.0
2015-03-09,-0.0,0.0,0.0,0.0,0.0,0.0,0.0
2015-03-10,-0.0,-0.0,-0.0,-0.0,-0.0,-0.0,-0.0
2015-03-11,-0.0,-0.005215620526629319,-0.0,0.0,0.0,0.0,0.0
2015-03-12,0.0,0.005845964075475717,0.0,-0.0,-0.0,0.0,0.0
2015-03-13,-0.0,0.0007671156013553166,-0.0,0.0,-0.0,-0.0,0.0
2015-03-16,0.0,-0.001,0.0,0.0,0.0,0.0,0.0
2015-03-17,0.0,0.0,-0.0,-0.0,-0.0,0.0,0.0
2015-03-18,0.0,0.0,0.0,0.0,0.0,0.0,0.0
2015-03-19,-0.0,-0.0,0.0,-0.0,-0.0,-0.0,-0.0
2015-03-20,0.0,0.0,0.0,0.0,0.0,0.0,0.0
2015-03-23,0.0,0.0,-0.0,0.0,0.0,0.0,0.0
2015-03-24,0.0,-0.0,0.0,0.0,0.0,0.0,0.0
2015-03-25,-0.0,0.0,-0.0,0.0,0.0,-0.0,-0.0
2015-03-26,0.0,-0.0,0.0,0.0,0.0,-0.0,-0.0
2015-03-27,0.0,-0.0,-0.0,-0.0,-0.0,-0.0,0.0
2015-03-30,0.0,0.0,0.0,-0.0,0.0,0.0,0.0
2015-03-31,0.0,-0.0,-0.0,-0.0,-0.0,0.0,-0.0
2015-04-01,0.0,-0.0,0.0,0.0,0.0,0.0,0.0
2015-04-02,0.0,0.0,0.0,-0.0,0.0,0.0,0.0
2015-04-06,0.0,0.0,0.0,0.0,0.0,0.0,0.0
2015-04-07,-0.0,0.0,0.0,-0.0,0.0,0.0,0.0
2015-04-08,-0.0,-0.0,0.0,-0.0,-0.0,0.0,0.0
2015-04-09,0.0,0.0,-0.0,-0.0,0.0,0.0,0.0
2015-04-10,-0.0,0.0,-0.0,0.0,0.0,0.0,0.0
2015-04-13,-0.0,-0.0,-0.0,-0.0,0.0,-0.0,-0.0
2015-04-14,0.0,0.0,0.0,0.0,0.0,0.0,0.0
2015-04-15,0.0,0.0,0.0,0.0,0.0,0.0,0.0
2015-04-16,0.0,-0.0,-0.0,-0.0,0.0,0.0,0.0
2015-04-17,-0.0,-0.0,-0.0,0.0,-0.0,-0.0,-0.0
2015-04-20,0.0,0.0,0.0,0.0,0.0,0.0,0.0
2015-04-21,0.0,-0.0,0.0,0.0,-0.0,-0.0,0.0
2015-04-22,0.0,0.0,0.0,-0.0,0.0,0.0,0.0
2015-04-23,-0.0,0.0,-0.0,0.0,0.0,0.0,-0.0
2015-04-24,-0.0,-0.0,-0.0,-0.0,-0.0,0.0,0.0
2015-04-27,-0.0,0.0,-0.0,0.0,-0.0,0.0,0.0
2015-04-28,-0.0,0.0,0.0,0.0,0.0,0.0,0.0
2015-04-29,-0.0,0.0,0.0,0.0,0.0,0.0,-0.0
2015-04-30,0.0,-0.0,-0.0,-0.0,0.0,-0.0,-0.0
2015-05-01,0.0,0.0,0.0,0.0,0.0,0.0,0.0
2015-05-04,0.0,0.0,-0.0,0.0,-0.0,0.0,0.0
2015-05-05,-0.0,-0.0,0.0,0.0,0.0,-0.0,-0.0
2015-05-06,0.0,-0.0,-0.0,-0.0,0.0,-0.0,0.0
2015-05-07,0.0,-0.0,0.0,0.0,-0.0,-0.0,0.0
2015-05-08,0.0,0.0,0.0,0.0,0.0,0.0,0.0
2015-05-11,-0.0,-0.0,-0.0,0.0,-0.0,-0.0,-0.0
2015-05-12,-0.0,0.0,-0.0,0.0,0.0,0.0,0.0
2015-05-13,0.0,0.0,0.0,0.0,-0.0,0.0,0.0
2015-05-14,0.0,0.0,0.0,0.0,-0.0,0.0,0.0
2015-05-15,0.0,0.0,-0.0,0.0,0.0,0.0,0.0
2015-05-18,-0.0,-0.0,0.0,0.0,0.0,-0.0,0.0
2015-05-19,-0.0,0.0,0.0,-0.0,-0.0,-0.0,0.0
2015-05-20,0.0,0.0,-0.0,0.0,0.0,-0.0,0.0
2015-05-21,-0.0,0.0,-0.0,-0.0,0.0,0.0,0.0
2015-05-22,-0.0,-0.0,0.0,-0.0,-0.0,-0.0,-0.0
2015-05-26,-0.0,-0.0,-0.0,-0.0,-0.0,0.0,-0.0
2015-05-27,0.0,-0.0,0.0,0.0,-0.0,0.0,0.0
2015-05-28,0.0,0.0,0.0,0.0,0.0,0.0,-0.0
2015-05-29,-0.0,0.0,-0.0,0.0,0.0,0.0,-0.0
2015-06-01,-0.0,-0.0,0.0,-0.0,0.0,-0.0,0.0
2015-06-02,0.0,0.0,0.0,0.0,0.0,0.0,0.0
2015-06-03,-0.0,-0.0,0.0,-0.0,-0.0,0.0,0.0
2015-06-04,-0.0,-0.0,-0.0,-0.0,-0.0,-0.0,-0.0
2015-06-05,-0.0,0.0,0.0,-0.0,0.0,0.0,-0.0
2015-06-08,0.0,0.0,-0.0,0.0,-0.0,0.0,-0.0
2015-06-09,0.0,0.0,0.0,0.0,0.0,0.0,-0.0
2015-06-10,0.0,0.0,0.0,0.0,0.0,0.0,0.0
2015-06-11,0.0,-0.0,0.0,-0.0,-0.0,0.0,0.0
2015-06-12,-0.0,-0.0,-0.0,-0.0,-0.0,-0.0,-0.0
2015-06-15,-0.0,-0.0,-0.0,0.0,-0.0,0.0,0.0
2015-06-16,0.0,0.0,0.0,-0.0,0.0,0.0,0.0
2015-06-17,0.0,0.0,0.0,0.0,-0.0,0.0,-0.0
2015-06-18,0.0,0.0,0.0,0.0,0.0,0.0,0.0
2015-06-19,-0.0,-0.0,-0.0,-0.0,-0.0,0.0,0.0
2015-06-22,0.0,0.0,0.0,-0.0,0.0,0.0,0.0
2015-06-23,0.0,-0.0,0.0,0.0,0.0,0.0,0.0
2015-06-24,-0.0,-0.0,-0.0,-0.0,-0.0,-0.0,-0.0
2015-06-25,-0.0,-0.0,-0.0,-0.0,-0.0,0.0,0.0
2015-06-26,0.0,0.0,0.0,0.0,0.0,-0.0,0.0
2015-06-29,-0.0,-0.0,-0.0,0.0,-0.0,0.001451139829796472,-0.0
2015-06-30,-0.0,0.0,0.0,-0.0,0.0,0.004530752006041601,0.0
2015-07-01,0.0,-0.0,0.0,-0.0,-0.0,0.007395617782592228,0.0
2015-07-02,0.0,0.0,0.0,0.0,0.0,0.00021021266761484423,0.0
2015-07-06,-0.0,-0.0,0.0,0.0,-0.0,-0.007961579564664388,-0.0
2015-07-07,0.0,0.0,-0.0,-0.0,0.0,0.0023156514948384525,0.0
2015-07-08,-0.0,-0.0,-0.0,0.0,-0.0,-0.001,-0.0
2015-07-09,0.0,0.0,0.0,0.0,0.0,0.0,0.0
2015-07-10,0.0,0.0,0.0,0.0,0.0,0.0,0.0
2015-07-13,0.0,0.0,0.0,0.0,0.0,0.0,0.0
2015-07-14,0.0,0.0,0.0,-0.0,0.0,0.0,0.0
2015-07-15,-0.0,-0.0,-0.0,-0.0,-0.0,-0.0,-0.0
2015-07-16,0.0,0.0,0.0,-0.0,0.0,0.0,0.0
2015-07-17,-0.0,-0.0,0.0,-0.0,-0.0,-0.0,0.0
2015-07-20,0.0,-0.0,0.0,-0.0,-0.0,0.0,0.0
2015-07-21,-0.0,0.0,-0.0,0.0,0.0,0.0,-0.0
2015-07-22,0.0,0.0,0.0,-0.0,-0.0,-0.0,-0.0
2015-07-23,-0.0,-0.0,-0.0,-0.0,-0.0,-0.0,-0.0
2015-07-24,-0.0,-0.0,0.0,0.0,-0.0,-0.0,-0.0
2015-07-27,0.0,-0.0,-0.0,-0.0,-0.0,0.0,-0.0
2015-07-28,0.0,0.0,0.0,0.0,0.0,0.0,0.0
2015-07-29,0.0,0.0,0.0,0.0,0.0,0.0,0.0
2015-07-30,0.0,-0.0,0.0,-0.0,-0.0,0.0,0.0
2015-07-31,0.0,-0.0,-0.0,0.0,-0.0,0.0,0.0
2015-08-03,0.0,-0.0,0.0,-0.0,-0.0,-0.0,0.0
2015-08-04,0.0,-0.0,-0.0,0.0,0.0,0.0,-0.0
2015-08-05,0.0,0.0,0.0,-0.0,-0.0,0.0,0.0
2015-08-06,-0.0,0.0,-0.0,0.0,0.0,-0.0,0.0
2015-08-07,-0.0,-0.0,0.0,0.0,-0.0,-0.0,0.0
2015-08-10,-0.0,0.0,0.0,0.0,0.0,0.0,0.0
2015-08-11,-0.0,-0.0,-0.0,0.0,0.0,-0.0,-0.0
2015-08-12,-0.0,0.0,0.0,0.0,0.0,0.0,-0.0
2015-08-13,0.0,-0.0,0.0,-0.0,-0.0,-0.0,0.0
2015-08-14,0.0,0.0,0.0,-0.0,-0.0,0.0,0.0
2015-08-17,0.0,0.0,0.0,0.0,0.0,0.0,0.0
2015-08-18,-0.0,0.0,0.0,-0.0,0.0,-0.0,-0.0
2015-08-19,-0.0,-0.0,-0.0,0.0,-0.0,0.0,-0.0
2015-08-20,-0.0,-0.0,-0.0,0.0,-0.0,-0.0,-0.0
2015-08-21,-0.0,-0.0,-0.0,0.0,-0.0,-0.0,-0.0
2015-08-24,-0.0,-0.0,-0.0,-0.0,-0.0,-0.0,-0.0
2015-08-25,-0.0,-0.0,-0.0,-0.0,0.0,0.0,0.0
2015-08-26,0.0,0.0,0.0,-0.0,0.0,0.0,0.011345690820694384
2015-08-27,0.0,0.0,0.0,0.0,0.0,0.0,0.008128383314077012
2015-08-28,0.0,0.0,0.0,0.0,0.0,0.0,0.00722114175986591
2015-08-31,-0.0,0.0,-0.0,0.0,0.0,0.0,-0.008700479539957453
2015-09-01,-0.0,-0.0,-0.0,0.0,-0.0,-0.0,-0.016349357603652342
2015-09-02,0.0,0.0,0.0,-0.0,0.0,0.0,0.004890081878476637
2015-09-03,0.0,0.0,0.0,-0.0,0.0,0.0,0.0031583326662588734
2015-09-04,-0.0,-0.0,-0.0,0.0,-0.0,-0.0,-0.00990971886162625
2015-09-08,0.0,0.0,0.0,0.0,0.0,0.0,-0.0013070722545358254
2015-09-09,-0.0,-0.0,-0.0,-0.0,-0.0,-0.0,0.004969529126868662
2015-09-10,0.0,0.0,0.0,0.0,0.0,0.0,-0.006258548708195153
2015-09-11,0.0,0.0,0.0,0.0,-0.0,-0.0,0.0004803789361620633
2015-09-14,-0.0,-0.0,-0.0,0.0,-0.0,0.0,0.0005398778473980698
2015-09-15,0.0,0.0,0.0,0.0,0.0,0.0,0.0025668285868191355
2015-09-16,0.0,0.0,0.0,0.0,0.0,0.0,0.0033502923750820496
2015-09-17,0.0,0.0,0.0,0.0,-0.0,-0.0,-0.0031739504213454334
2015-09-18,-0.0,-0.0,-0.0,0.0,-0.0,-0.0,-0.0033749022769008568
2015-09-21,0.0,0.0,0.0,-0.0,0.0,0.0,0.006604909126947426
2015-09-22,-0.0,-0.0,-0.0,-0.0,-0.0,-0.0,0.007237049965382819
2015-09-23,0.0,-0.0,0.0,0.0,-0.0,-0.0,-0.000185925561445983
2015-09-24,0.0,0.0,-0.0,0.0,0.0,0.0,-0.003258132464848356
2015-09-25,0.0,0.0,0.0,-0.0,0.0,0.0,0.012018030872725582
2015-09-28,-0.0,-0.0,-0.0,-0.0,-0.0,-0.0,-0.007835161348751138
2015-09-29,0.0,0.0,0.0,0.0,0.0,0.0,-0.008764019147081671
2015-09-30,0.0,0.0,0.0,0.0,0.0,0.0,0.00702727981251985
2015-10-01,-0.0,-0.0,0.0,-0.0,0.0,0.0,0.007603219224207683
2015-10-02,0.0,0.0,0.0,0.0,0.0,0.0,0.0014682762756540514
2015-10-05,0.0,0.0,0.0,0.0,0.0,0.0,0.0072883001415065315
2015-10-06,0.0,0.0,-0.0,0.0,0.0,0.0,-0.00836200707819079
2015-10-07,0.0,0.0,0.0,-0.0,0.0,0.0,0.0042731636147276125
2015-10-08,0.0,0.0,0.0,-0.0,0.0,0.0,-0.0017925914438198806
2015-10-09,0.0,-0.0,0.0,0.0,-0.0,0.0,-0.002089277971522382
2015-10-12,-0.0,0.0,0.0,0.0,-0.0,-0.0,0.0012648963278583966
2015-10-13,-0.0,-0.0,0.0,0.0,-0.0,-0.0,-0.0024583647085597965
2015-10-14,0.0,0.0,-0.0,0.0,0.0,0.0,-0.001
2015-10-15,0.0,0.0,0.0,-0.0,0.0,0.0,0.0
2015-10-16,0.0,0.0,0.0,-0.0,0.0,-0.0,0.0037404745707136965
2015-10-19,0.0,-0.0,0.0,-0.0,-0.0,-0.0,-0.001
2015-10-20,0.0,-0.0,-0.0,0.0,0.0,0.0,-0.0
2015-10-21,-0.0,-0.0,-0.0,-0.0,-0.0,-0.0,0.004818443546647789
2015-10-22,0.0,0.0,0.0,0.0,0.0,0.0,-0.0008965448403878512
2015-10-23,-0.0,0.0,0.0,0.0,-0.0,0.0,-0.001
2015-10-26,0.0,-0.0,0.0,-0.0,-0.0,-0.0,0.0
2015-10-27,0.0,-0.0,-0.0,0.0,-0.0,-0.0,-0.0006816414208005433
2015-10-28,0.0,0.0,0.0,-0.0,0.0,0.0,0.0017046924025540288
2015-10-29,0.0,0.0,0.0,-0.0,0.0,-0.0,-0.0046290188867178115
2015-10-30,-0.0,0.0,-0.0,-0.0,0.0,0.0,-0.003642493937165223
2015-11-02,-0.0,0.0,0.0,0.0,0.0,0.0,-0.003144025996455157
2015-11-03,-0.0,0.0,0.0,-0.0,0.0,0.0,0.002761162562871683
2015-11-04,-0.0,-0.0,0.0,-0.0,-0.0,-0.0,0.005561173135894851
2015-11-05,0.0,-0.0,0.0,-0.0,-0.0,-0.0,0.0028439922276549917
2015-11-06,-0.0,-0.0,0.0,-0.0,-0.0,-0.0,-0.0014826961017620714
2015-11-09,-0.0,-0.0,-0.0,0.0,-0.0,-0.0,0.005426090516740063
2015-11-10,0.0,0.0,0.0,-0.0,0.0,-0.0,-0.001
2015-11-11,0.0,-0.0,0.0,0.0,-0.0,0.0,0.0
2015-11-12,-0.0,-0.0,-0.0,0.0,-0.0,0.0,-0.0
2015-11-13,-0.0,-0.0,-0.0,0.0,-0.0,-0.0,-0.0
2015-11-16,0.0,0.0,0.0,0.0,0.0,0.0,0.0
2015-11-17,-0.0,-0.0,-0.0,-0.0,-0.0,0.0,0.0
2015-11-18,0.0,0.0,0.0,0.0,0.0,0.0,0.0
2015-11-19,0.0,-0.0,-0.0,0.0,-0.0,0.0,0.0
2015-11-20,-0.0,-0.0,0.0,-0.0,-0.0,0.0,0.0
2015-11-23,0.0,0.0,-0.0,-0.0,0.0,-0.0,-0.0
2015-11-24,0.0,0.0,-0.0,0.0,0.0,0.0,0.0
2015-11-25,0.0,-0.0,-0.0,-0.0,0.0,-0.0,0.0
2015-11-27,0.0,-0.0,0.0,-0.0,-0.0,-0.0,0.0
2015-11-30,-0.0,0.0,-0.0,0.0,0.0,0.0,0.0
2015-12-01,0.0,0.0,0.0,0.0,0.0,0.0,0.0
2015-12-02,-0.0,-0.0,-0.0,-0.0,-0.0,-0.0,-0.0
2015-12-03,-0.0,-0.0,-0.0,0.0,0.0,-0.0,-0.0
2015-12-04,0.0,0.0,0.0,0.0,-0.0,0.0,0.0
2015-12-07,-0.0,-0.0,-0.0,-0.0,-0.0,-0.0,0.0
2015-12-08,-0.0,-0.0,0.0,0.0,-0.0,-0.0,-0.0
2015-12-09,-0.0,0.0,-0.0,0.0,0.0,0.0,-0.0
2015-12-10,0.0,0.0,0.0,-0.0,0.0,0.0,0.0
2015-12-11,-0.0,-0.0,-0.0,0.0,-0.0,-0.0,-0.0
2015-12-14,0.0,0.0,0.0,-0.0,0.0,0.0,0.0
2015-12-15,0.0,0.0,0.0,0.0,0.0,0.0,0.0
2015-12-16,0.0,0.0,0.0,0.0,-0.0,0.0,0.0
2015-12-17,-0.0,-0.0,-0.0,-0.0,-0.0,-0.0,-0.0
2015-12-18,-0.0,-0.0,-0.0,0.0,-0.0,0.0,-0.0
2015-12-21,0.0,-0.0,0.0,0.0,0.0,0.0,0.0
2015-12-22,0.0,0.0,0.0,-0.0,0.0,0.0,0.0
2015-12-23,0.0,0.0,0.0,0.0,0.0,0.0,0.0
2015-12-24,-0.0,-0.0,-0.0,0.0,0.0,0.0,0.0058312572543682125
2015-12-28,0.0,-0.0,0.0,-0.0,-0.0,-0.0,-0.0009999999999999998
2015-12-29,0.0,0.0,0.0,0.0,0.0,0.0,0.0
2015-12-30,-0.0,-0.0,-0.0,-0.0,-0.0,-0.0,-0.0
2015-12-31,-0.0,-0.0,-0.0,0.0,0.0,-0.0,-0.0
2016-01-04,-0.0,-0.0,-0.0,0.0,-0.0,-0.0,-0.0
2016-01-05,0.0,0.0,0.0,0.0,0.0,-0.0,0.0
2016-01-06,0.0,-0.0,-0.0,0.0,-0.0,-0.0,-0.0
2016-01-07,-0.0,-0.0,-0.0,0.0,-0.0,-0.0,-0.0
2016-01-08,-0.0,-0.0,-0.0,-0.0,-0.0,-0.0,-0.0
2016-01-11,0.0,-0.0,0.0,-0.0,-0.0,0.0,0.0
2016-01-12,0.0,0.0,0.0,-0.0,0.0,0.0,0.0
2016-01-13,-0.0,0.0,-0.0,0.0,-0.0,-0.0,-0.0
2016-01-14,0.0,0.0,0.0,-0.0,0.0,0.0,0.0
2016-01-15,-0.0,-0.0,-0.0,0.0,-0.0,-0.0,-0.0
2016-01-19,0.0,-0.0,-0.0,-0.0,-0.0,0.0,0.0
2016-01-20,-0.0,-0.0,-0.0,0.0,-0.0,-0.0,-0.0
2016-01-21,0.0,0.0,0.0,0.0,0.0,0.0,0.0
2016-01-22,0.0,0.0,0.0,0.0,0.0,0.0,0.0
2016-01-25,0.0,-0.0,-0.0,0.0,-0.0,-0.0,-0.0
2016-01-26,0.0,0.0,-0.0010510090541243828,0.0,0.0,0.0,0.0
2016-01-27,0.0,-0.0,-0.002687668597434113,0.0,0.0,0.0,0.0
2016-01-28,0.0,0.0,0.006146974627411888,-0.0,0.0,0.0,0.0
2016-01-29,0.0,0.0,-0.015296412715036468,0.0,0.0,0.0,0.0
2016-02-01,0.0,-0.0,-0.0010410099274143349,0.0,-0.0,0.0,-0.0
2016-02-02,-0.0,-0.0,-0.00508421049436264,0.0,-0.0,-0.0,-0.0
2016-02-03,0.0,0.0,-0.005169122058595121,0.0,0.0,0.0,0.0
2016-02-04,-0.0,0.0,0.004778854464162632,0.0,-0.0,0.0,-0.0
2016-02-05,-0.0,0.0,-0.00039773678835887177,0.0,-0.0,-0.0,-0.0
2016-02-08,0.0,0.0,0.019997729684867648,0.0,-0.0,-0.0,-0.0
2016-02-09,0.0,-0.0,0.0020063559670637763,-0.0,-0.0,-0.0,-0.0
2016-02-10,-0.0,0.0,-0.00869576912949335,0.0,-0.0,-0.0,0.0
2016-02-11,-0.0,0.0,0.007897928092642231,0.0,0.0,-0.0,-0.0
2016-02-12,0.0,0.0,-0.00245225002132458,0.0,0.0,0.0,0.0
2016-02-16,0.0,0.0,0.0007062467325667193,-0.0,0.0,0.0,0.0
2016-02-17,0.0,0.0,-0.0038058884089447816,0.0,0.0,0.0,0.0
2016-02-18,0.0,0.0,0.0007546546541744438,0.0,-0.0,0.0,0.0
2016-02-19,0.0,0.0,0.0012503696345820751,-0.0,-0.0,-0.0,-0.0
2016-02-22,0.0,0.0,-0.007514568288745869,0.0,0.0,0.0,0.0
2016-02-23,-0.0,-0.0,-0.0004341139804087649,0.0,-0.0,-0.0,-0.0
2016-02-24,0.0,0.0,0.003415404492572121,0.0,0.0,0.0,0.0
2016-02-25,0.0,0.0,-0.006691886664621736,0.0,0.0,0.0,0.0
2016-02-26,-0.0,-0.0,0.004984033291963077,-0.0,0.0,0.0,-0.0
2016-02-29,-0.0,-0.0,-0.00040390501749783996,0.0,0.0,0.0,-0.0
2016-03-01,0.0,0.0,-0.002826607459641269,-0.0,0.0,0.0,0.0
2016-03-02,0.0,0.0,0.0016545548867285477,0.0,0.0,0.0,0.0
2016-03-03,0.0,0.0,0.0023350952838627342,0.0,0.0,0.0,0.0
2016-03-04,0.0,0.0,0.001499382741943077,-0.0,0.0,0.0,0.0
2016-03-07,-0.0,0.0,0.007293941486645157,0.0,0.0,0.0,-0.0
2016-03-08,0.0,-0.0,0.003795047663885501,-0.0,-0.0,-0.0,-0.0
2016-03-09,0.0,0.0,0.0010703757866468895,0.0,0.0,0.0,0.0
2016-03-10,0.0,0.0,0.002375192163485035,0.0,0.0,-0.0,-0.0
2016-03-11,0.0,0.0,-0.003583097596691644,-0.0,0.0,0.0,0.0
2016-03-14,0.0,0.0,0.002482565955479202,-0.0,-0.0,-0.0,0.0
2016-03-15,0.0,0.0,-0.001138977344634473,0.0,-0.0,-0.0,-0.0
2016-03-16,-0.0,0.0,-0.0007067505734723993,0.0,0.0,0.0,0.0
2016-03-17,0.0,0.0,0.00028331453686973205,-0.0,0.0,0.0,0.0
2016-03-18,-0.0,0.0,-0.001001920019401002,0.0,0.0,-0.0,0.0
2016-03-21,0.0,-0.0,0.0002369013689978006,-0.0,0.0,0.0,0.0
2016-03-22,-0.0,0.0,0.00369824934594059,0.0,-0.0,-0.0,0.0
2016-03-23,0.0,-0.0,-0.005917224327928299,-0.0,-0.0,-0.0,-0.0
2016-03-24,0.0,0.0,-0.0028324166162822543,0.0,0.00388806292982598,-0.0,-0.0
2016-03-28,0.0,0.0,-0.0025985130057239133,0.0,-0.0009408973637375854,0.0,0.0
2016-03-29,0.0,0.0,-0.0031844746317792522,0.0,0.011661241651539811,0.0,0.0
2016-03-30,0.0,-0.0,-0.006194677249220597,-0.0,-0.001,0.0,0.0
2016-03-31,-0.0,0.0,0.005324793181984702,0.0,-0.0,-0.0,-0.0
2016-04-01,0.0,-0.0,-0.0024126045536629766,0.0,0.00973059724066154,-0.0,-0.0
2016-04-04,0.0,0.0,-0.005398349553208937,-0.0,-0.001,-0.0,0.0
2016-04-05,-0.0,-0.0,0.003331320792174429,0.0,-0.007177255229648065,-0.0,-0.0
2016-04-06,0.0,0.0,-0.001,0.0,-0.013663624153253224,0.0,0.0
2016-04-07,-0.0,-0.0,-0.0,0.0,0.001471020405847237,-0.0,-0.0063613567419826475
2016-04-08,0.0,0.0,0.0,0.0,-0.001,0.0,-0.010900880130964376
2016-04-11,-0.0,0.0,-0.0,0.0,-0.015027383551472805,0.0,0.005136597945095408
2016-04-12,0.0,0.0,0.0,0.0,-0.000955081962479176,0.0,-0.008988317425890256
2016-04-13,-0.0,0.0,-0.0012734188940065453,-0.0,0.008240289271160684,0.0,-0.012046212498074025
2016-04-14,-0.0,0.0,0.002448757938796528,-0.0,-0.0009999999999999998,0.0,-0.0012038218866201069
2016-04-15,0.0,-0.0,-0.004086166310598583,0.0,-0.0,0.0,0.005122592800655368
2016-04-18,0.0,0.0,0.0051479328851875865,-0.0,0.0,0.0,-0.00022120728692680652
2016-04-19,0.0,0.0,-0.0029358891536235133,0.0,-0.0018230941517559556,0.0,0.0009128120708544712
2016-04-20,-0.0,0.0,-0.00019096088389630646,-0.0,-0.001,0.0,-0.003248586426194197
2016-04-21,-0.0,-0.0,-0.0009105245768121843,0.0,-0.0,-0.0,-0.0016431590653891858
2016-04-22,0.0,0.0,-0.011328033172567118,-0.0,0.0,0.0,-0.006591895610767273
2016-04-25,0.0,-0.0,-0.004818360096221657,0.0,0.0011091460976794033,-0.0,0.0020134205181064914
2016-04-26,-0.0,0.0,0.0014883969708603753,0.0,-0.001,0.0,0.002771696619447807
2016-04-27,0.0,0.0,-0.0033508197356739793,0.0,0.0,0.0,-0.001
2016-04-28,0.0,-0.0,-0.002415190948170926,0.0,0.0,0.0,-0.0
2016-04-29,0.0,0.0,-0.0023544134897389097,0.0,0.0,0.0,-0.0
2016-05-02,0.0,0.0,-0.0009999999999999998,-0.0,-0.0,0.0,0.0
2016-05-03,0.0,-0.0,-0.003466250442497361,-0.0,-0.0,-0.0,-0.0
2016-05-04,0.0,-0.0,-0.001,-0.0,0.0,-0.0,-0.0
2016-05-05,0.0,0.0,0.0,0.0,0.0,-0.0,0.0
2016-05-06,0.0,0.0,0.0,0.0,0.0,0.0,0.0
2016-05-09,0.0,0.0,0.0021957283372933075,-0.0,-0.0,-0.0,0.0
2016-05-10,0.0,0.0,0.0021478818979319284,0.0,0.0,0.0,0.0
2016-05-11,-0.0,-0.0,-0.001,0.0,0.0,0.0,-0.0
2016-05-12,0.0,0.0,0.0,-0.0,0.0,0.0,0.0
2016-05-13,-0.0,-0.0,-0.00579288357710453,0.0,-0.0,-0.0,-0.0
2016-05-16,0.0,0.0,-0.001,0.0,0.0,0.0,0.0
2016-05-17,-0.0,-0.0,-0.0,0.0,0.0,0.0,-0.0
2016-05-18,-0.0,-0.0,0.0,-0.0,-0.0,-0.0,0.0
2016-05-19,0.0,0.0,-0.0,0.0,0.0,-0.0,-0.0
2016-05-20,-0.0,-0.0,0.0,0.0,0.0,0.0,0.0
2016-05-23,0.0,-0.0,-0.0,-0.0,-0.0,-0.0,-0.0
2016-05-24,0.0,0.0,0.0,-0.0,0.0,0.0,0.0
2016-05-25,0.0,0.0,-0.0,0.0,0.0,0.0,0.0
2016-05-26,0.0,-0.0,-0.0,-0.0,-0.0,0.0,0.0
2016-05-27,0.0,0.0,0.0,-0.0,0.0,0.0,-0.0
2016-05-31,-0.0,-0.0,-0.0,0.0,-0.0,-0.0,0.0
2016-06-01,0.0,0.0,0.0,0.0,0.0,0.0,0.0
2016-06-02,0.0,-0.0,0.0,0.0,-0.0,0.0,0.0
2016-06-03,0.0,0.0,-0.0,0.0,-0.0,0.0,0.0
2016-06-06,0.0,0.0,0.0,0.0,0.0,0.0,0.0
2016-06-07,-0.0,0.0,0.0,-0.0,0.0,0.0,0.0
2016-06-08,0.0,0.0,0.0,0.0,0.0,0.0,0.0
2016-06-09,0.0,-0.0,-0.0,0.0,-0.0,-0.0,-0.0
2016-06-10,0.0,-0.0,-0.0,0.0,-0.0,-0.0,-0.0
2016-06-13,-0.0,0.0,-0.0,0.0,-0.002238010858416421,-0.0,-0.0
2016-06-14,0.0,-0.0,0.0,0.0,-0.0005057414497224001,-0.0,-0.0
2016-06-15,-0.0,-0.0,-0.0,0.0,-0.006030074362287668,0.0,0.0
2016-06-16,0.0,0.0,0.0,-0.0,-0.0067101406067496885,-0.0,0.0
2016-06-17,-0.0,0.0,-0.0,0.0,0.009201037635344439,0.0,0.0
2016-06-20,0.0,0.0,0.0,-0.0,0.0015910173273798324,0.0,0.0
2016-06-21,0.0,0.0,0.0,-0.0,-0.00840575006573978,0.0,0.0
2016-06-22,-0.0,-0.0,-0.0,0.0,-0.0006720896157056189,0.0,0.0
2016-06-23,0.0,0.0,0.0,-0.0,-0.0039022516239432567,0.0,0.0
2016-06-24,-0.0,-0.0,-0.0,0.0,0.004706096616205849,-0.0,-0.0
2016-06-27,0.0,-0.0,-0.0,0.0,0.014776952144235292,-0.0,-0.0
2016-06-28,0.0,0.0,0.0,-0.0,-0.009809557115956581,0.0,0.0
2016-06-29,0.0,0.0,0.0,0.0,-0.002978796467325543,0.0,0.0
2016-06-30,0.0,0.0,-0.0,0.0,-0.011652578704012585,0.0,0.0
2016-07-01,-0.0,0.0,0.0,0.0,0.002701841721125728,0.0,0.0
2016-07-05,0.0,-0.0,0.0,0.0,-0.001,-0.0,0.0
2016-07-06,-0.0,0.0,-0.0,0.0,0.0,0.0,0.0
2016-07-07,0.0,-0.0,0.0,-0.0,-0.0,-0.0,0.0
2016-07-08,0.0,0.0,0.0,0.0,0.0,0.0,0.0
2016-07-11,0.0,0.0,0.0,0.0,0.0,0.0,0.0
2016-07-12,0.0,0.0,0.0,-0.0,0.0,0.0,0.0
2016-07-13,0.0,-0.0,0.0,0.0,-0.0,0.0,0.0
2016-07-14,0.0,0.0,0.0,-0.0,-0.005014761772839129,0.0,0.0
2016-07-15,-0.0,0.0,0.0,-0.0,-0.006442854716036633,-0.0,-0.0
2016-07-18,0.0,-0.0,0.0,0.0,0.008936215097919425,0.0,0.0
2016-07-19,0.0,-0.0,0.0,0.0,0.0036868295674712882,-0.0,-0.0
2016-07-20,-0.0,-0.0,0.0,-0.0,-0.002228736480589908,0.0,0.0
2016-07-21,-0.0,-0.0,-0.0,0.0,0.008106264126813065,0.0,0.0
2016-07-22,0.0,0.0,0.0,-0.0,0.005066099378965292,-0.0,0.0
2016-07-25,-0.0,-0.0,-0.0,-0.0,0.006733821449566934,0.0,0.0
2016-07-26,-0.0,-0.0,0.0,0.0,0.005306117200404499,0.0,0.0
2016-07-27,-0.0,-0.0,0.0,0.0,0.0056251464716675385,-0.0,0.0
2016-07-28,0.0,-0.0,0.0,-0.0,0.013019606942220045,0.0,0.0
2016-07-29,0.0,0.0,-0.0,0.0,-0.0007194770615610003,0.0,0.0
2016-08-01,0.0,-0.0,0.0,0.0,0.005461355936018483,-0.0,0.0
2016-08-02,0.0,0.0,0.0,0.0,0.008723465238255986,-0.0,-0.0
2016-08-03,0.0,0.0,0.0,-0.0,-0.013045470279089371,0.0,-0.0
2016-08-04,0.0,-0.0,0.0,0.0,-0.009326689249419075,0.0,0.0
2016-08-05,-9.894547419161377e-05,0.0,0.0,-0.0,0.002866796315033148,0.0,0.0
2016-08-08,-2.9627603667999045e-05,0.0,-0.0,0.0,-0.0077332718461514864,0.0,0.0
2016-08-09,-0.0004050772835110825,0.0,0.0,0.0,-0.0006857113748098274,0.0,0.0
2016-08-10,-0.0019363418397382777,-0.0,-0.0,0.0,0.011817684608811664,0.0,0.0
2016-08-11,-0.0009999999999999998,0.0,0.0,-0.0,-0.018684296217566083,0.0,0.0
2016-08-12,-0.0066973770164754755,0.0010089375145841894,-0.0,0.0,-0.013430837389729887,-0.0,-0.0
2016-08-15,-0.004211557184780398,-0.0034328132764681793,0.0,0.0,-0.01031776474846664,0.0,0.0
2016-08-16,0.007650050194008507,0.0013424540519108054,-0.0,0.0,-0.007626133730165451,0.0,0.0
2016-08-17,-0.00432784967775914,-0.0025545041800000595,0.0,0.0,-0.0022657515636784332,0.0,0.0
2016-08-18,-0.001027021252182906,-0.0027810139548021975,-0.0,0.0,-0.006702279326115648,0.0,0.0
2016-08-19,-0.001,-0.001,0.0,-0.0,-0.005667918981354366,-0.0,-0.0
2016-08-22,-0.0,0.00199678207429734,0.0,-0.0,0.013122745654774665,0.0,0.0
2016-08-23,0.0,8.962742943295023e-06,0.0,-0.0,-0.003023895885028961,0.0,0.0
2016-08-24,0.0,-0.0013090963915706702,-0.0,-0.0,-0.001,0.0,-0.0
2016-08-25,-0.0,-0.001201813486779196,0.0,0.0,0.0,-0.0,-0.0
2016-08-26,-0.0,0.002089718641615645,0.0,-0.0,0.0,-0.0,-0.0
2016-08-29,0.0,-0.0010669037962242691,0.0,0.0,0.0,0.0,0.0
2016-08-30,-0.0,0.00023605760174025343,0.0,-0.0,-0.0,-0.0,0.0
2016-08-31,0.0,0.004105690154771474,-0.0,-0.0,-0.0,-0.0,0.0
2016-09-01,0.0,0.0004636042800980558,0.0,0.0,-0.0,0.0,0.0
2016-09-02,0.0,-0.0009902259261236536,0.0,0.0,0.0,0.0,0.0
2016-09-06,0.0,-0.002320622380868933,0.0,0.0,0.0,0.0,0.0
2016-09-07,-0.0,-0.004115713524445023,0.0,-0.0,0.0,-0.0,0.0
2016-09-08,-0.0,-0.0025536146999618928,0.0,-0.0,0.0,-0.0,-0.0
2016-09-09,-0.0,0.003947488887659165,-0.0,-0.0,-0.0,-0.0,-0.0
2016-09-12,0.0,-0.003035875500514675,0.0,0.0,0.0,0.0,0.0
2016-09-13,-0.0,0.004505027563147616,-0.0,-0.0,-0.0,-0.0,-0.0
2016-09-14,0.0,0.0023707708991708917,-0.0,0.0,-0.0,0.0,-0.0
2016-09-15,0.0,-0.003530233869324791,0.0,0.0,0.0,0.0,0.0
2016-09-16,-0.0,0.0036461429541665012,0.0,-0.0,-0.0,-0.0,-0.0
2016-09-19,0.0,-0.002216664904184523,0.0,0.0,-0.0,0.0,0.0
2016-09-20,0.0,-0.005009228500402769,0.0,0.0,0.0,0.0,0.0
2016-09-21,0.0,-0.0067892458634288295,0.0,0.0,0.0,0.0,0.0
2016-09-22,0.0,-0.00066768382823334,0.0,0.0,0.0,0.0,0.0
2016-09-23,-0.0,0.0036880548941925434,-0.0,0.0,-0.0,-0.0,-0.0
2016-09-26,-0.0,0.0003281116202745281,-0.0,-0.0,0.0,-0.0,-0.0
2016-09-27,0.0,-0.00016639337863077913,0.0,-0.0,-0.0,0.0,0.0
2016-09-28,-0.0,0.0020290069581878393,0.0,0.0,0.0,0.0,0.0
2016-09-29,0.0,0.0024597165809801583,-0.0,-0.0,0.0,-0.0,-0.0
2016-09-30,0.0,-0.004755939911797698,0.0,-0.0,0.0,0.0,0.0
2016-10-03,-0.0,0.0013151491999965504,0.0,-0.0,0.0,0.0,-0.0
2016-10-04,-0.0,0.0022102120325366817,-0.0,-0.0,-0.0,-0.0,0.0
2016-10-05,-0.0,-0.0013515071860710516,0.0,0.0,0.0,0.0,0.0
2016-10-06,0.0,0.0004539530280293561,0.0,-0.0,0.0,0.0,-0.0
2016-10-07,0.0,-0.0020528063161374534,-0.0,0.0,-0.0,-0.0,0.0
2016-10-10,0.0,-0.00045659357660797885,0.0,0.0,0.0,0.0,0.0
2016-10-11,-0.0,-0.001,-0.0,-0.0,-0.0,-0.0,-0.0
2016-10-12,0.0,-0.0,0.0,0.0,-0.0,0.0,-0.0
2016-10-13,-0.0,-0.0,-0.0,0.0,0.0,0.0,-0.0
2016-10-14,0.0,0.0,0.0,-0.0,-0.0,0.0,0.0
2016-10-17,0.0,0.0,-0.0,0.0,-0.0,0.0,0.0
2016-10-18,0.0,0.0,0.0,0.0,0.0,0.0,0.0
2016-10-19,0.0,0.0,0.0,0.0,0.0,0.0,0.0
2016-10-20,-0.0,-0.003138926699189998,-0.0,-0.0,-0.0,-0.0,0.0
2016-10-21,0.0,0.0008024950381412973,0.0,0.0,0.0,-0.0,0.0
2016-10-24,0.0,-0.004796266996462365,0.0,-0.0,-0.0,-0.0,0.0
2016-10-25,-0.0,0.0016399160842764048,-0.0,0.0,-0.0,0.0,0.0
2016-10-26,-0.0,-0.00023231609405360495,0.0,-0.0,0.0,-0.0,-0.0
2016-10-27,-0.0,-0.005040770287746326,0.0,0.0,0.0,0.0,0.0
2016-10-28,0.0,0.031527675976270736,0.0,0.0,-0.0,-0.0,0.0
2016-10-31,0.0,0.013228192011309885,0.0,0.0,-0.0,0.0,0.0
2016-11-01,-0.0,0.005862167772375909,-0.0,0.0,0.0,0.0,-0.0
2016-11-02,0.0,-0.0037002406613902135,-0.0,0.0,-0.0,-0.0,-0.0
2016-11-03,-0.0,-0.0013273624448893102,0.0,0.0,0.0,0.0,0.0
2016-11-04,-0.0,-0.0022443349941848917,-0.0,0.0,-0.0,-0.0,-0.0
2016-11-07,0.0,-0.0022051253850150503,0.0,-0.0,0.0,0.0,0.0
2016-11-08,0.0,-0.001780726537398121,0.0,-0.0,0.0,0.0,0.0
2016-11-09,-0.0,-0.0041738734692801024,0.0,0.0,0.0,0.0,0.0
2016-11-10,-0.0,-0.004167162316015316,-0.0,-0.0,0.0,-0.0,0.0
2016-11-11,0.0,0.003082573938559563,0.0,-0.0,-0.0,-0.0,0.0
2016-11-14,0.0,-0.0009999999999999998,-0.0,0.0,0.0,0.0,0.0
2016-11-15,0.0,-0.012893663814498964,0.0,0.0,0.0,0.0,0.0
2016-11-16,-0.0,0.011065071146654644,0.0,-0.0,-0.0,-0.0,-0.0
2016-11-17,-0.0,-0.0009999999999999998,0.0,-0.0,-0.0,0.0,0.0
2016-11-18,-0.0,-0.0001447481720707055,0.0,-0.0,0.0,0.0,-0.0
2016-11-21,0.0,-0.010990230509965898,0.0,0.0,0.0,0.0,0.0
2016-11-22,0.0,-0.001,-0.0,0.0,-0.0,0.0,0.0
2016-11-23,-0.0,0.0,-0.0,-0.0,0.0,0.0,0.0
2016-11-25,0.0,0.0,0.0,0.0,-0.0,0.0,0.0
2016-11-28,0.0,-0.0,-0.0,0.0,0.0,0.0,0.0
2016-11-29,-0.0,-0.0,0.0,-0.0,-0.0,0.0,0.0
2016-11-30,-0.0,0.0,-0.0,-0.0,0.0,0.0,-0.0
2016-12-01,-0.0,0.0,-0.0,-0.0,0.0,0.0,-0.0
2016-12-02,0.0,-0.0,0.0,0.0,0.0,0.0,0.0
2016-12-05,0.0,0.0,0.0,-0.0,0.0,0.0,0.0
2016-12-06,0.0,0.0,-0.0,-0.0,-0.0,0.0,0.0
2016-12-07,0.0,0.0,0.0,0.0,0.0,0.0,0.0
2016-12-08,-0.0,0.0,-0.0,0.0,0.0,0.0,0.0
2016-12-09,0.0,0.0,-0.0,-0.0,0.0,0.0,0.0
2016-12-12,0.0,0.0,-0.0,0.0,0.0,0.0,0.0
2016-12-13,0.0,0.0,0.0,0.0,0.0,0.0,0.0
2016-12-14,-0.0,-0.0,-0.0,-0.0,-0.0,-0.0,-0.0
2016-12-15,0.0,0.0,0.0,-0.0,0.0,-0.0,0.0
2016-12-16,0.0,0.0,-0.0,0.0,0.0,0.0,0.0
2016-12-19,-0.0,-0.0,0.0,0.0,-0.0,-0.0,0.0
2016-12-20,-0.0,0.0,0.0,0.0,0.0,0.0,0.0
2016-12-21,-0.0,-0.0,-0.0,0.0,0.0,-0.0,0.0
2016-12-22,0.0,0.0,0.0,-0.0,0.0,0.0,-0.0
2016-12-23,0.0,-0.0,0.0,0.0,0.0,-0.0,0.0
2016-12-27,0.0,0.0,0.0,0.0,0.0,0.0,0.0
2016-12-28,-0.0,-0.0,-0.0,0.0,0.0,0.0,-0.0
2016-12-29,0.0,0.0,0.0,0.0,-0.0,0.0,0.0
2016-12-30,-0.0,-0.0,-0.0,-0.0,0.0,-0.0,0.0
2017-01-03,0.0,0.0,0.0,0.0,0.0,0.0,0.0
2017-01-04,0.0,-0.0,0.0,0.0,0.0,0.0,0.0
2017-01-05,0.0,-0.0,0.0,0.0,0.0,0.0,0.0
2017-01-06,-0.0,-0.0,0.0,-0.0,0.0,-0.0,-0.0
2017-01-09,-0.0,-0.0,-0.0,0.0,-0.0,0.0,0.0
2017-01-10,-0.0,-0.0,-0.0,0.0,-0.0,0.0,-0.0
2017-01-11,0.0,0.0,0.0,0.0,0.0,0.0,0.0
2017-01-12,0.0,0.0,0.0,0.0,0.0,0.0,-0.0
2017-01-13,-0.0,0.0,-0.0,0.0,-0.0,0.0,0.0
2017-01-17,0.0,0.0,0.0,0.0,0.0,0.0,0.0
2017-01-18,0.0,-0.0,0.0,-0.0,-0.0,-0.0,0.0
2017-01-19,-0.0,-0.0,0.0,-0.0,0.0,0.0,-0.0
2017-01-20,0.0,0.0,0.0,0.0,0.0,0.0,0.0
2017-01-23,0.0,-0.0,0.0,0.0,-0.0,-0.0,0.0
2017-01-24,0.0,0.0,0.0,0.0,0.0,0.0,0.0
2017-01-25,0.0,0.0,0.0,-0.0,0.0,0.0,0.0
2017-01-26,-0.0,0.0,-0.0,-0.0,0.0,-0.0,0.0
2017-01-27,-0.0,-0.0,0.0,0.0,-0.0,0.0,0.0
2017-01-30,0.0,-0.0,-0.0,0.0,-0.0,-0.0,-0.0
2017-01-31,0.0,-0.0,-0.0,0.0,0.0,0.0,-0.0
2017-02-01,-0.0,-0.0,-0.0,-0.0,0.0,0.0,0.0
2017-02-02,0.0,0.0,0.0,0.0,0.0,0.0,-0.0
2017-02-03,0.0,0.0,0.0,0.0,0.0,0.0,0.0
2017-02-06,0.0,-0.0,0.0,0.0,-0.0,-0.0,-0.0
2017-02-07,0.0,-0.0,0.0,-0.0,-0.0,-0.0,-0.0
2017-02-08,0.0,0.0,0.0,-0.0034840676392353066,0.0,0.0,0.0
2017-02-09,0.0,0.0,0.0,0.00030955060574426493,0.0,0.0,0.0
2017-02-10,0.0,0.0,0.0,0.0012209195611607318,0.0,0.0,0.0
2017-02-13,0.0,0.0,0.0,0.002365522210673808,0.0,0.0,0.0
2017-02-14,0.0,-0.0,0.0,-0.0011634837536855336,0.0,0.0,0.0
2017-02-15,-0.0,0.0,0.0,-0.0034230621427213163,-0.0,0.0,0.0
2017-02-16,0.0,-0.0,-0.0,-0.0018708304338704992,0.0,0.0,0.0
2017-02-17,0.0,-0.0,0.0,-0.0009213336465997938,-0.0,-0.0,-0.0
2017-02-21,0.0,0.0,0.0,-0.001988809618280829,0.0,0.0,0.0
2017-02-22,0.0,-0.0,-0.0,-0.0036575143753705412,-0.0,0.0,0.0
2017-02-23,0.0,0.0,0.0,-0.0065077141147634925,0.0,0.0,-0.0
2017-02-24,0.0,-0.0,0.0,-0.0071734399620291996,-0.0,-0.0,-0.0
2017-02-27,-0.0,0.0,-0.0,-0.007874152562818404,0.0,-0.0,0.0
2017-02-28,0.0,0.0,-0.0,-0.0006582742893512049,-0.0,-0.0,-0.0022502181755953365
2017-03-01,0.0,0.0,0.0,0.0023226675811224267,0.0,0.0,0.003998394238790671
2017-03-02,0.0,0.0,-0.0,-0.00024904003642787896,-0.0,-0.0,-0.0050535109906313614
2017-03-03,0.0,0.0,0.0,0.0031140783374709363,0.0,0.0,-0.002066882869041822
2017-03-06,-0.0,0.0,0.0,-0.00026079650191862725,0.0,0.0,4.8301385172559785e-05
2017-03-07,-0.0,-0.0,0.0,0.0049625194972914895,-0.0,0.0,-0.0004802740337420473
2017-03-08,0.0,-0.0,0.0,0.00321557927983037,-0.0,-0.0,-0.0010292819368935252
2017-03-09,0.0,0.0,0.0,0.0018402657160329148,0.0,0.0,-0.001951687238816168
2017-03-10,0.0,0.0,0.0,0.004333865938808861,-0.0,0.0,0.002303515892054608
2017-03-13,0.0,-0.0,0.0,0.0025365419727652635,0.0,0.0,0.0034394508164355183
2017-03-14,-0.0,-0.0,-0.0,-0.0023320830633882413,-0.0,-0.0,-0.0033219288737319553
2017-03-15,0.0,0.0,0.0,0.0020905546026232704,0.0,0.0,0.0032786020326862502
2017-03-16,0.0,0.0,0.0,-0.005250268010628923,-0.0,0.0,-0.003684433091317563
2017-03-17,0.0,-0.0,0.0,-0.002729363017481848,-0.0,0.0,0.0031353733566932512
2017-03-20,0.0,0.0,-0.0,-0.0013967432161839453,-0.0,0.0,0.0006472790358642397
2017-03-21,0.0,0.0,-0.0,-0.0033710876906824405,-0.0,-0.0,-0.001
2017-03-22,0.0,0.0,0.0,-0.0020386077639119055,0.0,0.0,0.0
2017-03-23,-0.0,0.0,0.0,-0.0010368266367619897,-0.0,0.0,0.0
2017-03-24,0.0,0.0,0.0,-0.0023231445856555155,0.0,0.0,0.0
2017-03-27,0.0,0.0,-0.0,0.0004011211506755517,-0.0,0.0,0.0
2017-03-28,0.0,0.0,0.0,-0.0025824223888692233,0.0,0.0,0.0
2017-03-29,-0.0,0.0,0.0,-0.0009829777445153531,0.0,0.0,-0.0
2017-03-30,0.0,0.0,0.0,0.0021878750509841983,0.0,0.0,-0.0
2017-03-31,-0.0,-0.0,-0.0,0.0008270819051912107,0.0,0.0,0.0
2017-04-03,0.0,0.0,0.0,-0.0004619530603088902,-0.0,-0.0,0.0
2017-04-04,0.0,0.0,-0.0,0.0005440233969475682,0.0,0.0,0.0
2017-04-05,-0.0,0.0,0.0,0.0002473462400568877,-0.0,-0.0,-0.0
2017-04-06,0.0,0.0,0.0,0.003124845246579975,0.0,0.0,-0.0
2017-04-07,0.0,-0.0,-0.0,-0.0019617127753621096,0.0,-0.0,0.0
2017-04-10,0.0,0.0,0.0,0.0013579958030590655,0.0,0.0,-0.0
2017-04-11,-0.0,-0.0,-0.0,-0.004828115660746929,0.0,0.0,0.0
2017-04-12,0.0,0.0,-0.0,-0.0035133040853256707,-0.0,-0.0,0.0
2017-04-13,-0.0,-0.0,0.0,-0.0040156805001337875,0.0,-0.0,-0.0
2017-04-17,0.0,0.0,0.0,0.0016455703534927002,0.0,0.0,0.0
2017-04-18,0.0,-0.0,-0.0,-0.005521931428586996,-0.0,-0.0,-0.0
2017-04-19,-0.0,-0.0,0.0,-0.0009782902326011145,-0.0,-0.0,-0.0
2017-04-20,-0.0,0.0,0.0,0.00025848817353411256,0.0,0.0,0.0
2017-04-21,-0.0,0.0,0.0,-0.0019994275408850215,-0.0,0.0,0.0
2017-04-24,0.0,0.0,0.0,0.0014991155499954323,0.0,0.0,0.0
2017-04-25,-0.0,0.0,0.0,-0.0013019373537721433,0.0,0.0,0.0
2017-04-26,0.0,-0.0,0.0,-0.003477987735286997,-0.0,-0.0,0.0
2017-04-27,-0.0,-0.0,0.0,-0.001516878501619482,-0.0,-0.0,0.0
2017-04-28,0.0,0.0,-0.0,0.0016902252917548948,0.0,0.0,0.0
2017-05-01,0.0,0.0,0.0,0.0018087182483654512,-0.0,0.0,0.0
2017-05-02,0.0,-0.0,0.0,0.0006013676133729885,-0.0,0.0,0.0
2017-05-03,-0.0,0.0,-0.0,0.008586575860741862,0.0,-0.0,0.0
2017-05-04,0.0,-0.0,0.0,0.003712362229046645,-0.0,-0.0,0.0
2017-05-05,0.0,0.0,-0.0,0.0031363589095266932,0.0,0.0,0.0
2017-05-08,0.0,0.0,-0.0,0.0016064610559310489,0.0,0.0,0.0
2017-05-09,-0.0,-0.0,0.0,0.004457807843748974,-0.0,-0.0,-0.0
2017-05-10,0.0,0.0,0.0,-0.001,0.0,0.0,-0.0
2017-05-11,0.0,0.0,-0.0,0.0,0.0,-0.0,-0.0
2017-05-12,-0.0,-0.0,0.0,0.0,0.0,-0.0,0.0
2017-05-15,0.0,0.0,0.0,0.0,0.0,0.0,0.0
2017-05-16,0.0,0.0,0.0,0.0,-0.0,0.0,0.0
2017-05-17,0.0,-0.0,-0.0,0.0,0.0,-0.0,-0.0
2017-05-18,0.0,0.0,-0.0,-0.0,0.0,0.0,0.0
2017-05-19,0.0,0.0,0.0,0.0,0.0,0.0,0.0
2017-05-22,0.0,0.0,0.0,0.0,0.0,0.0,0.0
2017-05-23,0.0,0.0,0.0,-0.0,0.0,0.0,0.0
2017-05-24,0.0,-0.0,0.0,0.0,-0.0,0.0,0.0
2017-05-25,0.0,-0.0,0.0,-0.0,-0.0,-0.0,0.0
2017-05-26,0.0,-0.0,-0.0,0.0,0.0,0.0,0.0
2017-05-30,0.0,-0.0,0.0,-0.0,-0.0,-0.0,0.0
2017-05-31,0.0,-0.0,0.0,0.0,-0.0,-0.0,0.0
2017-06-01,0.0,0.0,0.0,0.0,0.0,0.0,0.0
2017-06-02,0.0,-0.0,0.0,0.0,-0.0,0.0,0.0
2017-06-05,0.0,0.0,0.0,0.0,0.0,0.0,-0.0
2017-06-06,-0.0,0.0,-0.0,0.0,0.0,0.0,0.0
2017-06-07,-0.0,-0.0,0.0,-0.0,-0.0,0.0,0.0
2017-06-08,-0.0,0.0,0.0,-0.0,-0.0,0.0,-0.0
2017-06-09,0.0,0.0,-0.0,-0.0,0.0,0.0,0.0
2017-06-12,0.0,0.0,-0.0,-0.0,0.0,0.0,0.0
2017-06-13,0.0,0.0,0.0,0.0,0.0,0.0,0.0
2017-06-14,0.0,-0.0,0.0,-0.0,-0.0,0.0,0.0
2017-06-15,-0.0,0.0,-0.0,-0.0,-0.0,-0.0,-0.0
2017-06-16,0.0,0.0,0.0,0.0,0.0,0.0,0.0
2017-06-19,0.0,-0.0,0.0,-0.0,-0.0,0.0,0.0
2017-06-20,0.0,-0.0,-0.0,-0.0,-0.0,-0.0,0.0
2017-06-21,-0.0,-0.0,0.0,0.0,-0.0,-0.0,0.0
2017-06-22,-0.0,-0.0,0.0,0.0,0.0,0.0,0.0
2017-06-23,0.0,0.0,0.0,0.0,0.0,0.0,0.0
2017-06-26,0.0,-0.0,-0.0,-0.0,0.0,0.0,0.0
2017-06-27,-0.0,-0.0,-0.0,0.0,0.0,0.0,0.0
2017-06-28,0.0,0.0,0.0,0.0,0.0,0.0,0.0
2017-06-29,-0.0,-0.0,-0.0,-0.0,0.0,0.0,-0.0
2017-06-30,0.0,0.0,-0.0,0.0,0.0,-0.0,0.0
2017-07-03,-0.0,0.0,-0.0,-0.0,0.0,0.0,0.0
2017-07-05,0.0,-0.0,0.0,0.0,-0.0,0.0,0.0
2017-07-06,-0.0,-0.0,-0.0,-0.0,0.0,-0.0,-0.0
2017-07-07,0.0,0.0,0.0,-0.0,-0.0,0.0,0.0
2017-07-10,-0.0,-0.0,0.0,0.0,0.0,0.0,0.0
2017-07-11,-0.0,0.0,0.0,0.0,0.0,0.0,0.0
2017-07-12,0.0,0.0,0.0,0.0,0.0,0.0,0.0
2017-07-13,-0.0,0.0,0.0,-0.0,0.0,0.0,0.0
2017-07-14,0.0,0.0,0.0,0.0,0.0,0.0,0.0
2017-07-17,0.0,-0.0,0.0,0.0,-0.0,-0.0,-0.0
2017-07-18,0.0,-0.0,0.0,0.0,0.0,0.0,0.0
2017-07-19,0.0,0.0,0.0,0.0,0.0,0.0,0.0
2017-07-20,0.0,0.0,0.0,0.0,-0.0,0.0,0.0
2017-07-21,0.0,-0.0,0.0,0.0,-0.0,-0.0,0.0
2017-07-24,-0.0,-0.0,0.0,0.0,0.0,0.0,-0.0
2017-07-25,0.0,0.0,0.0,0.0,0.0,0.0,0.0
2017-07-26,0.0,0.0,0.0,0.0,0.0,0.0,0.0
2017-07-27,0.0,0.0,-0.0,-0.0,0.0,-0.0,0.0
2017-07-28,-0.0,0.0,-0.0,0.0,0.0,0.0,0.0
2017-07-31,0.0,0.0,0.0,0.0,0.0,0.0,0.0
2017-08-01,-0.0,0.0,0.0,-0.0011264220074066018,-0.0,0.0,0.0
2017-08-02,-0.0,0.0,0.0,-0.0005154628631176943,0.0,0.0,0.0
2017-08-03,0.0,-0.0,-0.0,0.0020644986940773834,-0.0,-0.0,0.0
2017-08-04,0.0,0.0,0.0,0.00038665435779940426,0.0,0.0,0.0
2017-08-07,0.0,-0.0,0.0,0.0010031714555673507,-0.0,0.0,-0.0
2017-08-08,-0.0,0.0,-0.0,0.0011849159424239927,-0.0,-0.0,-0.0
2017-08-09,-0.0,0.0,-0.0,0.0027894881779424153,0.0,-0.0,-0.0
2017-08-10,0.0,-0.0,-0.0,-0.002166086924555908,-0.0,-0.0,-0.0
2017-08-11,0.0,-0.0,0.0,0.002134446984760581,0.0,0.0,0.0
2017-08-14,0.0,0.0,0.0,-0.00011503113822447394,-0.0,0.0,0.0
2017-08-15,0.0,-0.0,0.0,-0.001197891202346042,0.0,-0.0,-0.0
2017-08-16,0.0,-0.0,0.0,-0.0028125277169106836,-0.0,0.0,0.0
2017-08-17,-0.0,-0.0,-0.0,0.004098437574054625,0.0,-0.0,-0.0
2017-08-18,-0.0,0.0,0.0,0.0004039984634026228,0.0,0.0,0.0
2017-08-21,0.0,-0.0,0.0,-0.003043484452194854,-0.0,0.0,-0.0
2017-08-22,-0.0,0.0,0.0,0.0001552285793483507,0.0,0.0,0.0
2017-08-23,-0.0,0.0,-0.0,3.444254941233792e-05,0.0,0.0,0.0
2017-08-24,-0.0,0.0,0.0,-0.003368660684394618,0.0,0.0,-0.0
2017-08-25,0.0,0.0,0.0,0.00157909223466092,0.0,0.0,0.0
2017-08-28,-0.0,-0.0,0.0,-0.001559946559683417,-0.0,-0.0,0.0
2017-08-29,0.0,0.0,-0.0,-0.003658264072713744,-0.0,0.0,-0.0
2017-08-30,0.0,-0.0,-0.0,0.003221808357127617,0.0,-0.0,-0.0
2017-08-31,0.0,0.0,-0.0,6.371846022286957e-05,0.0,0.0,0.0
2017-09-01,0.0,0.0,0.0,0.0004463624508772432,0.0,0.0,0.0
2017-09-05,0.0,0.0,-0.0,0.00023935270932231987,0.0,-0.0,-0.0
2017-09-06,0.0,0.0,0.0,0.0017370929379945837,0.0,0.0,0.0
2017-09-07,0.0,0.0,0.0,-0.0007204826092585962,0.0,0.0,0.0
2017-09-08,0.0,-0.0,0.0,0.0024309606346537933,-0.0,-0.0,0.0
2017-09-11,0.0,0.0,0.0,-0.0002783257130981491,0.0,0.0,0.0
2017-09-12,0.0,0.0,0.0,0.00044354864856749554,0.0,0.0,0.0
2017-09-13,0.0,0.0,-0.0,0.0010801044244411649,0.0,-0.0,-0.0
2017-09-14,-0.0,0.0,0.0,0.0008343256965165386,0.0,0.0,0.0
2017-09-15,0.0,0.0,0.0,-4.9610372703727704e-05,0.0,-0.0,0.0
2017-09-18,0.0,0.0,-0.0,-0.0006838449948524557,0.0,-0.0,0.0
2017-09-19,-0.0,0.0,0.0,-0.00030989736266694867,0.0,0.0,0.0
2017-09-20,-0.0,0.0,-0.0,-0.00045589015496574616,0.0,0.0,0.0
2017-09-21,-0.0,0.0,0.0,-0.0009556325387527545,0.0,0.0,0.0
2017-09-22,0.0,0.0,0.0,-0.000714776635501873,0.0,0.0,0.0
2017-09-25,0.0,0.0,-0.0,0.0018346730915418709,0.0,0.0,0.0
2017-09-26,-0.0,-0.0,-0.0,-0.000719201230298753,-0.0,-0.0,0.0
2017-09-27,-0.0,0.0,0.0,-0.0011374516402458685,0.0,0.0,0.0
2017-09-28,0.0,0.0,0.0,-0.0012273124495076205,0.0,0.0,0.0
2017-09-29,0.0,-0.0,0.0,-0.0005621394583676146,0.0,0.0,0.0
2017-10-02,-0.0,-0.0,0.0,-0.005759578502464579,-0.0,0.0,0.0
2017-10-03,0.0,0.0,0.0,-0.003015209428970484,-0.0,0.0,0.0
2017-10-04,0.0,0.0,-0.0,-0.0001478586837066835,-0.0,0.0,0.0
2017-10-05,0.0,0.0,0.0,-0.001,0.0,-0.0,-0.0
2017-10-06,-0.0,-0.0,0.0,0.0,-0.0,0.0,0.0
2017-10-09,-0.0,0.0,0.0,0.0,0.0,0.0,0.0
2017-10-10,0.0,0.0,0.0,0.0,0.0,0.0,0.0
2017-10-11,0.0,0.0,0.0,0.0,0.0,0.0,0.0
2017-10-12,0.0,-0.0,-0.0,0.0,-0.0,0.0,-0.0
2017-10-13,0.0,0.0,0.0,0.0,0.0,0.0,0.0
2017-10-16,0.0,0.0,-0.0,-0.0,0.0,0.0,0.0
2017-10-17,-0.0,0.0,-0.0,-0.0,0.0,0.0,-0.0
2017-10-18,-0.0,-0.0,0.0,-0.0,-0.0,0.0,0.0
2017-10-19,0.0,0.0,-0.0,0.0,-0.0,0.0,-0.0
2017-10-20,-0.0,0.0,0.0,-0.0,0.0,0.0,0.0
2017-10-23,0.0,0.0,0.0,0.0,-0.0,-0.0,0.0
2017-10-24,-0.0,0.0,0.0,-0.0,0.0,0.0,0.0
2017-10-25,-0.0,-0.0,0.0,0.0,-0.0,-0.0,-0.0
2017-10-26,0.0,0.0,0.0,-0.0,0.0,0.0,0.0
2017-10-27,-0.0,0.0,0.0,0.0,0.0,0.0,0.0
2017-10-30,-0.0,0.0,0.0,0.0,0.0,0.0,0.0
2017-10-31,0.0,0.0,-0.0,-0.0,0.0,-0.0,0.0
2017-11-01,-0.0,0.0,0.0,0.0,0.0,0.0,0.0
2017-11-02,0.0,-0.0,-0.0,0.0,0.0,0.0,0.0
2017-11-03,0.0,-0.0,0.0,-0.0,0.0,0.0,0.0
2017-11-06,-0.0,0.0,0.0,0.0,0.0,0.0,-0.0
2017-11-07,0.0,0.0,0.0,-0.0,-0.0,-0.0,0.0
2017-11-08,0.0,-0.0,0.0,0.0,-0.0,0.0,0.0
2017-11-09,0.0,0.0,-0.0,0.0,0.0,0.0,-0.0
2017-11-10,0.0,-0.0,0.0,-0.0,-0.0,0.0,-0.0
2017-11-13,0.0,0.0,0.0,0.0,-0.0,-0.0,-0.0
2017-11-14,0.0,-0.0,0.0,0.0,-0.0,-0.0,0.0
2017-11-15,-0.0,-0.0,-0.0,0.0,-0.0,-0.0,-0.0
2017-11-16,0.0,-0.0,0.0,-0.0,-0.0,0.0,0.0
2017-11-17,-0.0,0.0,-0.0,0.0,0.0,0.0,-0.0
2017-11-20,0.0,0.0,0.0,-0.0,-0.0,0.0,0.0
2017-11-21,0.0,0.0,0.0,0.0,0.0,0.0,0.0
2017-11-22,0.0,0.0,-0.0,0.0,0.0,0.0,0.0
2017-11-24,0.0,0.0,0.0,-0.0,0.0,0.0,0.0
2017-11-27,0.0,-0.0,0.0,0.0,-0.0,-0.0,-0.0
2017-11-28,0.0,0.0,0.0,-0.0,0.0,0.0,0.0
2017-11-29,0.0,0.0,-0.0,-0.0,0.0,-0.0,-0.0
2017-11-30,0.0,0.0,0.0,-0.0,0.0,0.0,0.0
2017-12-01,0.0,0.0,-0.0,0.0,0.0,0.0,-0.0
2017-12-04,0.0,0.0,-0.0,-0.0,-0.0,-0.0,0.0
2017-12-05,0.0,-0.0,0.0,0.0010225881358101542,0.0,-0.0,0.0
2017-12-06,0.0,-0.0,0.0,-0.002234858262588353,-0.0,-0.0,-0.0
2017-12-07,-0.0,0.0,0.0,0.00786130278930583,0.0,0.0,0.0
2017-12-08,-0.0,0.0,0.0,0.001371189564730457,0.0,0.0,0.0
2017-12-11,0.0,0.0,0.0,0.0005255184802873839,0.0,0.0,0.0
2017-12-12,0.0,-0.0,0.0,-0.0020810556945179215,-0.0,0.0,0.0
2017-12-13,0.0,0.0,-0.0,0.0038199996078431813,-0.0,0.0,0.0
2017-12-14,0.0,-0.0,0.0,-0.001,0.0,-0.0,-0.0
2017-12-15,0.0,0.0,0.0,0.0,0.0,0.0,0.0
2017-12-18,-0.0,-0.0,-0.0,0.0,0.0,0.0,0.0
2017-12-19,0.0,0.0,-0.0,0.0,0.0,-0.0,-0.0
2017-12-20,0.0,0.0,-0.0,0.0,0.0,0.0,0.0
2017-12-21,-0.0,0.0,0.0,0.0,0.0,0.0,0.0
2017-12-22,0.0,0.0,0.0,0.0,0.0,0.0,0.0
2017-12-26,0.0,0.0,0.0,0.0,0.0,0.0,0.0
2017-12-27,0.0,-0.0,0.0,0.0,-0.0,0.0,0.0
2017-12-28,0.0,0.0,0.0,0.0,0.0,0.0,-0.0
2017-12-29,0.0,-0.0,-0.0,0.0,0.0,0.0,0.0
2018-01-02,-0.0,0.0,0.0,0.0,0.0,0.0,0.0
2018-01-03,-0.0,0.0,0.0,-0.0,0.0,0.0,0.0
2018-01-04,0.0,0.0,0.0,0.0,0.0,0.0,0.0
2018-01-05,0.0,-0.0,0.0,-0.0,-0.0,0.0,0.0
2018-01-08,-0.0,0.0,0.0,-0.0,0.0,-0.0,0.0
2018-01-09,0.0,-0.0,0.0,-0.0,0.0,0.0,0.0
2018-01-10,-0.0,0.0,0.0,0.0,0.0,-0.0,0.0
2018-01-11,-0.0,0.0,-0.0008714702155385584,0.0,0.0,0.0,0.0
2018-01-12,0.0,0.0,-0.003475625843249506,0.0,0.0,0.0,0.0
2018-01-16,0.0,-0.0,0.0013278205928001043,0.0,-0.0,0.0,0.0
2018-01-17,0.0,0.0,5.071513439572433e-05,-0.0,0.0,0.0,0.0
2018-01-18,0.0,-0.0,0.0009054889464104221,-0.0,-0.0,0.0,0.0
2018-01-19,0.0,-0.0,-0.0058165919787967054,0.0,-0.0,0.0,0.0
2018-01-22,0.0,0.0,0.002038596160354853,0.0,0.0,0.0,0.0
2018-01-23,0.0,0.0,0.004547663788645473,0.0,0.0,0.0,0.0
2018-01-24,0.0,0.0,0.00013708408668061434,0.0,0.0,0.0,0.0
2018-01-25,0.0,-0.0,-0.0022212115708499006,-0.0,-0.0,-0.0,-0.0
2018-01-26,0.0,0.0,-0.001025357782509239,0.0,0.0,0.0,0.0
2018-01-29,-0.0,-0.0,-0.00038393869602025744,-0.0,-0.0,-0.0,-0.0
2018-01-30,-0.0060887626175786845,-0.0,-0.000953362052832132,-0.0,-0.0,-0.0,-0.0
2018-01-31,0.0020853352182722516,0.0,-0.001,0.0,0.0,0.0,0.0
2018-02-01,-0.0022571217702537297,0.0,0.0,0.0,0.0,0.0,0.0
2018-02-02,-0.00841031189614537,-0.0,-0.0,-0.0,-0.0,-0.0,-0.0
2018-02-05,-0.021733837953636207,-0.0,-0.0,0.0,-0.0,-0.0,-0.0
2018-02-06,-0.0019005414111541333,0.0,0.0,-0.0,0.0,0.0,0.0
2018-02-07,-0.0017665463292583382,-0.0,-0.0,-0.0,-0.0,-0.0,-0.0
2018-02-08,-0.001,-0.0,-0.0,0.0,-0.0,-0.0,-0.0
2018-02-09,0.0,0.0,0.0,0.0,-0.0,0.0,0.0
2018-02-12,0.0,0.0,0.0,0.0,0.0,0.0,0.0
2018-02-13,0.0,-0.0,0.0,0.0,-0.0,0.0,-0.0
2018-02-14,-0.0,0.0,0.0,0.0,0.0,0.0,0.0
2018-02-15,0.0,0.0,0.0,0.0,0.0,0.0,0.0
2018-02-16,0.0,0.0,0.0,-0.0,0.0,-0.0,0.0
2018-02-20,-0.0,-0.0,0.0,-0.0,0.0,-0.0,-0.0
2018-02-21,-0.0,-0.0,-0.0005941486973857796,-0.0,-0.0,0.0,-0.0
2018-02-22,0.0,0.0,0.0017340751407690094,0.0,0.0,0.0,0.0
2018-02-23,0.0,0.0,-0.005702768781115808,0.0,0.0,0.0,0.0
2018-02-26,0.0,0.0,-0.002961127250217595,0.0,0.0,0.0,0.0
2018-02-27,-0.0,-0.0,0.0011953131453848523,-0.0,-0.0,-0.0,-0.0
2018-02-28,-0.0,-0.0,0.0016182309038759288,-0.0,-0.0,-0.0,-0.0
2018-03-01,0.0,0.0,0.00673045265687852,0.0,-0.0,-0.0,-0.0
2018-03-02,0.0,0.0,0.001829254601687997,0.0,0.0,0.0,0.0
2018-03-05,0.0,0.0,0.0028991923956130008,0.0,0.0,0.0,0.0
2018-03-06,0.0,0.0,0.001598035702917489,0.0,0.0,0.0,0.0
2018-03-07,0.0,0.0,7.345580477321144e-05,-0.0,-0.0,-0.0,0.0
2018-03-08,0.0,-0.0,-0.0017094053219651548,0.0,-0.0,0.0,0.0
2018-03-09,0.0,0.0,-0.001779635074213468,0.0,0.0,0.0,0.0
2018-03-12,0.0,0.0,-0.00033529549297572165,0.0,-0.0,-0.0,0.0
2018-03-13,0.0,-0.0,0.0014089315653109137,0.0,-0.0,-0.0,-0.0
2018-03-14,-0.0,-0.0,0.0008880273584705781,0.0,0.0,0.0,0.0
2018-03-15,-0.0,0.0,-0.0020811681806586243,-0.0,0.0,-0.0,0.0
2018-03-16,-0.0,0.0,-0.0016773211935044178,-0.0,0.0,-0.0,-0.0
2018-03-19,-0.0,-0.0,0.001716576979628955,0.0,0.0,-0.0,-0.0
2018-03-20,-0.0,0.0,-0.0036792936616233674,-0.0,0.0,0.0,0.0
2018-03-21,-0.0,0.0,0.003908458366250393,0.0,0.0,0.0,0.0
2018-03-22,-0.0,-0.0,0.003347932801802127,-0.0,-0.0,-0.0,-0.0
2018-03-23,-0.0,-0.0,0.005866564971172783,0.0,0.0,-0.0,-0.0
2018-03-26,0.0,0.0,-0.005376274583054049,0.0,0.0,0.0,0.0
2018-03-27,0.0,-0.0,0.004838882246867941,-0.0,-0.0,-0.0,0.0
2018-03-28,0.0,-0.0,-0.001,-0.0,-0.0,0.0,0.0
2018-03-29,0.0,0.0,-0.010787799835253296,0.0,0.0,0.0,0.0
2018-04-02,-0.0,-0.0,-0.001,0.0,-0.0,-0.0,-0.0
2018-04-03,0.0,0.0,0.0,-0.0,0.0,0.0,0.0
2018-04-04,0.0,-0.0,0.0,0.0,0.0,0.0,0.0
2018-04-05,0.0,0.0,0.0,0.0,0.0,0.0,0.0
2018-04-06,-0.0,-0.0,-0.0,0.0,-0.0,-0.0,-0.0
2018-04-09,0.0,0.0,0.0,0.0,0.0,0.0,0.0
2018-04-10,0.0,0.0,0.0,0.0,0.0,0.0,0.0
2018-04-11,0.0,0.0,-0.0,0.0,0.0,0.0,-0.0
2018-04-12,0.0,-0.0,0.0,-0.0,0.0,0.0,0.0
2018-04-13,0.0,0.0,-0.0,0.0,0.0,0.0,0.0
2018-04-16,0.0,0.0,0.0,0.0,0.0,0.0,0.0
2018-04-17,0.0,0.0,0.0,0.0,0.0,0.0,0.0
2018-04-18,-0.0,0.0,0.0,0.0,0.0,0.0,0.0
2018-04-19,-0.0,0.0,-0.0,0.0,0.0,-0.0,-0.0
2018-04-20,-0.0,-0.0,0.0,-0.0,-0.0,-0.0,-0.0
2018-04-23,0.0,0.0,0.0,-0.0,0.0,0.0,-0.0
2018-04-24,-0.0,-0.0,-0.0,0.0,-0.0,0.0,-0.0
2018-04-25,-0.0,0.0,-0.0,-0.0,0.0,0.0,0.0
2018-04-26,0.0,0.0,0.0,0.0,0.0,0.0,0.0
2018-04-27,-0.01472184953755779,0.0,-0.0,0.0,-0.0,0.0,0.0
2018-04-30,-0.0007946501877118555,-0.0,0.0,-0.0,0.0,-0.0,-0.0
2018-05-01,-0.0009999999999999998,0.005430565702132398,0.0,0.0,-0.0,0.0,-0.0
2018-05-02,-0.0,0.0028877485139543434,0.0,0.0,0.0,0.0,0.0
2018-05-03,0.0,0.003594300779323293,0.0,0.0,0.0,0.0,0.0
2018-05-04,0.0,-0.004451678327718597,0.0,0.0,0.0,0.0,0.0
2018-05-07,-0.0,-0.009010263419516861,0.0,0.0,0.0,0.0,0.0
2018-05-08,-0.0,0.0009419089859504104,0.0,0.0,0.0,-0.0,0.0
2018-05-09,-0.0,-0.010946711094110254,0.0,-0.0,0.0,0.0,0.0
2018-05-10,0.0,-0.01519697529324665,0.0,0.0,0.0,0.0,0.0
2018-05-11,0.0,-0.0007913685946812835,0.0,-0.0,0.0,-0.0,0.0
2018-05-14,-0.0,-0.003363289211903145,-0.0,-0.0,0.0,0.0,0.0
2018-05-15,-0.0,-0.0012452392406179806,-0.0,-0.0,0.0,-0.0,-0.0
2018-05-16,0.0,-0.0023951044296853983,0.0,0.0,0.0,0.0,0.0
2018-05-17,0.0,0.003623667120946301,-0.0,0.0,0.0,0.0,0.0
2018-05-18,-0.0,0.000993871915718558,0.0,0.0,-0.0,-0.0,-0.0
2018-05-21,0.0,-0.004640583992697459,0.0,0.0,0.0,0.0,0.0
2018-05-22,0.0,0.0025779897965408634,0.0,-0.0,-0.0,-0.0,-0.0
2018-05-23,0.0,-0.003183470407230906,0.0,0.0,-0.0,-0.0,-0.0
2018-05-24,-0.0,0.010658667059806629,0.0,0.0,-0.0,0.0,-0.0
2018-05-25,0.0,-0.001,-0.0,-0.0,-0.0,-0.0,-0.0
2018-05-29,0.0,-0.0,-0.0,-0.0,-0.0,-0.0,-0.0
2018-05-30,0.0,0.0,0.0,0.0,0.0,0.0,0.0
2018-05-31,-0.0,-0.0,0.0,-0.0,-0.0,-0.0,-0.0
2018-06-01,0.0,0.0,0.0,-0.0,0.0,0.0,0.0
2018-06-04,0.0,-0.0,0.0,-0.0,-0.0,0.0,0.0
2018-06-05,0.0,0.0,0.0,0.0,0.0,0.0,0.0
2018-06-06,0.0,0.0,0.0,0.0,0.0,0.0,0.0
2018-06-07,0.0,0.0,-0.0,-0.0,0.0,-0.0,0.0
2018-06-08,0.0,0.0,0.0,0.0,-0.0,0.0,0.0
2018-06-11,0.0,0.0,-0.0,0.0,0.0,0.0,0.0
2018-06-12,0.0,-0.0,0.0,-0.0,0.0,-0.0,-0.0
2018-06-13,0.0,-0.0,-0.0,0.0,0.0,0.0,0.0
2018-06-14,-0.0,0.0,0.0,0.0,0.0,-0.0,0.0
2018-06-15,0.0,-0.0,0.0,-0.0,-0.0,0.0,-0.0
2018-06-18,-0.0,0.0,0.0,0.0,0.0,0.0,-0.0
2018-06-19,0.0,-0.0,-0.0,-0.0,-0.0,-0.0,-0.0
2018-06-20,-0.0,-0.0,0.0,-0.0,0.0,0.0,0.0
2018-06-21,0.0,-0.0,-0.0,-0.0,0.0,0.0,-0.0
2018-06-22,0.0,0.0,0.0,0.0,0.0,0.0,0.0
2018-06-25,0.0,-0.0,-0.0,-0.0,-0.0,-0.0,-0.0
2018-06-26,-0.0,0.0,0.0,-0.0,0.0,0.0,0.0
2018-06-27,0.0,0.0,-0.0,-0.0,0.0,-0.0,-0.0
2018-06-28,0.0,0.0,0.0,0.0,0.0,0.0,0.0
2018-06-29,0.0,0.0,-0.0,0.0,0.0,0.0,0.0
2018-07-02,0.0,-0.0,0.0,-0.0,-0.0,-0.0,-0.0
2018-07-03,0.0,0.0,-0.0,0.0,0.0,0.0,0.0
2018-07-05,0.0,0.0,0.0,0.0,-0.0,0.0,0.0
2018-07-06,0.0,0.0,0.0,-0.0,0.0,0.0,0.0
2018-07-09,-0.0,0.0,0.0,0.0,0.0,0.0,0.0
2018-07-10,0.0,0.0,0.0,0.0,0.0,0.0,0.0
2018-07-11,-0.0,-0.0,0.0,-0.0,-0.0,-0.0,-0.0
2018-07-12,-0.0,0.0,0.0,0.0,0.0,0.0,0.0
2018-07-13,0.0,0.0,-0.0,-0.0,0.0,0.0,0.0
2018-07-16,0.0,-0.0,-0.0,-0.0,-0.0,-0.0,-0.0029351598848832722
2018-07-17,0.0,-0.0,0.0,0.0,0.0,-0.0,0.0025956467348193005
2018-07-18,-0.0,-0.0,0.0,0.0,0.0,0.0,-0.0013291410048004223
2018-07-19,0.0,0.0,-0.0,-0.0,0.0,-0.0,0.002446767073104375
2018-07-20,0.0,0.0,0.0,0.0,0.0,0.0,0.002747832271454004
2018-07-23,-0.0,-0.0030733628863383097,0.0,-0.0,-0.0,-0.0,0.00254357177507424
2018-07-24,0.0,-0.009026260132262813,0.0,0.0,0.0,0.0,-0.00048753343394096905
2018-07-25,0.0,-0.0029038976655904633,0.0,0.0,0.0,0.0,0.0005440795891458735
2018-07-26,0.0,-0.0077604449821624035,-0.0,-0.0,0.0,0.0,0.0025302516333471073
2018-07-27,-0.0,0.024522009601473587,-0.0,0.0,-0.0,0.0,0.0010034286514615663
2018-07-30,0.0,0.005510004636393289,-0.0,-0.0,0.0,0.0,-0.005028562469607349
2018-07-31,0.0,-0.0012084202272314266,0.0,0.0,-0.0,0.0,-0.004802030942832649
2018-08-01,-0.0,0.008204825690118017,0.0,-0.0,-0.0,-0.0,0.007083300685332855
2018-08-02,0.0,0.0008974633925223949,0.0,-0.0,0.0,0.0,0.0025547035748242136
2018-08-03,0.0,-0.002070198772677219,0.0,0.0,-0.0,0.0,-0.0011806057371442405
2018-08-06,0.0,0.0006898969862816258,0.0,-0.0,0.0,0.0,-0.002881698832657629
2018-08-07,-0.0,-0.008126406583981617,0.0,0.0,0.0,0.0,0.0024555239103868183
2018-08-08,-0.0,0.002087458309229656,0.0,0.0,-0.0,0.0,0.00043484033211502974
2018-08-09,0.0,0.0008011305366492594,0.0,-0.0,-0.0,0.0,-0.0018468205816104324
2018-08-10,-0.0,0.002467602483514731,-0.0,-0.0,0.0,-0.0,0.003786314158033363
2018-08-13,0.0,0.005979717864811483,0.0,-0.0,-0.0,-0.0,-0.0016074866497195713
2018-08-14,0.0,0.0026110305473867525,0.0,0.0,0.0,0.0,-0.001
2018-08-15,0.0,0.0027488401507124957,-0.0,-0.0,-0.0,-0.0,-0.0
2018-08-16,0.0,-0.001,0.0,-0.0,0.0,0.0,0.0
2018-08-17,0.0,0.0,0.0,0.0,0.0,0.0,0.0
2018-08-20,0.0,0.0,0.0,0.0,0.0,0.0,0.0
2018-08-21,-0.0,0.0,-0.0,0.0,0.0,-0.005211252254343744,0.0
2018-08-22,-0.0,0.0,0.0,0.0,0.0,-0.0046292662369143735,0.0
2018-08-23,-0.0,-0.0,0.0,-0.0,0.0,-0.007176527811652881,-0.0
2018-08-24,0.0,0.0,0.0,0.0,0.0,0.0028961199062930375,0.0
2018-08-27,0.0,0.0,0.0,0.0,0.0,0.0007191214371194267,0.0
2018-08-28,-0.0,-0.0,0.0,-0.0,-0.0,-0.001,0.0
2018-08-29,0.0,0.0,0.0,0.0,0.0,0.0,0.0
2018-08-30,-0.0,-0.0,-0.0,-0.0,0.0,-0.0,-0.0
2018-08-31,0.0,-0.0,0.0,-0.0,-0.0,-0.0,0.0
2018-09-04,0.0,0.0,0.0,-0.0,-0.0,-0.0,-0.0
2018-09-05,0.0,0.0,-0.0,0.0,-0.0,-0.0,-0.0
2018-09-06,0.0,-0.0,0.0,0.0,-0.0,-0.0,0.0
2018-09-07,-0.0,0.0,-0.0,0.0,-0.0,-0.0,-0.0
2018-09-10,0.0,-0.0,0.0,-0.0,-0.0,0.0,0.0
2018-09-11,-0.0,0.0,0.0,0.0,0.0,0.0,0.0
2018-09-12,0.0,0.0,0.0,0.0,0.0,0.0,0.0
2018-09-13,0.0,0.0,0.0,-0.0,0.0,0.0,0.0
2018-09-14,0.0,0.0,0.0,-0.0,0.0,-0.0,0.0
2018-09-17,0.0,0.0,-0.0,0.0,0.0,0.0,0.0
2018-09-18,-0.0,0.0,0.0,0.0,0.0,0.0,0.0
2018-09-19,0.0,0.0,-0.0,0.0,0.0,0.0,0.0
2018-09-20,0.0,0.0,0.0,0.0,0.0,0.0,0.0
2018-09-21,-0.0,0.0,0.0,-0.0,0.0,0.0,0.0
2018-09-24,-0.0,0.0,-0.0,0.0,0.0,-0.0,-0.0
2018-09-25,-0.0,0.0,0.0,0.0,0.0,0.0,0.0
2018-09-26,0.0,-0.0,0.0,-0.0,-0.0,-0.0,0.0
2018-09-27,0.0,0.0,0.0,-0.0,0.0,0.0,-0.0
2018-09-28,0.0,-0.0,0.0,0.0,0.0,0.0,-0.0
2018-10-01,0.0,0.0,0.0,0.0,0.0,0.0,0.0
2018-10-02,0.0,0.0,-0.0,0.0,0.0,-0.0,-0.0
2018-10-03,-0.0,0.0,0.0,-0.0,0.0,0.0,0.0
2018-10-04,-0.0,-0.0,-0.0,0.0,-0.0,-0.0,-0.0
2018-10-05,0.0,0.0,-0.0,0.0,-0.0,-0.0,0.0
2018-10-08,0.0,0.0,-0.0,0.0,-0.0,-0.0,0.0
2018-10-09,-0.0,0.0,0.0,0.0,0.0,-0.0,-0.0
2018-10-10,-0.0,-0.0,-0.0,0.0,-0.0,-0.0,-0.0
2018-10-11,-0.0,-0.0,-0.0,0.0,-0.0,-0.0,-0.0
2018-10-12,0.0,-0.0,0.0,-0.0,0.0,0.0,0.0
2018-10-15,0.0,-0.0,-0.0,0.0,0.0,0.0,0.0
2018-10-16,0.0,0.0,0.0,-0.0,0.0,0.0,0.0
2018-10-17,0.0,0.0,0.0,-0.0,-0.0,-0.0,-0.0
2018-10-18,-0.0,0.0,-0.0,0.0,-0.0,-0.0,-0.0
2018-10-19,0.0,0.0,0.0,0.0,0.0,0.0,0.0
2018-10-22,-0.0,-0.0,0.0,-0.0,0.0,-0.0,-0.0
2018-10-23,0.0,-0.0,-0.0,0.0,-0.0,-0.0,-0.0
2018-10-24,0.0,-0.0,-0.0,0.0,0.0,-0.0,-0.0
2018-10-25,-0.0,0.0,0.0,-0.0,0.0,0.0,0.0
2018-10-26,-0.0,-0.0,-0.0,0.0,0.0,-0.0,-0.0
2018-10-29,0.0,-0.0,-0.0,-0.0,-0.0,-0.0,0.0
2018-10-30,0.0,0.0,-0.0,0.0,0.0,0.0,0.0
2018-10-31,0.0,0.0,0.0,-0.0,0.0,0.0,0.0
2018-11-01,-0.0,0.0,0.0,0.0,0.0,0.0,0.0
2018-11-02,0.0,0.0,-0.0,0.0,-0.0,-0.0,0.0
2018-11-05,0.0,0.0,0.0,-0.0,0.0,0.0,-0.0
2018-11-06,0.0,0.0,0.0,-0.0,0.0,0.0,0.0
2018-11-07,0.0,0.0,0.0,-0.0,0.0,0.0,0.0
2018-11-08,0.0,-0.0,0.0,0.0,-0.0,-0.0,-0.0
2018-11-09,0.0,0.0,-0.0,-0.0,-0.0,-0.0,-0.0
2018-11-12,0.0,-0.0,-0.0,-0.0,-0.0,-0.0,-0.0
2018-11-13,0.0,-0.0,0.0,0.0,-0.0,-0.0,0.0
2018-11-14,-0.0,0.0,-0.0,0.0,0.0,0.0,0.0
2018-11-15,0.0,0.0,0.0,0.0,0.0,0.0,0.0
2018-11-16,0.0,0.0,-0.0,0.0,0.0,0.0,0.0
2018-11-19,0.0,0.0,-0.0,0.0,0.0,-0.0,-0.0
2018-11-20,-0.0,-0.0,-0.0,0.0,-0.0,-0.0,-0.0
2018-11-21,-0.0,0.0,0.0,0.0,0.0,0.0,0.0
2018-11-23,0.0,-0.0,-0.0,-0.0,-0.0,-0.0,-0.0
2018-11-26,0.0,0.0,0.0,-0.0,0.0,0.0,0.0
2018-11-27,0.0,0.0,0.0,-0.0,0.0,-0.0,-0.0
2018-11-28,0.0,0.0,0.0,0.0,0.0,0.0,0.0
2018-11-29,-0.0,0.0,-0.0,0.0,0.0,0.0,-0.0
2018-11-30,0.0,0.0,0.0,-0.0,-0.0,0.0,0.0
2018-12-03,-0.0,0.0,0.0,0.0,0.0,0.0,0.0
2018-12-04,-0.0,-0.0,-0.0,0.0,-0.0,-0.0,-0.0
2018-12-06,-0.0,-0.0,0.0,0.0,-0.0,-0.0,-0.0
2018-12-07,-0.0,-0.0,-0.0,0.0,0.0,-0.0,-0.0
2018-12-10,0.0,-0.0,0.0,-0.0,-0.0,-0.0,-0.0
2018-12-11,0.0,0.0,-0.0,-0.0,0.0,0.0,0.0
2018-12-12,-0.0,0.0,0.0,0.0,0.0,0.0,0.0
2018-12-13,0.0,0.0,-0.0,0.0,0.0,-0.0,-0.0
2018-12-14,-0.0,-0.0,-0.0,-0.0,-0.0,-0.0,-0.0
2018-12-17,-0.0,-0.0,-0.0,0.0,-0.0,0.0,-0.0
2018-12-18,-0.0,-0.0,0.0,0.0,-0.0,0.0,0.0
2018-12-19,-0.0,-0.0,-0.0,-0.0,0.0,-0.0,-0.0
2018-12-20,0.0,-0.0,-0.0,0.0,-0.0,-0.0,-0.0
2018-12-21,0.0,-0.0,-0.0,-0.0,-0.0,-0.0,-0.0
2018-12-24,-0.0,-0.0,-0.0,0.0,-0.0,-0.0,-0.0
2018-12-26,0.0,0.0,0.0,-0.0,0.0,0.0,0.0
2018-12-27,0.0,-0.00832560719901603,0.0,0.0,0.0,0.0,0.0
2018-12-28,0.0,-0.002150644129717828,-0.0,0.0,-0.0,0.0,0.0
2018-12-31,0.0,-0.0005537480627022878,0.0,0.0,0.0,0.0,0.0
2019-01-02,-0.0,0.0013545483585852404,0.0,0.0,0.0,0.0,0.0
2019-01-03,-0.0,0.002657892703566366,-0.0,0.0,0.0,-0.0,-0.0
2019-01-04,0.0,0.006752152368312394,0.0,-0.0,0.0,0.0,0.0
2019-01-07,-0.0,-0.004328367819168318,0.0,0.0,0.0,0.0,0.0
2019-01-08,0.0,0.005731337171995093,0.0,0.0,0.0,0.0,0.0
2019-01-09,-0.0,-0.004515582680641892,0.0,0.0,0.0,0.0,0.0
2019-01-10,0.0,-0.003290366711502575,0.0,-0.0,0.0,0.0,0.0
2019-01-11,0.0,0.0019841018086891094,-0.0,0.0,-0.0,0.0,-0.0
2019-01-14,-0.0,0.0031879092512840474,-0.0,0.0,-0.0,0.0,-0.0
2019-01-15,0.0,-0.001625251218949273,0.0,-0.0,0.0,0.0,0.0
2019-01-16,-0.0,0.003135371471936943,0.0,0.0,0.0,0.0,0.0
2019-01-17,0.0,0.0006176850344447196,0.0,0.0,0.0,0.0,0.0
2019-01-18,0.0,-0.0055771318498158695,0.0,-0.0,0.0,0.0,0.0
2019-01-22,0.0,0.002059764466740747,-0.0,0.0,-0.0,-0.0,-0.0
2019-01-23,0.0,0.00048000895086086734,-0.0,0.0,-0.0,0.0,0.0
2019-01-24,-0.0,-0.00929674038386919,0.0,0.0,0.0,0.0,0.0
2019-01-25,-0.0,0.0034540143713414117,0.0,0.0,0.0,0.0,0.0
2019-01-28,-0.0,0.0016302157223792035,-0.0,0.0,-0.0,-0.0,-0.0
2019-01-29,0.0,0.0033728684028025958,-0.0,0.0,0.0,0.0,0.0
2019-01-30,0.0,-0.0003273480354046988,0.0,0.0,0.0,0.0,0.0
2019-01-31,0.0,-0.001065931913639354,0.0,0.0,0.0,0.0,0.0
2019-02-01,0.0,0.00022327835852698993,0.0,-0.0,0.0,0.0,0.0
2019-02-04,0.0,-0.01298625667580433,0.0,-0.0,0.0,0.0,0.0
2019-02-05,0.0,0.006027326158305644,0.0,0.0,0.0,0.0,0.0
2019-02-06,0.0,0.0005192601628766621,-0.0,-0.0,0.0,-0.0,-0.0
2019-02-07,0.0,-0.0008428847011951307,-0.0,0.0,-0.0,-0.0,-0.0
2019-02-08,0.0,0.003628019379896919,0.0,0.0,0.0,-0.0,-0.0
2019-02-11,0.0,0.0035535058414947482,0.0,-0.0,0.0,-0.0,0.0
2019-02-12,0.0,0.0004464309282201115,0.0,0.0,0.0,0.0,0.0
2019-02-13,0.0,-0.0009999999999999998,0.0,-0.0,0.0,-0.0,0.0
2019-02-14,-0.0,0.0,-0.0,0.0,0.0,0.0,-0.0
2019-02-15,0.0,0.0,0.0,0.0,0.0,0.0,0.0
2019-02-19,0.0,0.0,-0.0,0.0,0.0,0.0,0.0
2019-02-20,0.0,0.0,0.0,0.0,0.0,0.0,0.0
2019-02-21,0.0,-0.0,-0.0,-0.0,-0.0,-0.0,-0.0
2019-02-22,0.0,0.0,0.0,0.0,0.0,0.0,0.0
2019-02-25,-0.0,0.0,0.0,-0.0,0.0,0.0,0.0
2019-02-26,-0.0,0.0,0.0,0.0,0.0,0.0,0.0
2019-02-27,0.0,0.0,0.0,-0.0,0.0,0.0,-0.0
2019-02-28,0.0,-0.0,0.0,-0.0,0.0,-0.0,0.0
2019-03-01,0.0,0.0,0.0,-0.0,0.0,0.0,0.0
2019-03-04,0.0,0.0,-0.0,0.0,0.0,-0.0,-0.0
2019-03-05,-0.0,0.0,-0.0,0.0,0.0,0.0,0.0
2019-03-06,0.0,0.0,-0.0,-0.0,-0.0,0.0,-0.0
2019-03-07,-0.0,0.0,-0.0,0.0,0.0,-0.0,-0.0
2019-03-08,-0.0,-0.0,0.0,0.0,-0.0,-0.0,0.0
2019-03-11,0.0,0.0,0.0,-0.0,0.0,0.0,0.0
2019-03-12,-0.0,0.0,0.0,0.0,0.0,0.0,0.0
2019-03-13,0.0,0.0,0.0,0.0,0.0,0.0,0.0
2019-03-14,-0.0,-0.0,0.0,-0.0,0.0,-0.0,0.0
2019-03-15,0.0,0.0,0.0,0.0,-0.0,0.0,0.0
2019-03-18,0.0,0.0,-0.0,0.0,0.0,0.0,0.0
2019-03-19,0.0,-0.0,0.0,0.0,-0.0,-0.0,0.0
2019-03-20,0.0,0.0,-0.0,0.0,0.0,0.0,0.0
2019-03-21,0.0,0.0,0.0,0.0,0.0,0.0,0.0
2019-03-22,0.0,-0.0,-0.0,0.0,-0.0,-0.0,-0.0
2019-03-25,0.0,-0.0,-0.0,0.0,0.0,0.0,0.0
2019-03-26,0.0,0.0,0.0,0.0,0.0,0.0,0.0
2019-03-27,-0.0,-0.0,-0.0,-0.0,-0.0,-0.0,-0.0
2019-03-28,-0.0,0.0,0.0,-0.0,0.0,0.0,0.0
2019-03-29,0.0,0.0,0.0,0.0,0.0,0.0,0.0
2019-04-01,-0.0,0.0,0.0,-0.0,0.0,0.0,0.0
2019-04-02,-0.0,-0.0,0.0,0.0,0.0,0.0,0.0
2019-04-03,-0.0,-0.0,0.0,-0.0,-0.0,0.0,0.0
2019-04-04,0.0,0.0,-0.0,0.0,0.0,0.0,0.0
2019-04-05,0.0,0.0,0.0,-0.0,0.0,0.0,0.0
2019-04-08,0.0,0.0,0.0,0.0,0.0,0.0,-0.0
2019-04-09,0.0,-0.0,-0.0,0.0,-0.0,-0.0,-0.0
2019-04-10,-0.0,-0.0,0.0,0.0,0.0,0.0,0.0
2019-04-11,0.0,0.0,-0.0,-0.0,0.0,-0.0,0.0
2019-04-12,0.0,-0.0,0.0,-0.0,0.0,0.0,0.0
2019-04-15,0.0,0.0,0.0,0.0,-0.0,0.0,0.0
2019-04-16,-0.0,0.0,0.0,-0.0,0.0,0.0,0.0
2019-04-17,0.0,0.0,0.0,-0.0,-0.0,0.0,0.0
2019-04-18,0.0,-0.0,-0.0,0.0,0.0,0.0,0.0
2019-04-22,-0.0,0.0,0.0,0.0,0.0,0.0,0.0
2019-04-23,0.0,0.0,0.0,-0.0,0.002783441039159782,0.0,0.0
2019-04-24,-0.0,-0.0,0.0,0.0,0.009646185684913194,-0.0,-0.0
2019-04-25,-0.0,0.0,0.0,0.0,-0.001241026532778116,0.0,0.0
2019-04-26,0.0,-0.0,0.0,0.0,-0.0010558875506103097,0.0,0.0
2019-04-29,0.0,0.004860015025537119,0.0,-0.0,0.003890648231209526,0.0,0.0
2019-04-30,0.0,0.007932997646271655,0.0,0.0,0.0018910504647727342,0.0,0.0
2019-05-01,-0.0,-0.001,-0.0,-0.0,0.012175109188910165,-0.0,-0.0
2019-05-02,-0.0,-0.0,-0.0,-0.0,0.0027373292792128574,-0.0,0.0
2019-05-03,0.0,0.0,0.0,0.0,-0.005243459485495816,0.0,0.0
2019-05-06,-0.0,0.0,0.0,0.0,0.0041072374837628715,-0.0,-0.0
2019-05-07,-0.0,-0.0,-0.0,0.0,-0.0020030210877588213,-0.0,-0.0
2019-05-08,0.0,0.0,0.0,-0.0,0.003839796031432504,0.0,0.0
2019-05-09,0.0,0.0,-0.0,0.0,-0.001,0.0,-0.0
2019-05-10,0.0,0.0,0.0,0.0,0.0,0.0,0.0
2019-05-13,-0.0,-0.0,-0.0,0.0,-0.0,-0.0,-0.0
2019-05-14,0.0,0.0,0.0,-0.0,0.0,0.0,0.0
2019-05-15,0.0,0.0,0.0,-0.0,0.0,0.0,0.0
2019-05-16,0.0,-0.0,0.0,-0.0,0.0,0.0,0.0
2019-05-17,0.0,-0.0,-0.0,0.0,-0.0,-0.0,-0.0
2019-05-20,-0.0,0.0,0.0,-0.0,0.0,0.0,-0.0
2019-05-21,-0.0,0.0,0.0,0.0,0.0,0.0,0.0
2019-05-22,0.0,-0.0,0.0,-0.0,-0.0,-0.0,-0.0
2019-05-23,0.0,-0.0,-0.0,0.0,-0.0,-0.0,-0.0
2019-05-24,-0.0,0.0,0.0,0.0,0.0,0.0,0.0
2019-05-28,-0.0,-0.0,0.0,-0.0,0.0,-0.0,-0.0
2019-05-29,0.0,-0.0,0.0,0.0,0.0,-0.0,-0.0
2019-05-30,0.0,-0.0,0.0,0.0,-0.0,0.0,0.0
2019-05-31,-0.0,-0.0,-0.0,0.0,-0.0,-0.0,-0.0
2019-06-03,0.0,0.0,-0.0,0.0,0.0,0.0,0.0
2019-06-04,0.0,0.0,0.0,0.0,0.0,0.0,0.0
2019-06-05,0.0,0.0,0.0,0.0,-0.0,0.0,0.0
2019-06-06,0.0,0.0,0.0,0.0,0.0,0.0,0.0
2019-06-07,0.0,0.0,0.0,0.0,0.0,0.0,0.0
2019-06-10,0.0,0.0,0.0,-0.0,0.0,0.0,0.0
2019-06-11,-0.0,-0.0,-0.0,0.0,0.0,0.0,0.0
2019-06-12,0.0,-0.0,0.0,0.0,-0.0,-0.0,-0.0
2019-06-13,-0.0,0.0,-0.0,0.0,0.0,0.0,0.0
2019-06-14,0.0,-0.0,0.0,0.0,0.0,-0.0,-0.0
2019-06-17,-0.0,0.0,-0.0,0.0,0.0,0.0,0.0
2019-06-18,-0.0,0.0,-0.0,0.0,0.0,0.0,0.0
2019-06-19,0.0,-0.0,0.0,0.0,0.0,0.0,0.0
2019-06-20,0.0,0.0,0.0,0.0,0.0,-0.005682222214047819,0.0
2019-06-21,-0.0,0.0,-0.0,0.0,0.0,0.002225824996973015,-0.0
2019-06-24,0.0,-0.0,0.0,0.0,0.0,-0.0044802076689657595,0.0
2019-06-25,-0.0,-0.0,-0.0,0.0,-0.0,0.0003315603599810499,-0.0
2019-06-26,-0.0,0.0,0.0,-0.0,0.0,-0.001,0.0
2019-06-27,-0.0,-0.0,0.0,-0.0,0.0,0.0,0.0
2019-06-28,-0.0,0.0,0.0,0.0,0.0,0.0,0.0
2019-07-01,0.0,0.0,0.0,-0.0,0.0,0.0,0.0
2019-07-02,0.0,-0.0,0.0,0.0,-0.0,0.0,0.0
2019-07-03,0.0,0.0,0.0,0.0,0.0,0.0,0.0
2019-07-05,0.0,0.0,-0.0,-0.0,0.0,0.0,-0.0
2019-07-08,-0.0,-0.004562281233967552,-0.0,0.0,0.0,-0.0,-0.0
2019-07-09,-0.0,6.082358787312096e-05,0.0,0.0,0.0,0.0,-0.0
2019-07-10,0.0,-0.00764295680614262,0.0,0.0,0.0,0.0,0.0
2019-07-11,0.0,-0.0006593943413879976,0.0,-0.0,0.0,0.0,0.0
2019-07-12,0.0,0.00027712714163651914,0.0,0.0,0.0,0.0,0.0
2019-07-15,0.0,0.00513413302314582,0.0,0.0,-0.0,0.0,0.0
2019-07-16,0.0,0.010156485995846207,-0.0,-0.0,-0.0,-0.0,-0.0
2019-07-17,0.0,0.003609090036506971,-0.0,0.0,-0.0,0.0,-0.0
2019-07-18,0.0,0.007581494721968772,0.0,0.0,0.0,0.0,-0.0
2019-07-19,-0.0,-0.001009448952348465,-0.0,-0.0,0.0,0.0,0.0
2019-07-22,0.0,-0.00042144518042997207,0.0,0.0,0.0,0.0,0.0
2019-07-23,0.0,-0.0023353858251143615,0.0,-0.0,0.0,0.0,0.0
2019-07-24,-0.0,-0.001,0.0,0.0,0.0,0.0,0.0
2019-07-25,-0.0,-0.0,-0.0,-0.0,0.0,-0.0,-0.0
2019-07-26,0.0,-0.0,0.0,0.0,0.0,0.0,0.0
2019-07-29,0.0,0.0,-0.0,0.0,0.0,0.0,0.0
2019-07-30,-0.0,0.0,-0.0,0.0,0.0,-0.0,-0.0
2019-07-31,-0.0,-0.0,-0.0,-0.0,-0.0,-0.0,-0.0
2019-08-01,-0.0,-0.0,0.0,0.0,-0.0,-0.0,-0.0
2019-08-02,0.0,-0.0,-0.0,-0.0,0.0,-0.0,-0.0
2019-08-05,-0.0,-0.0,-0.0,0.0,-0.0,-0.0,-0.0
2019-08-06,0.0,0.0,0.0,0.0,-0.0,0.0,0.0
2019-08-07,0.0,-0.0,0.0,0.0,-0.0,0.0,0.0
2019-08-08,0.0,0.0,0.0,0.0,0.0,0.0,0.0
2019-08-09,-0.0,-0.0,-0.0,-0.0,0.0,-0.0,-0.0
2019-08-12,-0.0,-0.0,-0.0,0.0,0.0,-0.0,-0.0
2019-08-13,0.0,0.0,0.0,-0.0,0.0,0.0,0.0
2019-08-14,-0.0,-0.0,-0.0,0.0,-0.0,-0.0,-0.0
2019-08-15,0.0,-0.0,0.0,0.0,-0.0,-0.0,0.0
2019-08-16,0.0,0.0,0.0,-0.0,0.0,0.0,0.0
2019-08-19,0.0,0.0,0.0,-0.0,0.0,0.0,0.0
2019-08-20,-0.0,-0.0,-0.0,0.0,-0.0,0.0,-0.0
2019-08-21,0.0,0.0,0.0,-0.0,0.0,0.0,0.0
2019-08-22,0.0,-0.0,-0.0,-0.0,-0.0,-0.0,-0.0
2019-08-23,-0.0,-0.0,-0.0,0.0,-0.0,-0.0,-0.0
2019-08-26,0.0,0.0,0.0,0.0,0.0,0.0,0.0
2019-08-27,0.0,0.0,0.0,0.0,0.0,0.0,0.0
2019-08-28,0.0,0.0,0.0,-0.0,0.0,0.0,-0.0
2019-08-29,0.0,0.0,0.0,-0.0,0.0,0.0,0.0
2019-08-30,0.0,0.0,-0.0,0.0,0.0,0.0,0.0
2019-09-03,0.0,0.0,-0.0,0.0,-0.0,-0.0,0.0
2019-09-04,0.0,0.0,0.0,0.0,0.0,0.0,0.0
2019-09-05,-0.0,0.0,0.0,-0.0,0.0,0.0,0.0
2019-09-06,0.0,0.0,0.0,-0.0,0.0,0.0,0.0
2019-09-09,-0.0,0.0,-0.0,-0.0,0.0,0.0,0.0
2019-09-10,-0.0,0.0,-0.0,-0.0,0.0,0.0,0.0
2019-09-11,0.0,-0.0,-0.0,0.0,0.0,0.0,0.0
2019-09-12,0.0,0.0,0.0,0.0,-0.0,0.0,0.0
2019-09-13,-0.0,0.0,-0.0,-0.0,0.0,0.0,0.0
2019-09-16,-0.0,0.0,-0.0,0.0,0.0,0.0,-0.0
2019-09-17,0.0,-0.0,0.0,0.0,-0.0,0.0,0.0
2019-09-18,-0.0,0.0,-0.0,-0.0,-0.0,-0.0,-0.0
2019-09-19,0.0,-0.0,0.0,0.0,0.0,0.0,0.0
2019-09-20,-0.0,0.0,-0.0,0.0,0.0,0.0,-0.0
2019-09-23,0.0,0.0,0.0,0.0,0.0,0.0,-0.0
2019-09-24,0.0,-0.0,-0.0,0.0,-0.0,-0.0,0.0
2019-09-25,-0.0,0.0,0.0,-0.0,0.0,0.0,0.0
2019-09-26,0.0,-0.0,0.0,-0.0,0.0,-0.0,0.0
2019-09-27,-0.0,0.0,-0.0,-0.0,-0.0,0.0,0.0
2019-09-30,0.0,0.0,0.0,-0.0,-0.0,0.0,0.0
2019-10-01,0.0,-0.0,0.0,0.0,-0.0,-0.0,-0.0
2019-10-02,-0.0,-0.0,-0.0,0.0,-0.0,-0.0,-0.0
2019-10-03,0.0,0.0,0.0,0.0,0.0,0.0,0.0
2019-10-04,0.0,0.0,0.0,0.0,0.0,0.0,0.0
2019-10-07,-0.0,-0.0,-0.0,-0.0,0.0,-0.0,-0.0
2019-10-08,-0.0,-0.0,-0.0,0.0,-0.0,-0.0,-0.0
2019-10-09,0.0,0.0,0.0,0.0,0.0,0.0,0.0
2019-10-10,0.0,0.0,0.0,0.0,0.0,0.0,0.0
2019-10-11,-0.0,0.0,0.0,-0.0,0.0,0.0,0.0
2019-10-14,0.0,0.0,0.0,0.0,-0.0,-0.0,0.0
2019-10-15,0.0,0.0,0.0,-0.0,0.0,0.0,0.0
2019-10-16,0.0,-0.0,-0.0,0.0,0.0,0.0,0.0
2019-10-17,0.0,0.0,0.0,0.0,0.0,0.0,0.0
2019-10-18,0.0,-0.0,-0.0,0.0,-0.0,-0.0,0.0
2019-10-21,-0.0,0.0,0.0,-0.0,0.0,0.0,0.0
2019-10-22,0.0,0.0,-0.0,0.0,0.0,0.0,0.0
2019-10-23,0.0,0.0,0.0,0.0,0.0,0.0,0.0
2019-10-24,0.0,-0.0,0.0,0.0,0.0,0.0,0.0
2019-10-25,-0.0,0.0,0.0,0.0,0.0,0.0,-0.0
2019-10-28,-0.0,-0.0,0.0,-0.0,-0.0,0.0,0.0
2019-10-29,-0.0,-0.0,-0.0,0.0,0.0,-0.0,0.0
2019-10-30,0.0,-0.0,0.0,0.0,-0.0,-0.0,0.0
2019-10-31,0.0,-0.0,-0.0,0.0,-0.0,-0.0,0.0
2019-11-01,-0.0,0.0,0.0,0.0,0.0,0.0,0.0
2019-11-04,-0.0,0.0,-0.0,-0.0,0.0,0.0,0.0
2019-11-05,-0.0,0.0,-0.0,-0.0,0.0,0.0,0.0
2019-11-06,0.0,-0.0,0.0,0.0,-0.0,0.0,0.0
2019-11-07,-0.0,0.0,0.0,-0.0,0.0,0.0,0.0
2019-11-08,-0.0,-0.0,0.0,-0.0,0.0,0.0,-0.0
2019-11-11,-0.0,-0.0,0.0,0.0,-0.0,0.0,-0.0
2019-11-12,-0.0,0.0,0.0,0.0,-0.0,0.0,0.0
2019-11-13,0.0,0.0,0.0,0.0,0.0,0.0,-0.0
2019-11-14,0.0,-0.0,0.0,0.0,-0.0,0.0,-0.0
2019-11-15,0.0,0.0,0.0,-0.0,0.0,0.0,0.0
2019-11-18,0.0,-0.0,0.0,0.0,-0.0,0.0,0.0
2019-11-19,0.0,-0.0,0.0,0.0,-0.0,0.0,0.0
2019-11-20,0.0,0.0,0.0,0.0,0.0,-0.0,-0.0
2019-11-21,0.0,0.0,-0.0,-0.0,0.0,0.0,0.0
2019-11-22,0.0,-0.0,-0.0,-0.0,-0.0,0.0,0.0
2019-11-25,0.0,-0.0,0.0,-0.0,0.0,0.0,0.0
2019-11-26,0.0,-0.0,0.0,0.0,0.0,0.0,0.0
2019-11-27,0.0,0.0,0.0,-0.0,0.0,0.0,0.0
2019-11-29,-0.0,-0.0,0.0,0.0,-0.0,-0.0,-0.0
2019-12-02,0.0,0.0,-0.0,0.0,0.0,-0.0,-0.0
2019-12-03,0.0,-0.0,0.0,0.0,0.0,-0.0,0.0
2019-12-04,0.0,0.0,-0.0,-0.0,0.0,0.0,0.0
2019-12-05,-0.0,-0.0,0.0,0.0,0.0,-0.0,-0.0
2019-12-06,0.0,0.0,0.0,-0.0,0.0,0.0,0.0
2019-12-09,-0.0,0.0,0.0,-0.0,0.0,0.0,-0.0
2019-12-10,-0.0,0.0,-0.0,0.0,0.0,0.0,0.0
2019-12-11,0.0,-0.0,0.0,0.0,-0.0,0.0,0.0
2019-12-12,0.0,0.0,0.0,-0.0,0.0,0.0,0.0
2019-12-13,0.0,-0.0,0.0,0.0,0.0,0.0,0.0
2019-12-16,0.0,0.0,0.0,-0.0,0.0,0.0,0.0
2019-12-17,0.0,-0.0,-0.0,-0.0,0.0,0.0,-0.0
2019-12-18,-0.0,0.0,-0.0,0.0,0.0,0.0,-0.0
2019-12-19,0.0,-0.0,0.0,0.0,0.0,0.0,0.0
2019-12-20,0.0,0.0,0.0,0.0,0.0,0.0,0.0
2019-12-23,-0.0,0.0,-0.0,0.0,0.0,0.0,0.0
2019-12-24,-0.0,0.0,0.0,0.0,0.0,0.0,-0.0
2019-12-26,0.0,0.0,0.0,0.0,0.0,0.0,0.0
2019-12-27,0.0,-0.0,0.0,-0.0,0.0,-0.0,0.0
2019-12-30,-0.0,-0.0,-0.0,0.0,-0.0,-0.0,-0.0
2019-12-31,0.0,0.0,0.0,0.0,0.0,0.0,0.0
2020-01-02,-0.0,0.0,0.0,0.0,0.0,0.0,0.0
2020-01-03,-0.0,-0.0,-0.0,0.0,0.0,-0.0,-0.0
2020-01-06,0.0,0.0,0.0,0.0,0.0,0.0,0.0
2020-01-07,-0.0,-0.0,-0.0,0.0,-0.0,0.0,0.0
2020-01-08,0.0,-0.0,0.0,-0.0,-0.0,0.0,0.0
2020-01-09,0.0,0.0,0.0,-0.0,0.0,0.0,0.0
2020-01-10,0.0,-0.0,0.0,0.0,-0.0,0.0,-0.0
2020-01-13,0.0,0.0,0.0,-0.0,0.0,0.0,0.0
2020-01-14,0.0,-0.0,0.0,0.0,0.0,0.0,0.0
2020-01-15,0.0,-0.0,0.0,0.0,-0.0,0.0,-0.0
2020-01-16,0.0,0.0,0.0,-0.0,0.0,0.0,0.0
2020-01-17,0.0,-0.0,0.0,0.0,0.0,0.0,0.0
2020-01-21,0.0,-0.0,0.0,0.0,-0.0,0.0,-0.0
2020-01-22,0.0,-0.0,0.0,0.0,-0.0,0.0,0.0
2020-01-23,0.0,0.0,0.0,0.0,-0.0,0.0,0.0
2020-01-24,-0.0,-0.0,-0.0,0.0,-0.0,-0.0,0.0
2020-01-27,-0.0,-0.0,-0.0,0.0,-0.0,-0.0,-0.0
2020-01-28,0.0,0.0,0.0,-0.0,0.0,0.0,0.0
2020-01-29,0.0,-0.0,0.0,0.0,-0.0,-0.0,-0.0
2020-01-30,0.0,0.0,0.0,0.0,0.0,0.0,-0.0
2020-01-31,-0.0,-0.0,-0.0,0.0,-0.0,-0.0,-0.0
2020-02-03,0.0,-0.0,0.0,-0.0,-0.0,0.0,0.0
2020-02-04,0.0,0.0,0.0,-0.0,0.0,0.0,0.0
2020-02-05,0.0,0.0,-0.0,0.0,0.0,0.0,0.0
2020-02-06,0.0,-0.0,0.0,0.0,0.0,0.0,0.0
2020-02-07,0.0,-0.0,-0.0,0.0,-0.0,-0.0,-0.0
2020-02-10,0.0,0.0,0.0,0.0,-0.0,0.0,-0.00023879894563054053
2020-02-11,0.0,0.0,0.0,0.0,0.0,0.0,-0.000692057596992456
2020-02-12,0.0,0.0,0.0,-0.0,0.0,0.0,0.005692521302996703
2020-02-13,0.0,-0.0,0.0,0.0,0.0,-0.0,0.0031591054115415536
2020-02-14,0.0,-0.0,0.0,0.0,0.0,0.0,0.005198402001906605
2020-02-18,-0.0,0.0,0.0,0.0,0.0,-0.0,-0.001
2020-02-19,0.0,0.0,0.0,0.0,0.0,0.0,0.0033095456660119276
2020-02-20,-0.0,-0.0,-0.0,0.001301601064229939,0.0,-0.0,0.0026455843240172187
2020-02-21,0.0,-0.0,-0.0,-0.004566483169602491,-0.0,-0.0,0.003546319680907431
2020-02-24,-0.0,-0.0,-0.0,-0.0005585917780754787,-0.0,-0.0,0.009489490460125665
2020-02-25,-0.0,-0.0,-0.0,0.0048735032135651495,-0.0,-0.0,-0.00607139402765964
2020-02-26,0.0,-0.0,-0.0,0.003906313407474108,-0.0,-0.0,-0.0009999999999999998
2020-02-27,-0.0,-0.0,-0.0,0.02498805283382638,-0.0,-0.0,-0.0
2020-02-28,-0.0,0.0,0.0,0.008907202740014865,-0.0,-0.0,-0.0
2020-03-02,0.0,0.0,0.0,-0.001,0.0,0.0,0.00028681360364687914
2020-03-03,0.0,-0.0,-0.0,-0.0024968910523519975,-0.0,-0.0,-0.001
2020-03-04,0.0,0.0,0.0,-0.0052324486833113006,0.0,0.0,0.0
2020-03-05,-0.0,-0.0,-0.0,0.003487663074910259,-0.0,-0.0,-0.0
2020-03-06,-0.0,-0.0,-0.0,0.005707121939176221,-0.0,-0.0,-0.0011768780470006032
2020-03-09,-0.0,-0.0,-0.0,0.029508743097238777,-0.0,-0.0,-0.001
2020-03-10,0.0,0.0,0.0,-0.0009999999999999998,0.0,0.0,-0.0006002061618094702
2020-03-11,-0.0,-0.0,-0.0,-0.0,-0.0,-0.0,-0.001
2020-03-12,-0.0,-0.0,-0.0,-0.0,-0.0,-0.0,-0.0
2020-03-13,0.0,0.0,0.0,0.003769265945554889,0.0,0.0,0.0
2020-03-16,-0.0,-0.0,-0.0,-0.001,-0.0,-0.0,-0.0
2020-03-17,0.0,0.0,0.0,0.0,0.0,0.0,0.0
2020-03-18,-0.0,-0.0,-0.0,-0.0,-0.0,-0.0,-0.0
2020-03-19,-0.0,0.0,0.0,0.0,0.0,0.0,0.0
2020-03-20,-0.0,0.0,-0.0,0.0,0.0,-0.0,0.0
2020-03-23,0.0,-0.0,-0.0,0.0,-0.0,-0.0,0.0
2020-03-24,0.0,0.0,0.0,0.0,0.0,0.0,0.0
2020-03-25,0.0,0.0,0.0,0.0,0.0,0.0,0.0
2020-03-26,0.0,0.0,0.0,0.0,0.0,0.0,0.0
2020-03-27,0.0,-0.0,-0.0,-0.0,-0.0,-0.0,-0.0
2020-03-30,0.0,0.0,0.0,0.0,0.0,0.0,0.0
2020-03-31,-0.0,0.0,-0.0,-0.0,0.0,0.0,-0.0
2020-04-01,-0.0,-0.0,-0.0,0.0,0.0,-0.0,-0.0
2020-04-02,0.0,0.0,0.0,0.0,0.0,0.0,0.0
2020-04-03,0.0,-0.0,-0.0,0.0,0.0,-0.0,-0.0
2020-04-06,0.0,0.0,0.0,0.0,0.0,0.0,0.0
2020-04-07,-0.0,0.0,-0.0,-0.0,0.0,0.0,0.0
2020-04-08,0.0,0.0,0.0,0.0,0.0,0.0,0.0
2020-04-09,0.0,-0.0,-0.0,0.0,-0.0,0.0,0.0
2020-04-13,-0.0,0.0,-0.0,0.0,-0.0,0.0,-0.0
2020-04-14,0.0,-0.0,0.0,0.0,-0.0,0.0,0.0
2020-04-15,-0.0,-0.0,-0.0,-0.0,-0.0,-0.0,-0.0
2020-04-16,0.0,-0.0,-0.0,0.0,-0.0,0.0,-0.0
2020-04-17,0.0,0.0,0.0,-0.0,0.0,0.0,0.0
2020-04-20,-0.0,-0.0,-0.0,0.0,-0.0,-0.0,-0.0
2020-04-21,-0.0,-0.0,-0.0,-0.0,-0.0,-0.0,-0.0
2020-04-22,0.0,0.0,0.0,0.0,0.0,0.0,0.0
2020-04-23,-0.0,0.0,-0.0,0.0,0.0,0.0,0.0
2020-04-24,0.0,0.0,0.0,0.0,0.0,0.0,0.0
2020-04-27,0.0,0.0,0.0,-0.0,0.0,0.0,0.0
2020-04-28,0.0,0.0,-0.0,0.0,0.0,0.0,0.0
2020-04-29,0.0,0.0,0.0,0.0,0.0,0.0,0.0
2020-04-30,-0.0,-0.0,-0.0,-0.0,0.0,-0.0,-0.0
2020-05-01,-0.0,-0.0,-0.0,0.0,-0.0,-0.0,-0.0
2020-05-04,0.0,0.0,0.0,0.0,0.0,0.0,-0.0
2020-05-05,0.0,0.0,0.0,0.0,0.0,0.0,0.0
2020-05-06,-0.0,-0.0,0.0,-0.0,-0.0,-0.0,-0.0
2020-05-07,0.0,0.0,0.0,0.0,0.0,0.0,0.0
2020-05-08,0.0,0.0,0.0,-0.0,0.0,0.0,0.0
2020-05-11,0.0,-0.0,-0.0,-0.0,-0.0,0.0,0.0
2020-05-12,-0.0,-0.0,-0.0,0.0,-0.0,-0.0,-0.0
2020-05-13,0.0,-0.0,-0.0,0.0,-0.0,-0.0,0.0
2020-05-14,0.0,0.0,0.0,0.0,0.0,0.0,-0.0
2020-05-15,0.0,-0.0,0.0,0.0,0.0,0.0,0.0
2020-05-18,0.0,0.0,0.0,-0.0,0.0,0.0,0.0
2020-05-19,-0.0,-0.0,0.0,0.0,0.0,-0.0,-0.0
2020-05-20,0.0,0.0,0.0,0.0,0.0,0.0,0.0
2020-05-21,-0.0,-0.0,-0.0,-0.0,0.0,-0.0,-0.0
2020-05-22,0.0,0.0,0.0,0.0,-0.0,0.0,0.0
2020-05-26,0.0,0.0,0.0,-0.0,0.0,0.0,0.0
2020-05-27,0.0,0.0,0.0034231046173040292,0.0,0.0,0.0,0.0
2020-05-28,0.0,-0.0,-5.394098712630628e-05,0.0,0.0,0.0,0.0
2020-05-29,-0.0,0.0,0.004846561722985363,0.0,0.0,-0.0,0.0
2020-06-01,0.0,0.0,-0.0032264293660966186,0.0,0.0,0.0,0.0
2020-06-02,-0.0,0.0,0.0020182096835843263,-0.0,0.0,0.0,0.0
2020-06-03,0.0,0.0,-0.004053367855925692,-0.0,0.0,0.0,0.0
2020-06-04,0.0,-0.0,6.840859601211485e-05,0.0,0.0,-0.0,-0.0
2020-06-05,0.0,0.0,-0.00017898499797655963,-0.0,0.0,0.0,0.0
2020-06-08,0.0,0.0,0.002177869900492293,0.0,0.0,0.0,0.0
2020-06-09,0.0,-0.0,-0.0030361670319784535,0.0,0.0,-0.0,-0.0
2020-06-10,0.0,-0.0,0.0011830926839313475,0.0,0.0,0.0,-0.0
2020-06-11,-0.0,-0.0,0.002397651139771722,-0.0,-0.0,-0.0,-0.0
2020-06-12,0.0,0.0,-0.0011555886563833898,0.0,0.0,0.0,0.0
2020-06-15,0.0,-0.0,-0.0004108305081702662,0.0,0.0,0.0,0.0
2020-06-16,0.0,0.0,-0.008535409962889186,-0.0,0.0,0.0,0.0
2020-06-17,0.0,-0.0,0.002959241086649984,0.0,-0.0,-0.0,0.0
2020-06-18,0.0,0.0,-0.0007557816247120034,-0.0,0.0,0.0,-0.0
2020-06-19,-0.0,-0.0,0.00824151871101397,0.0,0.0,-0.0,-0.0
2020-06-22,-0.0,0.0,-0.005062953199005367,0.0,0.0,0.0,0.0
2020-06-23,0.0,0.0,0.004357947941008122,0.0,0.0,0.0,0.0
2020-06-24,-0.0,-0.0,0.002255352620940575,-0.0,-0.0,-0.0,-0.0
2020-06-25,0.0,0.0,0.0006582561006895823,0.0,0.0,0.0,0.0
2020-06-26,-0.0,-0.0,0.0008750706917280236,0.0,-0.0,-0.0,-0.0
2020-06-29,0.0,0.0,1.868426619759094e-05,0.0,0.0,0.0,0.0
2020-06-30,0.0,0.0,0.0004627397524695898,0.0,0.0,0.0,0.0
2020-07-01,0.0,-0.0,-0.007075421244351209,-0.0,0.0,0.0,-0.0
2020-07-02,0.0,0.0,0.003176545185680341,0.0,0.0,0.0,0.0
2020-07-06,0.0,0.0,0.0007116685678624305,0.0,0.0,0.0,0.0
2020-07-07,0.0,-0.0,-0.0007928611924086735,0.0,-0.0,-0.0,-0.0
2020-07-08,0.0,0.0,0.0013404193758880562,0.0,0.0,0.0,0.0
2020-07-09,-0.0,-0.0,0.0009722705927222786,-0.0,-0.0,-0.0,-0.0
2020-07-10,0.0,0.0,-0.0008294327116377639,-0.0,0.0,0.0,0.0
2020-07-13,0.0,0.0,-0.0009307695424199321,0.0,-0.0,-0.0,-0.0
2020-07-14,0.0,0.0,-0.0022270833800777227,0.0,0.0,0.0,0.0
2020-07-15,0.0,0.0,-0.0019005044138928552,0.0,0.0,0.0,0.0
2020-07-16,0.0,-0.0,0.0016103582640007922,-0.0,-0.0,-0.0,-0.0
2020-07-17,0.0,-0.0,-0.0030985795716559467,0.0,-0.0,0.0,0.0
2020-07-20,-0.0,-0.0,-0.001,0.0,0.0,0.0,0.0
2020-07-21,0.0,0.0,-0.0,0.0,0.0,0.0,0.0
2020-07-22,0.0,-0.0,0.0,0.0,0.0,0.0,0.0
2020-07-23,0.0,0.0,-0.0,0.0,-0.0,-0.0,-0.0
2020-07-24,0.0,-0.0,-0.0,0.0,0.0,-0.0,-0.0
2020-07-27,0.0,0.0,0.0,0.0,0.0,0.0,0.0
2020-07-28,-0.0,-0.0,-0.004174503299561357,0.0,-0.0,-0.0,-0.0
2020-07-29,0.0,0.0,-0.0009269061108141235,0.0,0.0,0.0,0.0
2020-07-30,-0.0,-0.0,0.012214639752484753,-0.0,-0.0,-0.0,-0.0
2020-07-31,-0.0,0.0,0.009799071238492402,0.0,0.0,-0.0,-0.0
2020-08-03,-0.0,0.0,0.004966389040101324,0.0,0.0,0.0,0.0
2020-08-04,0.0,0.0,-0.0021377938126426136,0.0,0.0,0.0,0.0
2020-08-05,0.0,0.0,0.008150818278828444,0.0,0.0,0.0,0.0
2020-08-06,0.0,0.0,-0.001,0.0,-0.0,0.0,0.0
2020-08-07,0.0,-0.0,-0.0,-0.0,0.0,-0.0,0.0
2020-08-10,-0.0,0.0,0.0,-0.0,0.0,0.0,0.0
2020-08-11,0.0,0.0,0.0,-0.0,-0.0,0.0,0.0
2020-08-12,0.0,0.0,0.0,0.0,0.0,0.0,0.0
2020-08-13,0.0,-0.0,-0.0,0.0,-0.0,-0.0,-0.0
2020-08-14,0.0,0.0,0.0,-0.0,0.0,0.0,-0.0
2020-08-17,0.0,0.0,0.0,0.0,0.0,0.0,0.0
2020-08-18,0.0,-0.0,0.0,0.0,-0.0,0.0,0.0
2020-08-19,-0.0,-0.0,0.0,-0.0,0.0,0.0,-0.0
2020-08-20,0.0,-0.0,0.0,0.0,-0.0,0.0,-0.0
2020-08-21,-0.0,0.0,-0.0,-0.0,-0.0,-0.0,-0.0
2020-08-24,0.0,0.0,0.0,-0.0,0.0,0.0,0.0
2020-08-25,-0.0,-0.0,0.0,0.0,0.0,0.0,0.0
2020-08-26,0.0,-0.0,0.0,0.0,0.0,0.0,0.0
2020-08-27,0.0,0.0,0.0,-0.0,0.0,-0.0,-0.0
2020-08-28,0.0,0.0,0.0,0.0,0.0,0.0,0.0
2020-08-31,0.0,-0.0,-0.0,0.0,-0.0,-0.0,-0.0
2020-09-01,-0.0,-0.0,0.0,0.0,0.0,0.0,0.0
2020-09-02,0.0,0.0,0.0,0.0,-0.0,0.0,0.0
2020-09-03,-0.0,-0.0,-0.0,-0.0,-0.0,-0.0,-0.0
2020-09-04,0.0,-0.0,-0.0,0.0,-0.0,-0.0,0.0
2020-09-08,-0.0,-0.0,-0.0,-0.0,-0.0,-0.0,-0.0
2020-09-09,0.0,0.0,0.0,0.0,0.0,0.0,0.0
2020-09-10,-0.0,-0.0,-0.0,-0.0,-0.0,-0.0,0.0
2020-09-11,0.0,-0.0,-0.0,-0.0,0.0,0.0,0.0
2020-09-14,0.0,-0.0,0.0,0.0,0.0,0.0,0.0
2020-09-15,0.0,-0.0,0.0,0.0,0.0,0.0,0.0
2020-09-16,-0.0,0.0,0.0,0.0,0.0,0.0,0.0
2020-09-17,-0.0,0.0,0.0,-0.0,0.0,0.0,0.0
2020-09-18,-0.0,-0.0,-0.0,0.0,-0.0,-0.0,-0.0
2020-09-21,-0.0,-0.0,-0.0,-0.0,-0.0,-0.0,-0.0
2020-09-22,0.0,-0.0,0.0,0.0,-0.0,0.0,0.0
2020-09-23,-0.0,-0.0,-0.0,-0.0,-0.0,-0.0,0.0
2020-09-24,0.0,-0.0,0.0,0.0,0.0,0.0,0.0
2020-09-25,0.0,0.0,0.0,-0.0,-0.0,0.0,0.0
2020-09-28,0.0,0.0,0.0,0.0,0.0,0.0,0.0
2020-09-29,-0.0,-0.0,-0.0,0.0,-0.0,-0.0,0.0
2020-09-30,0.0,0.0,0.0,-0.0,0.0,-0.0,-0.0
2020-10-01,0.0,-0.0,0.0,0.0,-0.0,0.0,0.0
2020-10-02,0.0,0.0,-0.0,-0.0,0.0,-0.0,-0.0
2020-10-05,0.0,0.0,0.0,0.0,0.0,0.0,0.0
2020-10-06,-0.0,-0.0,-0.0,-0.0,0.0,-0.0,-0.0
2020-10-07,0.0,0.0,0.0,0.0,0.0,0.0,0.0
2020-10-08,0.0,0.0,0.0,0.0,0.0,0.0,0.0
2020-10-09,0.0,-0.0,0.0,0.0,-0.0,0.0,0.0
2020-10-12,0.0,0.0,-0.0,-0.0,0.0,0.0,0.0
2020-10-13,0.0,-0.0,-0.0,-0.0,0.0,-0.0,-0.0
2020-10-14,-0.0,-0.0,-0.0,0.0,0.0,-0.0,0.0
2020-10-15,-0.0,0.0,-0.0,0.0,0.0,-0.0,-0.0
2020-10-16,0.0,-0.0,0.0,-0.0,-0.0,0.0,0.0
2020-10-19,-0.0,-0.0,-0.0,0.0,-0.0,-0.0,0.0
2020-10-20,0.0,0.0,0.0,0.0,0.0,0.0,0.0
2020-10-21,-0.0,-0.0,0.0,0.0,-0.0,-0.0,0.0
2020-10-22,0.0,0.0,0.0,-0.0,0.0,0.0,0.0
2020-10-23,-0.0,-0.0,0.0,-0.0,-0.0,0.0,0.0
2020-10-26,-0.0,-0.0,-0.0,-0.0,-0.0,-0.0,-0.0
2020-10-27,0.0,-0.0,-0.0,0.0,0.0,-0.0,0.0
2020-10-28,-0.0,-0.0,-0.0,-0.0,-0.0,-0.0,-0.0
2020-10-29,0.0,0.0,0.0,0.0,0.0,0.0,0.0
2020-10-30,0.0,0.0,-0.0,0.0,0.0,-0.0,-0.0
2020-11-02,0.0,0.0,0.0,0.0,0.0,0.0,0.0
2020-11-03,0.0,-0.0,0.0,0.0,0.0,0.0,0.0
2020-11-04,0.0,0.0,0.0,-0.0,0.0,0.0,0.0
2020-11-05,0.0,0.0,0.0,0.0,0.0,0.0,0.0
2020-11-06,0.0,-0.0,0.0,0.0,-0.0,0.0,0.0
2020-11-09,0.0,0.0,0.0,-0.0,0.0,0.0,0.0
2020-11-10,0.0,0.0,0.0,0.0,0.0,0.0,0.0
2020-11-11,0.0,-0.0,-0.0,-0.0,0.0,0.0,0.0
2020-11-12,-0.0,-0.0,-0.0,0.0,-0.0,-0.0,-0.0
2020-11-13,0.0,0.0,0.0,0.0,0.0,0.0,0.0
2020-11-16,0.0,0.0,0.0,-0.0,0.0,0.0,0.0
2020-11-17,-0.0,0.0,0.0,-0.0,0.0,0.0,0.0
2020-11-18,-0.0,-0.0,-0.0,-0.0,0.0,0.0,-0.0
2020-11-19,0.0,0.0,-0.0,-0.0,0.0,0.0,0.0
2020-11-20,0.0,0.0,-0.0,0.0,0.0,0.0,0.0
2020-11-23,0.0,0.0,0.0,-0.0,0.0,0.0,0.0
2020-11-24,0.0,0.0,0.0,-0.0,0.0,0.0,0.0
2020-11-25,0.0,-0.0,0.0,0.0,0.0,0.0,0.0
2020-11-27,0.0,-0.0,0.0,0.0,-0.0,0.0,0.0
2020-11-30,-0.0,-0.0,-0.0,0.0,-0.0,-0.0,-0.0
2020-12-01,0.0,0.0,0.0,0.0,0.0,0.0,0.0
2020-12-02,0.0,0.0,0.0,0.0,0.0,0.0,-0.0
2020-12-03,0.0,0.0,-0.0,0.0,0.0,0.0,0.0
2020-12-04,0.0,0.0,0.0,-0.0,0.0,0.0,0.0
2020-12-07,-0.0,-0.0,-0.0,0.0,-0.0,0.0,-0.0
2020-12-08,0.0,0.0,0.0,0.0,0.0,0.0,0.0
2020-12-09,0.0,0.0,-0.0,-0.0,0.0,0.0,0.0
2020-12-10,-0.0,0.0,-0.0,-0.0,0.0,0.0,0.0
2020-12-11,0.0,-0.0,-0.0,0.0,-0.0,-0.0,0.0
2020-12-14,-0.0,-0.0,0.0,-0.0,0.0,0.0,0.0
2020-12-15,0.0,0.0,0.0,0.0,0.0,0.0,0.0
2020-12-16,0.0,0.0,-0.0,0.0,0.0,0.0,0.0
2020-12-17,0.0,-0.0,0.0,0.0,0.0,0.0,0.0
2020-12-18,0.0,-0.0,0.0,-0.0,0.0,-0.0,-0.0
2020-12-21,-0.0,-0.0,-0.0,-0.0,-0.0,-0.0,-0.0
2020-12-22,-0.0,-0.0,-0.0,-0.0,-0.0,-0.0,-0.0
2020-12-23,0.0,0.0,-0.0,0.0,0.0,0.0,0.0
2020-12-24,0.0,-0.0,0.0,0.0,0.0,0.0,0.0
2020-12-28,0.0,0.0,0.0,-0.0,-0.0,0.0,0.0
2020-12-29,0.0,-0.0,0.0,0.0,0.0,0.0,0.0
2020-12-30,0.0,0.0,0.0,0.0,0.0,0.0,0.0
2020-12-31,0.0,-0.0,0.0,0.0,0.0,-0.0,0.0
2021-01-04,-0.0,0.0,-0.0,0.0,0.0,0.0,0.0
2021-01-05,0.0,0.0,-0.0,0.0,0.0,0.0,0.0
2021-01-06,-0.0,0.0,0.0,-0.0,0.0,0.0,0.0
2021-01-07,-0.0,0.0,0.0,-0.0,0.0,0.0,0.0
2021-01-08,0.0,0.0,0.0,-0.0,0.0,0.0,0.0
2021-01-11,-0.0,0.0,-0.0,-0.0,0.0,-0.0,-0.0
2021-01-12,-0.0,0.0,-0.0,0.0,0.0,0.0,0.0
2021-01-13,0.0,0.0,0.0,-0.0,-0.0,-0.0,0.0
2021-01-14,-0.0,0.0,-0.0,-0.0,0.0,0.0,0.0
2021-01-15,-0.0,-0.0,-0.0,-0.0,-0.0,-0.0,-0.0
2021-01-19,0.0,0.0,0.0,0.0,0.0,0.0,0.0
2021-01-20,0.0,0.0,0.0,0.0,0.0,0.0,0.0
2021-01-21,0.0,-0.0,-0.0,-0.0,-0.0,0.0,0.0
2021-01-22,-0.0,-0.0,-0.0,-0.0,-0.0,-0.0,0.0
2021-01-25,0.0,-0.0,0.0,0.0,0.0,0.0,0.0
2021-01-26,0.0,-0.0,0.0,-0.0,-0.0,0.0,0.0
2021-01-27,-0.0,-0.0,-0.0,-0.0,0.0,-0.0,-0.0
2021-01-28,0.0,0.0,0.0,0.0,0.0,0.0,0.0
2021-01-29,-0.0,-0.0,-0.0,-0.0,-0.0,-0.0,-0.0
2021-02-01,0.0,0.0,0.0,0.0,0.0,0.0,0.0
2021-02-02,0.0,0.0,0.0,-0.0,0.0,0.0,0.0
2021-02-03,-0.0,0.0,-0.0,-0.0,0.0,0.0,0.0
2021-02-04,0.0,0.0,0.0,-0.0,0.0,0.0,0.0
2021-02-05,0.0,0.0,-0.0,0.0,0.0,0.0,0.0
2021-02-08,0.0,0.0,-0.0,0.0,0.0,0.0,0.0
2021-02-09,-0.0,-0.0,-0.0,0.0,0.0,0.0,0.0
2021-02-10,-0.0,0.0,0.0,0.0,0.0,0.0,-0.0
2021-02-11,0.0,-0.0,0.0,-0.0,-0.0,0.0,0.0
2021-02-12,0.0,0.0,-0.0,-0.0,0.0,0.0,0.0
2021-02-16,0.0,0.0,0.0,-0.0,0.0,0.0,0.0
2021-02-17,0.0,0.0,-0.0,-0.0,0.0,-0.0,-0.0
2021-02-18,0.0,-0.0,0.0,-0.0,-0.0,0.0,0.0
2021-02-19,-0.0,0.0,-0.0,0.0,0.0,0.0,0.0
2021-02-22,0.0,0.0,0.0,0.0,0.0,0.0,-0.0
2021-02-23,0.0,-0.003207798418064045,0.0,-0.0,0.0,0.0,-0.0
2021-02-24,0.0,-0.010569613111318344,0.0,0.0,0.0,0.0,0.0
2021-02-25,-0.0,-0.001,-0.0,-0.0,-0.0,-0.0,-0.0
2021-02-26,-0.0,-0.0,-0.0,-0.0,-0.0,-0.0,-0.0
2021-03-01,0.0,0.0,0.0,-0.0,0.0,0.0,0.0
2021-03-02,0.0,-0.005625360851682719,-0.0,0.0,-0.0,0.0,0.0
2021-03-03,-0.0,-0.003859213073119901,-0.0,-0.0,0.0,-0.0,-0.0
2021-03-04,0.0016173053579478355,0.009439420764880595,-0.0,0.0,0.0,-0.0,-0.0
2021-03-05,0.0021330241183788083,-0.012036694860760106,0.0,0.0,0.0,0.0,0.0
2021-03-08,-0.012906710981756976,-0.004641450275512872,0.0,-0.0,0.0,0.0,0.0
2021-03-09,0.009593557159092943,-0.00455004953516711,0.0,0.0,-0.0,0.0,0.0
2021-03-10,-0.0031340846245437506,0.0012419222426382891,0.0,0.0,0.0,0.0,0.0
2021-03-11,0.005613101946545197,-0.0018877345108307246,0.0,0.0,0.0,0.0,0.0
2021-03-12,-0.001,-0.001,-0.0,0.0,0.0,0.0,0.0
2021-03-15,0.0,-0.0,-0.0,0.0,-0.0,0.0,0.0
2021-03-16,0.0,-0.0,0.0,0.0,-0.0,-0.0,0.0
2021-03-17,0.0,0.0,-0.0,0.0,0.0,0.0,0.0
2021-03-18,-0.0,-0.0,-0.0,-0.0,-0.0,-0.0,0.0
2021-03-19,0.0,-0.0,-0.0,0.0,0.0,0.0,0.0
2021-03-22,0.0,-0.0,0.0,-0.0,-0.0,0.0,0.0
2021-03-23,0.0,-0.0,0.0,-0.0,-0.0,-0.0,-0.0
2021-03-24,0.0,0.0,0.0,0.0,0.0,0.0,-0.0
2021-03-25,0.0,0.0,-0.0,-0.0,0.0,0.0,0.0
2021-03-26,0.0,0.0,0.0,0.0,0.0,0.0,0.0
2021-03-29,0.0,-0.0,0.0,0.0,0.0,-0.0,0.0
2021-03-30,-0.0,-0.0,-0.0,-0.0,-0.0,-0.0,0.0
2021-03-31,-0.0,-0.0,-0.0,0.0,-0.0,0.0,0.0
2021-04-01,-0.0,0.0,0.0,0.0,0.0,0.0,-0.002050804743006882
2021-04-05,0.0,-0.0,0.0,0.0,-0.0,0.0,-0.0009661732513515303
2021-04-06,0.0,-0.0,0.0,0.0,0.0,-0.0,0.006596498469129686
2021-04-07,0.0,0.0,0.0,-0.0,0.0,0.0,-0.0011041264768348845
2021-04-08,-0.0,-0.0,0.0,0.0,-0.0,0.0,0.00035084658444695056
2021-04-09,0.0,-0.0,0.0,0.0,-0.0,0.0,-0.003907838255584805
2021-04-12,0.0,-0.0,-0.0,-0.0,0.0,-0.0,0.0037255338764700793
2021-04-13,0.0,0.0,-0.0,0.0,0.0,0.0,-0.002753967286532832
2021-04-14,-0.0,0.0,0.0,-0.0,0.0,0.0,-1.3525614770403624e-05
2021-04-15,0.0,-0.0,0.0,0.0,0.0,0.0,-0.0006267159297328818
2021-04-16,0.0,-0.0,0.0,0.0,-0.0,0.0,0.0042270776191380656
2021-04-19,0.0,0.0,-0.0,-0.0,0.0,-0.0,0.00517482706632088
2021-04-20,0.0,-0.0,-0.0,0.0,-0.0,-0.0,0.00960271053903682
2021-04-21,0.0,0.0,0.0,0.0,0.0,0.0,-0.00423610278410774
2021-04-22,-0.0,-0.0,0.0,-0.0,0.0,-0.0,-0.001864552799498556
2021-04-23,0.0,0.0,0.0,-0.0,0.0,0.0,-0.003052560698588506
2021-04-26,-0.0,0.0,0.0,0.0,0.0,0.0,0.003057322425459416
2021-04-27,-0.0,0.0,0.0,-0.0,0.0,0.0,0.007677036980013912
2021-04-28,0.0,0.0,0.0,0.0,0.0,0.0,0.0015794846451324973
2021-04-29,0.0,0.0,0.0,-0.0,0.0,-0.0,-0.0027692608891902635
2021-04-30,0.0,-0.0,-0.0,-0.0,-0.0,-0.0,0.0018394024187658492
2021-05-03,0.0,0.0,-0.0,0.0,0.0,0.0,-0.004254073437745717
2021-05-04,-0.0,0.0,-0.0,-0.0,0.0,0.002752908947178756,-0.0005438504876398538
2021-05-05,-0.0,0.0,-0.0,0.0,0.0,-0.006964020592820412,-0.003135921420659242
2021-05-06,0.0,0.0,0.0,0.0,0.0,-0.0009999999999999998,-0.002851447313339694
2021-05-07,0.0,0.0,0.0,0.0,0.0,0.0,0.0027260089138763065
2021-05-10,0.0,0.0,-0.0,0.0,0.0,0.0,-0.002112638321435267
2021-05-11,-0.0,-0.0,0.0,0.0,0.0,-0.0,0.007299428839629968
2021-05-12,-0.0,0.0,-0.0,-0.0,0.0,-0.0,0.020052245586580128
2021-05-13,0.0,-0.0,0.0,0.0,-0.0,0.0,-0.0020964655608862828
2021-05-14,0.0,0.0,0.0,0.0,0.0,0.0,-0.004121724994802982
2021-05-17,-0.0,0.0,-0.0,0.0,0.0,0.0,0.005570834296924724
2021-05-18,-0.0,-0.0,-0.0,0.0,-0.0,0.0,-0.008400054335935409
2021-05-19,-0.0,-0.0,-0.0,0.0,-0.0,-0.0,-0.0010229731976441722
2021-05-20,0.0,0.0,0.0,0.0,-0.0,0.0,-0.00036716244033677955
2021-05-21,-0.0,0.0,0.0,0.0,0.0,-0.0,-0.0036946427473328065
2021-05-24,0.0,0.0,0.0,0.0,0.0,0.0,0.00045050016252216576
2021-05-25,0.0,-0.0,-0.0,0.0,-0.0,0.0,0.001176489641385977
2021-05-26,0.0,0.0,-0.0,-0.0,0.0,0.0,-0.0033421974112199664
2021-05-27,0.0,-0.0,-0.0,0.0,0.0,0.0,-0.0010724114820557028
2021-05-28,0.0,0.0,0.0,0.0,0.0,0.0,-0.0017707383409231252
2021-06-01,-0.0,0.0,-0.0,0.0,0.0,0.0,0.007126305015181901
2021-06-02,0.0,0.0,0.0,0.0,0.0,0.0,-0.0060352235737127355
2021-06-03,0.0,0.0,-0.0,-0.0,0.0,-0.0,-0.0016843506101764682
2021-06-04,0.0,0.0,0.0,0.0,0.0,0.0,-0.004756423072672488
2021-06-07,-0.0,-0.0,0.0,0.0,0.0,0.0,-0.0004398312328968775
2021-06-08,-0.0,0.0,0.0,-0.0,0.0,0.0,0.0016961581465987524
2021-06-09,-0.0,0.0,0.0,-0.0,-0.0,-0.0,0.0027871207126055554
2021-06-10,0.0,0.0,0.0,0.0,0.0,0.0,-0.0027908563432620472
2021-06-11,0.0,-0.0,0.0,-0.0,0.0,-0.0,2.2558144204394546e-05
2021-06-14,0.0,0.0,0.0,-0.0,0.0,0.0,0.0007242596963621548
2021-06-15,0.0,0.0,0.0,-0.0,0.0,0.0,-0.002681167463527549
2021-06-16,-0.0,-0.0,-0.0,-0.0,-0.0,-0.0,-0.001
2021-06-17,0.0,-0.0,0.0,-0.0,-0.0,-0.0,-0.0
2021-06-18,-0.0,-0.0,0.0,-0.0,0.0,-0.0,-0.0
2021-06-21,0.0,0.0,0.0,0.0,0.0,0.0,0.0
2021-06-22,0.0,0.0,0.0,-0.0,0.0,0.0,0.0
2021-06-23,-0.0,0.0,-0.0,-0.0,0.0,-0.0,-0.0
2021-06-24,0.0,0.0,0.0,0.0,0.0,0.0,0.0
2021-06-25,0.0,0.0,0.0,0.0,0.0,0.0,0.0
2021-06-28,0.0,-0.0,-0.0,-0.0,-0.0,-0.0,-0.0
2021-06-29,-0.0,-0.0,0.0,-0.0,0.0,0.0,0.0
2021-06-30,0.0,0.0,-0.0,0.0,0.0,-0.0,-0.0
2021-07-01,0.0,0.0,0.0,0.0,0.0,0.0,-0.0021007708823615186
2021-07-02,0.0,-0.0,0.0,0.0,0.0,0.0,0.004049777302552469
2021-07-06,0.0,-0.0,0.0,0.0,-0.0,-0.0,-0.00036189431237146423
2021-07-07,0.0,-0.0,0.0,0.0,-0.0,0.0,-0.0018736572550441949
2021-07-08,0.0,-0.0,-0.0,-0.0,0.0,-0.0,-0.009029162774066386
2021-07-09,0.0,0.0,0.0,0.0,0.0,0.0,0.016673089631366926
2021-07-12,0.0,0.0,0.0,-0.0,-0.0,-0.0,0.0008519390761708029
2021-07-13,0.0,-0.0,0.0,0.0,0.0,-0.0,-0.0007165390899080452
2021-07-14,0.0,-0.0,0.0,0.0,-0.0,0.0,0.002888087681836833
2021-07-15,0.0,-0.0,0.0,0.0,-0.0,-0.0,-0.001
2021-07-16,0.0,-0.0,-0.0,-0.0,0.0,-0.0,-0.0
2021-07-19,-0.0,-0.0,-0.0,0.0,-0.0,-0.0,-0.0
2021-07-20,0.0,0.0,0.0,0.0,0.0,0.0,0.0
2021-07-21,0.0,0.0,0.0,0.0,0.0,0.0,0.0
2021-07-22,-0.0,-0.0,0.0,0.0,0.0,-0.0,0.0
2021-07-23,0.0,0.0,0.0,-0.0,0.0,0.0,0.0
2021-07-26,0.0,0.0,0.0,0.0,0.0,0.0,-0.0
2021-07-27,0.0,-0.0,0.0,0.0,-0.0,-0.0,-0.0
2021-07-28,-0.0,0.0,-0.0,0.0,0.0,0.0,0.0
2021-07-29,0.0,0.0,0.0,0.0,0.0,0.0,0.0
2021-07-30,0.0,-0.0,-0.0,-0.0,0.0,-0.0,-0.0
2021-08-02,-0.0,0.0,-0.0,-0.0,-0.0,0.003988067942324463,0.0
2021-08-03,0.0,0.0,-0.0,0.0,0.0,0.004167376172881087,0.0
2021-08-04,-0.0,-0.0,0.0,0.0,-0.0,0.0005350701720523184,0.0
2021-08-05,0.0,0.0,0.0,-0.0,0.0,0.0010390019389473655,0.0
2021-08-06,0.0,0.0,0.0,-0.0,0.0,-0.0007435613270304623,-0.0
2021-08-09,-0.001088003550447037,-0.0,-0.0,-0.0,-0.0,-0.0006475612380056475,-0.0
2021-08-10,-0.0014986454084380807,0.0,-0.0,0.0,0.0,-0.0001248380512797864,0.0
2021-08-11,-0.001,0.0,-0.0,0.0,0.0,0.00039396180529366803,0.0
2021-08-12,0.0,-0.0,-0.0,0.0,-0.0,-0.0007124206215264303,0.0
2021-08-13,-0.001748363931515157,-0.0,0.0,0.0,-0.0,0.003950260613231369,0.0
2021-08-16,-0.001,-0.0,0.0,0.0,-0.0,-0.003137930275370301,-0.0
2021-08-17,0.0007643585646335965,-0.0,-0.0,-0.0,-0.0,-0.008616031758011415,-0.0
2021-08-18,0.004477957500539564,-0.0,-0.0,0.0,-0.0,-0.001718153191407116,0.0
2021-08-19,0.002460549090907805,-0.0,-0.0,-0.0,-0.0,0.0038145309788310887,-0.0
2021-08-20,0.001022212850576054,0.0,-0.0,0.0,0.0,-0.0023099150489775283,0.0
2021-08-23,0.0009531979254577259,0.0,0.0,0.0,0.0,-0.0037954628744923846,0.0
2021-08-24,-0.001,0.0,0.0,-0.0,0.0,0.0014070000941439104,0.0
2021-08-25,0.0,0.0,-0.0,-0.0,0.0,0.0008638007068712782,-0.0
2021-08-26,-0.0,-0.0,-0.0,0.0,-0.0,0.0005696558010853083,-0.0
2021-08-27,0.0,0.0,0.0,0.0,0.0,0.0021162255640083615,0.0
2021-08-30,0.0,-0.0,-0.0,-0.0,0.0,0.0004944302456331014,0.0
2021-08-31,0.0,-0.0,-0.0,0.0,-0.0,0.00022878225571672906,0.0
2021-09-01,0.0,-0.0,0.0,0.0,-0.0,0.0025642395581110277,0.0
2021-09-02,0.0,0.0,-0.0,0.0,0.0,-0.0007165926795647577,0.0
2021-09-03,0.0,-0.0,0.0,0.0,-0.0,0.001932722259005973,0.0
2021-09-07,-0.0,-0.0,0.0,-0.0,-0.0,0.002320973492695437,0.0
2021-09-08,0.0,-0.0,0.0,-0.0,0.0,-0.0002441421060914392,-0.0
2021-09-09,-0.0,0.0,0.0,0.0,0.0,-0.001,0.0
2021-09-10,-0.0,0.0,-0.0,-0.0,0.0,-0.0,-0.0
2021-09-13,0.0,0.0,0.0,0.0,0.0,0.0,0.0
2021-09-14,0.0,-0.0,-0.0,0.0,-0.0,-0.0,-0.0
2021-09-15,0.0,0.0,0.0,-0.0,0.0,0.0,0.0
2021-09-16,-0.0,-0.0,0.0,-0.0,0.0,-0.0,-0.0
2021-09-17,-0.0,-0.0,-0.0,-0.0,-0.0,-0.0,-0.0
2021-09-20,-0.0,-0.0,-0.0,0.0,-0.0,-0.0,-0.0
2021-09-21,-0.0,0.0,0.0,0.0,0.0,0.0,0.0
2021-09-22,0.0,0.0,0.0,0.0,0.0,0.0,0.0
2021-09-23,0.0,0.0,0.0,-0.0,0.0,0.0,0.0
2021-09-24,0.0,0.0,0.0,-0.0,0.0,-0.0,-0.0
2021-09-27,-0.0,0.0,-0.0,0.0,0.0,0.0,0.0
2021-09-28,-0.0,0.0,-0.0,-0.0,0.0,-0.0,-0.0
2021-09-29,0.0,-0.0,0.0,-0.0,0.0,-0.0,-0.0
2021-09-30,-0.0,-0.0,-0.0,0.0,0.0,0.0,-0.0
2021-10-01,0.0,0.0,0.0,0.0,0.0,0.0,0.0
2021-10-04,-0.0,0.0,-0.0,0.0,0.0,0.0,-0.0
2021-10-05,0.0,0.0,-0.0,0.0,0.0,0.0,0.0
2021-10-06,0.0,-0.0,0.0,0.0,-0.0,-0.0,-0.0
2021-10-07,0.0,0.0,0.0,0.0,0.0,0.0,0.0
2021-10-08,0.0,0.0,0.0,0.0,0.0,0.0,0.0
2021-10-11,0.0,-0.0,-0.0,-0.0,0.0,0.0,0.0
2021-10-12,0.0,0.0,-0.0,0.0,0.0,0.0,0.0
2021-10-13,0.0,0.0,-0.0,0.0,0.0,0.0,0.0
2021-10-14,0.0,0.0,0.0,0.0,0.0,0.0,0.0
2021-10-15,-0.0,0.0,0.0,-0.0,0.0,0.0,0.0
2021-10-18,-0.0,-0.0,0.0,-0.0,0.0,0.0,-0.0
2021-10-19,0.0,0.0,0.0,0.0,0.0,0.0,0.0
2021-10-20,0.0,0.0,-0.0,0.0,0.0,0.0,0.0
2021-10-21,-0.0,-0.0,-0.0,-0.0,-0.0,-0.0,-0.0
2021-10-22,0.0,0.0,0.0,0.0,0.0,0.0,0.0
2021-10-25,-0.0,0.0,0.0,0.0,0.0,0.0,0.0
2021-10-26,0.0,0.0,-0.0,-0.0,0.0,-0.0,0.0
2021-10-27,0.0,-0.0,-0.0,0.0,-0.0,-0.0,-0.0
2021-10-28,0.0,0.0,-0.0,-0.0,0.0,0.0,0.0
2021-10-29,0.0,0.0,0.0,-0.0,-0.0,-0.0,-0.0
2021-11-01,-0.0,0.0,0.0,0.0,0.0,0.0,0.0
2021-11-02,0.0,-0.0,-0.0,-0.0,0.0,-0.0,0.0
2021-11-03,0.0,-0.0,0.0,0.0,-0.0,0.0,0.0
2021-11-04,0.0,0.0,0.0,0.0,0.0,-0.0,0.0
2021-11-05,0.0,0.0,0.0,0.0,0.0,0.0,0.0
2021-11-08,-0.0,0.0,0.0,0.0,0.0,0.0,-0.0
2021-11-09,0.0,0.0,-0.0,0.0,0.0,0.0,0.0
2021-11-10,0.0,-0.0,0.0,0.0,-0.0,-0.0,-0.0
2021-11-11,0.0,0.0,-0.0,0.0,0.0,-0.0,0.0
2021-11-12,-0.0,0.0,0.0,0.0,-0.0,0.0,0.0
2021-11-15,0.0,0.0,0.0,0.0,0.0,0.0,-0.0
2021-11-16,-0.0,0.0,0.0,-0.0,0.0,-0.0,0.0
2021-11-17,0.0,-0.0,-0.0,0.0,-0.0,-0.0,0.0
2021-11-18,0.0,-0.0,-0.0,-0.0,0.0,0.0,0.0
2021-11-19,0.0,-0.0,-0.0,-0.0,-0.0,-0.0,0.0
2021-11-22,0.0,0.0,-0.0,-0.0,0.0,-0.0,-0.0
2021-11-23,0.0,0.0,0.0,-0.0,0.0,0.0,0.0
2021-11-24,-0.0,0.0,0.0,-0.0,0.0,0.0,-0.0
2021-11-26,-0.0,-0.0,-0.0,-0.0,-0.0,-0.0,-0.0
2021-11-29,0.0,0.0,-0.0,0.0,0.0,0.0,0.0
2021-11-30,-0.0,-0.0,-0.0,-0.0,-0.0,-0.0,-0.0
2021-12-01,0.0,-0.0,-0.0,0.0,-0.0,-0.0,-0.0
2021-12-02,0.0,0.0,0.0,-0.0,0.0,0.0,0.0
2021-12-03,0.0,-0.0,0.0,0.0,-0.0,-0.0,0.0
2021-12-06,0.0,0.0,0.0,0.0,0.0,0.0,0.0
2021-12-07,0.0,0.0,0.0,0.0,0.0,0.0,0.0
2021-12-08,0.0,0.0,0.0,0.0,0.0,0.0,0.0
2021-12-09,-0.0,0.0,0.0,-0.0,-0.0,-0.0,-0.0
2021-12-10,0.0,0.0,0.0,0.0,0.0,0.0,0.0
2021-12-13,0.0,-0.0,-0.0,0.0,-0.0,-0.0,-0.0
2021-12-14,0.0,0.0,-0.0,-0.0,-0.0,-0.0,-0.0
2021-12-15,0.0,-0.0,0.0,0.0,0.0,0.0,0.0
2021-12-16,0.0,0.0,0.0,0.0,0.0,0.0,0.0
2021-12-17,-0.0,-0.0,-0.0,-0.0,-0.0,-0.0,-0.0
2021-12-20,0.0,0.0,-0.0,-0.0,-0.0,0.0,-0.0
2021-12-21,0.0,0.0,0.0,0.0,0.0,0.0,0.0
2021-12-22,0.0,0.0,0.0,0.0,0.0,0.0,0.0
2021-12-23,0.0,0.0,0.0,0.0,0.0,0.0,0.0
2021-12-27,0.0,0.0,0.0,0.0,0.0,0.0,0.0
2021-12-28,0.0,-0.0,0.0,-0.0,0.0,-0.0,0.0
2021-12-29,0.0,-0.0,0.0,0.0,0.0,0.0,-0.0
2021-12-30,-0.0,-0.0,-0.0,0.0,0.0,0.0,-0.0
2021-12-31,0.0,0.0,-0.0,0.0,0.0,0.0,0.0
2022-01-03,0.0,0.0,0.0,-0.0,0.0,0.0,0.0
2022-01-04,0.0,0.0,0.0,0.0,0.0,0.0,0.0
2022-01-05,0.0,0.0,-0.0,-0.0,-0.0,-0.0,-0.0
2022-01-06,0.0,0.0,-0.0,-0.0,0.0,0.0,-0.0
2022-01-07,0.0,0.0,-0.0,0.0,0.0,0.0,0.0
2022-01-10,0.0,0.0,-0.0,0.0,-0.0,-0.0,-0.0
2022-01-11,0.0,0.0,0.0,0.0,0.0,0.0,0.0
2022-01-12,0.0,-0.0,0.0,0.0,0.0,0.0,0.0
2022-01-13,0.0,-0.0,0.0,-0.0,-0.0,-0.0,-0.0
2022-01-14,0.0,0.0,0.0,-0.0,0.0,0.0,0.0
2022-01-18,-0.0,0.0,0.0,-0.0,0.0,-0.0,-0.0
2022-01-19,0.0,0.0,-0.0,0.0,0.0,0.0,0.0
2022-01-20,-0.0,0.0,0.0,-0.0,-0.0,-0.0,-0.0
2022-01-21,0.0,-0.0,-0.0,-0.0,0.0,-0.0,-0.0
2022-01-24,-0.0,0.0,-0.0,0.0,0.0,-0.0,-0.0
2022-01-25,-0.0,0.0,0.0,0.0,0.0,0.0,-0.0
2022-01-26,-0.0,0.0,0.0,-0.0,0.0,-0.0,0.0
2022-01-27,0.0,0.0,0.0,-0.0,0.0,-0.0,-0.0
2022-01-28,0.0,0.0,0.0,-0.0,0.0,0.0,0.0
2022-01-31,0.0,0.0,0.0,0.0,0.0,0.0,0.0
2022-02-01,-0.0,0.0,0.0,0.0,0.0,0.0,0.0
2022-02-02,0.0,0.0,0.0,0.0,0.0,0.0,0.0
2022-02-03,0.0,-0.0,-0.0,-0.0,0.0,-0.0,-0.0
2022-02-04,-0.0,0.0,-0.0,0.0,0.0,0.0,0.0
2022-02-07,0.0,0.0,-0.0,0.0,0.0,0.0,0.0
2022-02-08,0.0,-0.0,0.0,0.0,-0.0,0.0,0.0
2022-02-09,-0.0,0.0,0.0,0.0,0.0,0.0,0.0
2022-02-10,0.0,-0.0,-0.0,-0.0,-0.0,-0.0,-0.0
2022-02-11,0.0,0.0,-0.0,0.0,0.0,-0.0,-0.0
2022-02-14,0.0,-0.0,0.0,0.0,0.0,0.0,0.0
2022-02-15,0.0,-0.0,0.0,-0.0,-0.0,0.0,0.0
2022-02-16,0.0,0.0,0.0,0.0,0.0,0.0,0.0
2022-02-17,0.0,-0.0,-0.0,0.0,0.0,-0.0,-0.0
2022-02-18,0.0,-0.0,-0.0,-0.0,0.0,-0.0,-0.0
2022-02-22,0.0,-0.0,-0.0,0.0,0.0,0.0,-0.0
2022-02-23,-0.0,0.0,-0.0,0.0,0.0,-0.0,-0.0
2022-02-24,-0.0,-0.0,0.0,-0.0,0.0,-0.0,-0.0
2022-02-25,0.0,0.0,0.0,0.0,0.0,0.0,0.0
2022-02-28,-0.0,0.0,-0.0,0.0,0.0,0.0,-0.0
2022-03-01,-0.0,0.0,-0.0,0.0,0.0,-0.0,-0.0
2022-03-02,0.0,0.0,-0.0,-0.0,0.0,0.0,0.0
2022-03-03,0.0,0.0,-0.0,0.0,0.0,-0.0,-0.0
2022-03-04,0.0,0.0,-0.0,0.0,0.0,0.0,-0.0
2022-03-07,-0.0,0.0,-0.0,0.0,0.0,-0.0,-0.0
2022-03-08,-0.0,0.0,0.0,0.0,0.0,-0.0,0.0
2022-03-09,0.0,-0.0,0.0,-0.0,-0.0,0.0,0.0
2022-03-10,-0.0,0.0,-0.0,0.0,0.0,0.0,-0.0
2022-03-11,0.0,0.0,0.0,-0.0,0.0,-0.0,-0.0
2022-03-14,0.0,-0.0,0.0,-0.0,-0.0,-0.0,0.0
2022-03-15,0.0,-0.0,0.0,0.0,-0.0,0.0,0.0
2022-03-16,0.0,-0.0,0.0,0.0,-0.0,0.0,0.0
2022-03-17,0.0,0.0,0.0,0.0,0.0,0.0,0.0
2022-03-18,3.373979701490264e-05,0.0,0.0,-0.0,0.0,0.0,0.0
2022-03-21,-0.007325675045645788,0.0,-0.0,0.0,0.0,0.0,-0.0
2022-03-22,-0.0009999999999999998,-0.0,0.0,-0.0,-0.0,0.0,0.0
2022-03-23,0.0043248384348569865,0.0,-0.0,0.0,0.0,0.0,-0.0
2022-03-24,-0.008023112809599851,0.0,0.0,0.0,0.0,0.0,0.0
2022-03-25,-0.007641499498205746,0.0,0.0,0.0,0.0,0.0,0.0
2022-03-28,-0.0054143319683638905,-0.0,0.0,-0.0,-0.0,-0.0,0.0
2022-03-29,-0.001980659714394334,-0.0,0.0,0.0,0.0,0.0,0.0
2022-03-30,-0.0008981593563605144,0.0,-0.0,0.0,0.0,0.0,-0.0
2022-03-31,0.0026357145457109655,-0.0,-0.0,0.0,-0.0,-0.0,-0.0
2022-04-01,-0.01115382494501352,0.0,0.0,0.0,0.0,0.0,0.0
2022-04-04,0.0044046972540876675,0.0,0.0,0.0,0.0,0.0,0.0
2022-04-05,0.0010778960297618185,-0.0,-0.0,-0.0,-0.0,-0.0,-0.0
2022-04-06,-0.0073213959661178885,0.0,-0.0,0.0,0.0,-0.0,-0.0
2022-04-07,-0.004772497496296953,0.0,-0.0,0.0,0.0,-0.0,0.0
2022-04-08,-0.005202252668644974,0.0,0.0,0.0,0.0,0.0,0.0
2022-04-11,-7.037302082672192e-05,-0.0,-0.0,0.0,-0.0,-0.0,-0.0
2022-04-12,-0.01015835645193904,0.0,-0.0,0.0,0.0,0.0,-0.0
2022-04-13,-0.002575983729515022,0.0,0.0,0.0,0.0,0.0,0.0
2022-04-14,-0.001,0.0,0.0,0.0,0.0,-0.0,-0.0
2022-04-18,-0.0,0.0,0.0,0.0,0.0,0.0,-0.0
2022-04-19,0.0,-0.0,0.0,-0.0,-0.0,0.0,0.0
2022-04-20,0.0,0.0,0.0,0.0,0.0,0.0,0.0
2022-04-21,0.0,-0.0,-0.0,-0.0,0.0,-0.0,-0.0
2022-04-22,-0.0,-0.0,-0.0,-0.0,-0.0,-0.0,-0.0
2022-04-25,0.0,-0.0,0.0,-0.0,-0.0,-0.0,0.0
2022-04-26,-0.0,0.0,-0.0,0.0,0.0,-0.0,-0.0
2022-04-27,0.0,0.0,0.0,-0.0,0.0,0.0,0.0
2022-04-28,0.0,0.0,0.0,0.0,0.0,0.0,0.0
2022-04-29,-0.0,-0.0,-0.0,-0.0,-0.0,-0.0,-0.0
2022-05-02,-0.0,0.0,-0.0,-0.0,0.0,-0.0,-0.0
2022-05-03,0.0,0.0,-0.0,0.0,0.0,0.0,0.0
2022-05-04,0.0,0.0,0.0,0.0,0.0,0.0,0.0
2022-05-05,-0.0,-0.0,-0.0,-0.0,0.0,-0.0,-0.0
2022-05-06,0.0,0.0,-0.0,0.0,0.0,-0.0,0.0
2022-05-09,0.0,-0.0,-0.0,-0.0,-0.0,-0.0,-0.0
2022-05-10,-0.0,0.0,0.0,-0.0,0.0,0.0,0.0
2022-05-11,0.0,0.0,0.006865045049659926,0.0,0.0,0.0,-0.0
2022-05-12,0.0,0.0,0.00015029577659443052,-0.0,0.0,-0.0,0.0
2022-05-13,0.0,0.0,-0.0023237214431717627,0.0,0.0,0.0,0.0
2022-05-16,0.0,0.0,0.0004785318203400678,0.0,0.0,0.0,-0.0
2022-05-17,-0.0,0.0,0.0037728756847780795,0.0,0.0,0.0,0.0
2022-05-18,-0.0,-0.0,-0.006437106662968243,0.0,-0.0,-0.0,-0.0
2022-05-19,-0.0,0.0,-0.0019026801787241953,0.0,0.0,0.0,0.0
2022-05-20,0.0,0.0,-0.0010871673379235318,0.0,0.0,0.0,0.0
2022-05-23,0.0,0.0,0.0058661260801505495,0.0,0.0,0.0,0.0
2022-05-24,0.0,0.0,-0.0023384874409498415,0.0,0.0,-0.0,-0.0
2022-05-25,0.0,0.0,-0.002401348752196269,-0.0,0.0,0.0,0.0
2022-05-26,0.0,0.0,0.0053760983019115385,-0.0,0.0,0.0,0.0
2022-05-27,0.0,0.0,0.0005489336966861524,0.0,0.0,0.0,0.0
2022-05-31,-0.0,-0.0,-0.0019157909262251035,-0.0,0.0,0.0,-0.0
2022-06-01,-0.0,0.0,-0.004598168634573582,0.0,0.0,0.0,0.0
2022-06-02,0.0,-0.0,0.005137565796056663,0.0,0.0,0.0,0.0
2022-06-03,-0.0,0.0,0.0007797792867015738,-0.0,0.0,-0.0,-0.0
2022-06-06,0.0,-0.0,-0.0023138673678753307,-0.0,-0.0,0.0,0.0
2022-06-07,0.0,0.0,-0.0011315207663922468,0.0,0.0,0.0,0.0
2022-06-08,-0.0,0.0,-0.0003420894951663753,-0.0,0.0,-0.0,-0.0
2022-06-09,-0.0,-0.0,-0.0013394258204528383,-0.0,-0.0,-0.0,-0.0
2022-06-10,-0.0,-0.0,0.0019285430312349025,0.0,-0.0,-0.0,-0.0
2022-06-13,-0.0,-0.0,0.0014930875076499307,-0.0,0.0,-0.0,-0.0
2022-06-14,-0.0,0.0,-2.044762100261299e-05,-0.0,0.0,-0.0,-0.0
2022-06-15,0.0,-0.0,0.002558819873187151,0.0,-0.0,0.0,0.0
2022-06-16,-0.0,-0.0,0.004436824696581733,0.0,0.0,-0.0,-0.0
2022-06-17,0.0,-0.0,-0.00019238171583596498,-0.0,-0.0,-0.0,0.0
2022-06-21,0.0,0.0,0.0022149887525891826,0.0,0.0,0.0,0.0
2022-06-22,0.0,-0.0,0.0002526967843062606,0.0,-0.0,-0.0,-0.0
2022-06-23,0.0,-0.0,0.006847464972212576,-0.0,-0.0,-0.0,0.0
2022-06-24,0.0,0.0,-0.001,0.0,0.0,0.0,0.0
2022-06-27,0.0,0.0,-0.0,-0.0,0.0,0.0,-0.0
2022-06-28,-0.0,0.0,-0.0,-0.0,0.0,-0.0,-0.0
2022-06-29,0.0,-0.0,0.0,-0.0,-0.0,-0.0,-0.0
2022-06-30,0.0,-0.0,-0.0,-0.0,-0.0,-0.0,-0.0
2022-07-01,0.0,0.0,-0.0037764726583622843,0.0,0.0,0.0,0.0
2022-07-05,-0.0,-0.0,-0.002480098402038345,-0.0,-0.0,-0.0,-0.0
2022-07-06,0.0,-0.0,-0.00041309730122461813,-0.0,-0.0,0.0,-0.0
2022-07-07,-0.0,0.0,0.0012445226632976712,0.0,0.0,0.0,0.0
2022-07-08,0.0,0.0,-0.0035229551407268606,0.0,0.0,-0.0,0.0
2022-07-11,-0.0,-0.0,-0.0026300784574391327,-0.0,-0.0,-0.0,-0.0
2022-07-12,-0.0,-0.0,-0.0011487589287607213,-0.0,-0.0,0.0,0.0
2022-07-13,0.0,0.0,0.0025118335274540793,0.0,0.0,0.0,-0.0
2022-07-14,0.0,-0.0,-0.0026521649505031873,-0.0,-0.0,-0.0,-0.0
2022-07-15,0.0,0.0,-0.0012383936845037232,-0.0,0.0,0.0,0.0
2022-07-18,-0.0,0.0,0.005539096287507625,0.0,0.0,0.0,0.0
2022-07-19,0.0,0.0,-0.0052612241506970825,0.0,0.0,0.0,0.0
2022-07-20,-0.0,0.0,0.0018825534031450637,-0.0,0.0,0.0,0.0
2022-07-21,0.0,-0.0,-0.0002707114310786851,0.0,-0.0,0.0,0.0
2022-07-22,0.0,-0.0,0.0026615143737017204,0.0,-0.0,0.0,0.0
2022-07-25,0.0,0.0,-0.0011098783832046788,-0.0,0.0,0.0,0.0
2022-07-26,0.0,-0.0,0.0009585421087654349,0.0,-0.0,-0.0,-0.0
2022-07-27,-0.0,0.0,0.007882922354829618,0.0,0.0,0.0,0.0
2022-07-28,0.0,0.0,0.009266518160809775,0.0,0.0,0.0,0.0
2022-07-29,0.0,0.0,-0.00039601734011060236,0.0,0.0,0.0,0.0
2022-08-01,0.0,-0.0,-0.0020278574762906255,0.0,-0.0,-0.0,0.0
2022-08-02,-0.0,-0.0,0.011695409912969003,-0.0,0.0,-0.0,-0.0
2022-08-03,0.0,-0.0,0.00029282448043262187,0.0,-0.0,0.0,0.0
2022-08-04,-0.0,-0.0,-0.01114578428161394,0.0,-0.0,-0.0,0.0
2022-08-05,-0.0,0.0,-0.001,-0.0,0.0,-0.0,-0.0
2022-08-08,-0.0,0.0,-0.0,0.0,0.0,0.0,0.0
2022-08-09,0.0,0.0,-0.0,0.0,0.0,-0.0,-0.0
2022-08-10,0.0,0.0,0.0,0.0,0.0,0.0,0.0
2022-08-11,-0.0,0.0,-0.0,-0.0,0.0,0.0,-0.0
2022-08-12,0.0,0.0,0.0,0.0,0.0,0.0,0.0
2022-08-15,0.0,-0.0,0.0,-0.0,-0.0,-0.0,0.0
2022-08-16,0.0,-0.0,0.0,0.0,-0.0,0.0,0.0
2022-08-17,-0.0,0.0,-0.0,-0.0,0.0,-0.0,-0.0
2022-08-18,0.0,0.0,0.0,0.0,0.0,0.0,-0.0
2022-08-19,-0.0,-0.0,-0.0,-0.0,-0.0,-0.0,-0.0
2022-08-22,-0.0,-0.0,-0.0,0.0,0.0,-0.0,-0.0
2022-08-23,0.0,0.0,-0.0,0.0,0.0,0.0,0.0
2022-08-24,0.0,0.0,-0.0,0.0,0.0,0.0,0.0
2022-08-25,0.0,0.0,0.0,0.0,0.0,0.0,0.0
2022-08-26,-0.0,-0.0,-0.0,-0.0,-0.0,-0.0,-0.0
2022-08-29,-0.0,0.0,-0.0,0.0,0.0,0.0,0.0
2022-08-30,-0.0,-0.0,-0.0,-0.0,-0.0,-0.0,0.0
2022-08-31,-0.0,-0.0,-0.0,-0.0,-0.0,-0.0,-0.0
2022-09-01,0.0,-0.0,0.0,-0.0,-0.0,-0.0,-0.0
2022-09-02,-0.0,0.0,-0.0,0.0,0.0,0.0,-0.0
2022-09-06,0.0,-0.0,0.0,-0.0,-0.0,-0.0,0.0
2022-09-07,0.0,-0.0,0.0,0.0,-0.0,0.0,0.0
2022-09-08,-0.0,0.0,0.0,0.0,0.0,0.0,0.0
2022-09-09,0.0,0.0,0.0,0.0,0.0,0.0,0.0
2022-09-12,0.0,0.0,0.0,0.0,0.0,0.0,0.0
2022-09-13,-0.0,-0.0,-0.0,-0.0,-0.0,-0.0,-0.0
2022-09-14,0.0,0.0,0.0,0.0,0.0,0.0,0.0
2022-09-15,-0.0,-0.0,-0.0,-0.0,-0.0,-0.0,-0.0
2022-09-16,0.0,-0.0,-0.0,0.0,0.0,-0.0,-0.0
2022-09-19,0.0,0.0,-0.0,0.0,0.0,0.0,0.0
2022-09-20,0.0,-0.0,-0.0,-0.0,-0.0,-0.0,-0.0
2022-09-21,-0.0,-0.0,-0.0,0.0,-0.0,-0.0,-0.0
2022-09-22,0.0,-0.0,-0.0,-0.0,0.0,-0.0,0.0
2022-09-23,-0.0,-0.0,-0.0,-0.0,-0.0,-0.0,-0.0
2022-09-26,-0.0,-0.0,-0.0,-0.0,-0.0,-0.0,-0.0
2022-09-27,-0.0,0.0,-0.0,0.0,0.0,-0.0,-0.0
2022-09-28,0.0,0.0,0.0,0.0,0.0,0.0,0.0
2022-09-29,-0.0,-0.0,0.0,0.0,0.0,-0.0,-0.0
2022-09-30,-0.0,-0.0,-0.0,0.0,-0.0,-0.0,-0.0
2022-10-03,0.0,0.0,0.0,0.0,0.0,0.0,0.0
2022-10-04,0.0,0.0,0.0,0.0,0.0,0.0,0.0
2022-10-05,-0.0,0.0,0.0,-0.0,0.0,-0.0,-0.0
2022-10-06,-0.0,0.0,-0.0,0.0,0.0,-0.0,-0.0
2022-10-07,-0.0,-0.0,-0.0,-0.0,0.0,-0.0,-0.0
2022-10-10,0.0,-0.0,-0.0,-0.0,-0.0,-0.0,0.0
2022-10-11,0.0,0.0,-0.0,-0.0,-0.0,-0.0,-0.0
2022-10-12,0.0,0.0,-0.0,0.0,0.0,0.0,-0.0
2022-10-13,0.0,0.0,0.0,-0.0,0.0,0.0,0.0
2022-10-14,-0.0,-0.0,-0.0,-0.0,-0.0,-0.0,-0.0
2022-10-17,0.0,0.0,0.0,0.0,0.0,0.0,0.0
2022-10-18,0.0,0.0,0.0,0.0,0.0,0.0,0.0
2022-10-19,-0.0,0.0,-0.0,-0.0,0.0,-0.0,-0.0
2022-10-20,-0.0,0.0,0.0,0.0,0.0,-0.0,-0.0
2022-10-21,0.0,-0.005652987662258164,0.0,0.0,0.0,0.0,0.0
2022-10-24,0.0,0.003434097825057754,0.0,-0.0,0.0,-0.0,0.0
2022-10-25,0.0,-0.0087133876221863,0.0,0.0,0.0,0.0,0.0
2022-10-26,-0.0005759717256760212,-0.0010229707901261325,0.0,0.0,0.0,0.0,0.0
2022-10-27,0.0015729805763008203,-0.000664419544326364,0.0,-0.0,0.0,0.0,-0.0
2022-10-28,-0.001,0.00746211214020656,0.0,-0.0,0.0,0.0,0.0
2022-10-31,-0.0,-0.002275969127545444,-0.0,-0.0,0.0,-0.0,-0.0
2022-11-01,-0.0,0.0007412212712902325,0.0,0.0,0.0,0.0,0.0
2022-11-02,-0.0,0.0012248375259263612,-0.0,-0.0,0.0,-0.0,-0.0
2022-11-03,-0.0,-0.0015003255596633149,-0.0,-0.0,0.0,-0.0,-0.0
2022-11-04,0.0,-0.0016521963182915733,0.0,0.0,0.0,0.0,0.0
2022-11-07,0.0,-0.0008330339821766926,0.0,0.0,0.0,0.0,0.0
2022-11-08,0.0,0.0022351890471974532,0.0,0.0,0.0,0.0,0.001086126959312174
2022-11-09,-0.0,0.0003194162039068719,-0.0,-0.0,-0.0,-0.0,-0.004572188483297492
2022-11-10,0.0,-0.003224295527991537,0.0,0.0,0.0,0.0,-0.001
2022-11-11,0.0,-0.0005561019284495252,0.0,0.0,0.0,0.0,0.0
2022-11-14,-0.0,0.0010880090475484051,0.0,0.0,-0.0,-0.0,-0.0
2022-11-15,0.0,-0.0011626856191703325,0.0,0.0,0.0,0.0,0.0
2022-11-16,0.0,0.003635360256808498,0.0,-0.0,-0.0,-0.0,0.0
2022-11-17,0.0,-0.0009066932922564453,0.0,-0.0,0.0,-0.0,0.0
2022-11-18,0.0,-0.0008975308515495439,0.0,0.0,-0.0,0.0,0.0
2022-11-21,0.0,0.0004334010938063959,-0.0,-0.0,0.0,-0.0,-0.0
2022-11-22,0.0,-0.00013754126340535957,0.0,0.0,0.0,0.0,0.0
2022-11-23,0.0,0.0023659579941383174,0.0,0.0,-0.0,0.0,0.0
2022-11-25,0.0,-0.000108952328589128,0.0,0.0,-0.0,0.0,0.0
2022-11-28,0.0,0.0013936030977818664,-0.0,-0.0,-0.0,-0.0,-0.0
2022-11-29,-0.0,-0.004875756058162286,-0.0,0.0,0.0,0.0,0.0
2022-11-30,0.0,-0.003336250998391023,0.0,0.0,0.0,0.0,0.0
2022-12-01,0.0,8.973098037534152e-05,0.0,0.0,0.0,0.0,0.0
2022-12-02,0.0,-0.001,0.0,-0.0,-0.0,-0.0,0.0
2022-12-05,-0.0,-0.0,-0.0,-0.0,-0.0,-0.0,-0.0
2022-12-06,-0.0,-0.0,-0.0,0.0,-0.0,-0.0,-0.0
2022-12-07,0.0,0.0,-0.0,0.0,-0.0,0.0,0.0
2022-12-08,0.0,0.0,0.0,0.0,-0.0,0.0,0.0
2022-12-09,-0.0,-0.0,-0.0,0.0,0.0,-0.0,0.0
2022-12-12,0.0,0.0,0.0,-0.0,0.0,0.0,0.0
2022-12-13,0.0,0.0,-0.0,0.0,0.0,0.0,0.0
2022-12-14,0.0,-0.0,0.0,-0.0,0.0,-0.0,-0.0
2022-12-15,-0.0,-0.0,-0.0,-0.0,-0.0,-0.0,-0.0
2022-12-16,0.0,-0.0,-0.0,0.0,-0.0,-0.0,0.0
2022-12-19,0.0,0.0,-0.0,-0.0,0.0,-0.0,0.0
2022-12-20,-0.0,0.0,0.0,0.0,0.0,0.0,0.0
2022-12-21,0.0,0.0,0.0,0.0,0.0,0.0,0.0
2022-12-22,-0.0,-0.0,-0.0,-0.0,-0.0,-0.0,-0.0
2022-12-23,0.0,0.0,0.0,0.0,0.0,0.0,0.0
2022-12-27,0.0,0.0,0.0,0.0,0.0,0.0,0.0
2022-12-28,-0.0,-0.0,-0.0,-0.0,-0.0,-0.0,-0.0
2022-12-29,0.0,0.0,0.0,0.0,0.0,0.0,0.0
2022-12-30,-0.0,0.0,-0.0,0.0,0.0,-0.0,-0.0
2023-01-03,-0.0,-0.0,-0.0,0.0,-0.0,-0.0,0.0
2023-01-04,-0.0,0.0,0.0,0.0,-0.0,0.0,0.0
2023-01-05,-0.0,0.0,-0.0,-0.0,0.0,-0.0,-0.0
2023-01-06,0.0,0.0,0.0,0.0,0.0,0.0,0.0
2023-01-09,0.0011509843426727286,-0.0,0.0,0.0,0.0,0.0,0.0
2023-01-10,-0.001,0.0,0.0,0.0,0.0,0.0,0.0
2023-01-11,-0.002427215464533573,0.0,0.0,-0.0,0.0,0.0,0.0
2023-01-12,0.0039322103949749445,0.0,0.0,0.0,0.0,0.0,0.0
2023-01-13,-0.001,0.0,-0.0,0.0,0.0,0.0,0.0
2023-01-17,0.0,0.0,-0.0,-0.0,0.0,0.0,0.0
2023-01-18,-0.0,-0.0,-0.0,-0.0,-0.0,0.0007378335094161446,-0.0
2023-01-19,-0.0,0.0,0.0,0.0,0.0,-0.001,-0.0
2023-01-20,0.0,0.0,0.0,0.0,0.0,0.0,0.0
2023-01-23,0.0,-0.0,0.0,0.0,0.0,0.0,0.0
2023-01-24,0.0,0.0,0.0,0.0,-0.0,0.0001780484683039094,0.0
2023-01-25,0.0,-0.0,0.0,0.0,0.0,0.005721378679952103,0.0
2023-01-26,-0.0,0.0,-0.0,-0.0,0.0,-0.0037194607607948637,0.0
2023-01-27,-0.0,-0.0,0.0,-0.0,-0.0,-0.002182131772402692,0.0
2023-01-30,0.0,-0.0,-0.0,-0.0,-0.0,0.0033811579763291144,-0.0
2023-01-31,0.0,0.0,0.0,0.0,0.0,-0.007481933470081131,0.0
2023-02-01,0.0,-0.0,0.0,0.0,-0.0,0.004382245118804758,0.0
2023-02-02,-0.0,-0.0,0.0,-0.004087260265318365,-0.0,-0.001,0.0
2023-02-03,-0.0,0.0,0.0,-0.0014394412691929336,-0.0,-0.0,-0.0
2023-02-06,0.0,0.0,-0.0,0.002590655980629503,0.0,-0.0,-0.0
2023-02-07,-0.0,0.0,0.0,-0.0041415067480119775,0.0,0.0,0.0
2023-02-08,-0.0,-0.0,-0.0,0.004507275789119963,0.0,-0.0,-0.0
2023-02-09,0.0,0.0,0.0,0.0016095457075716159,-0.0,-0.0,0.0
2023-02-10,0.0,0.0,-0.0,0.0028463344891979502,0.0,0.0,0.0
2023-02-13,0.0,-0.0,0.0,-0.0029009346943027034,-0.0,0.0,0.0
2023-02-14,-0.0,0.0,0.0,-0.0002073220867356834,0.0,-0.0,0.0
2023-02-15,0.0,-0.0,-0.0,0.0031824438573670147,-0.0,-0.0,0.0
2023-02-16,-0.0,-0.0,-0.0,0.0008658076258543128,-0.0,-0.0,-0.0
2023-02-17,0.0,-0.0,-0.0,0.005044669785152011,-0.0,-0.0,0.0
2023-02-21,-0.0,-0.0,-0.0,0.0011185997421913458,-0.0,-0.0,-0.0
2023-02-22,0.0,-0.0,-0.0,0.004272718405676479,-0.0,-0.0,-0.0
2023-02-23,0.0,0.0,0.0,0.0013737011300204828,0.0,0.0,0.0
2023-02-24,-0.0,0.0,-0.0,-0.0007671743384483331,0.0,-0.0,-0.0
2023-02-27,-0.0,0.0,0.0,-0.001,0.0,0.0,0.0
2023-02-28,-0.0,-0.0,-0.0,0.0,0.0,-0.0,-0.0
2023-03-01,-0.0,0.0,-0.0,0.0,0.0,0.0,0.0
2023-03-02,0.0,0.0,0.0,0.0,0.0,0.0,0.0
2023-03-03,-0.0,0.0,0.0,0.0,0.0,0.0,0.0
2023-03-06,0.0,0.0,0.0,-0.0,0.0,-0.0,0.0
2023-03-07,-0.0,-0.0,-0.0,-0.0,-0.0,-0.0,-0.0
2023-03-08,0.0,-0.0,-0.0,-0.0,-0.0,0.0,0.0
2023-03-09,-0.0,-0.0,-0.0,0.0,-0.0,-0.0,-0.0
2023-03-10,0.0,-0.0,-0.0,0.0,0.0,-0.0,-0.0
2023-03-13,0.0,-0.0,-0.0,0.0,-0.0,-0.0,-0.0
2023-03-14,0.0,0.0,0.0,0.0,0.0,0.0,0.0
2023-03-15,0.0,-0.0,-0.0,0.0,-0.0,-0.0,-0.0
2023-03-16,0.0,0.0,0.0,0.0,0.0,0.0,0.0
2023-03-17,-0.0,-0.0,0.0,0.0,-0.0,-0.0,-0.0
2023-03-20,0.0,0.0,0.0,0.0,0.0,0.0,0.0
2023-03-21,0.0,0.0,0.0,-0.0,0.0,0.0,0.0
2023-03-22,-0.0,-0.0,-0.0,0.0,0.0,-0.0,-0.0
2023-03-23,-0.0,-0.0,0.0,0.0,-0.0,-0.0,0.0
2023-03-24,0.0,0.0,-0.0,0.0,0.0,0.0,0.0
2023-03-27,0.0,0.0,0.0,-0.0,0.0,0.0,0.0
2023-03-28,0.0,0.0,-0.0,0.0,0.0,0.0,0.0
2023-03-29,0.0,0.0,0.0,-0.0,0.0,0.0,0.0
2023-03-30,0.0,0.0,-0.0,0.0,0.0,0.0,0.0
2023-03-31,0.0,0.0,0.0,-0.0,0.0,0.0,0.0
2023-04-03,0.0,0.0,0.0,0.0,0.0,0.0,0.0
2023-04-04,-0.0,-0.0,-0.0,0.0,0.0,-0.0,0.0
2023-04-05,0.0,0.0,0.0,0.0,0.0,-0.0,-0.0
2023-04-06,0.0,-0.0,-0.0,0.0,0.0,0.0,0.0
2023-04-10,-0.0,0.0,0.0,-0.0,0.0,0.0,0.0
2023-04-11,-0.0,0.0,0.0,0.0,0.0,0.0,0.0
2023-04-12,0.0,0.0,-0.0,0.0,0.0,0.0,0.0
2023-04-13,0.0,0.0,0.0,0.0,0.0,0.0,0.0
2023-04-14,-0.0,0.0,0.0,-0.0,0.0,-0.0,-0.0
2023-04-17,0.0,-0.0,0.0,-0.0,-0.0,0.0,0.0
2023-04-18,0.0,0.0,0.0,0.0,0.0,0.0,0.0
2023-04-19,0.0,0.0,0.0,-0.0,-0.0,-0.0,-0.0
2023-04-20,0.0,-0.0,0.0,0.0,-0.0,0.0,0.0
2023-04-21,0.0,0.0,0.0,-0.0,0.0,-0.0,0.0
2023-04-24,0.0,0.0,-0.0,0.0,0.0,-0.002498371871643311,0.0
2023-04-25,0.0,-0.0,-0.0,0.0,-0.0,-0.0018075569717026943,-0.0
2023-04-26,-0.0,-0.0,-0.0,-0.0,-0.0,-9.676523278040036e-05,0.0
2023-04-27,0.0,0.0,0.0,0.0,0.0,0.0004452454695543114,0.0
2023-04-28,0.0,0.0,0.0,0.0,0.0,0.004859629913754527,0.0
2023-05-01,0.0,-0.0,-0.0,-0.0,-0.0,0.0005159650331472256,0.0
2023-05-02,0.0,-0.0,-0.0,0.0,-0.0,-0.003894668138223579,-0.0
2023-05-03,-0.0,-0.0,-0.0,0.0,-0.0,0.0013718964113000151,0.0
2023-05-04,0.0,-0.0,0.0,0.0,0.0,0.001316098171460656,0.0
2023-05-05,0.0,0.0,0.0,-0.0,0.0,0.0011076971929629834,0.0
2023-05-08,-0.0,0.0,0.0,0.0,0.0,-0.0009999999999999998,-0.0
2023-05-09,0.0,0.0,0.0,0.0,0.0,-0.0,0.0
2023-05-10,0.0,-0.0,-0.0,-0.0,-0.0,0.0,-0.0
2023-05-11,0.0,-0.0,0.0,-0.0,-0.0,-0.0,0.0
2023-05-12,0.0,0.0,0.0,0.0,0.0,-0.00045310900245017097,0.0
2023-05-15,-0.0,0.0,0.0,0.0,0.0,-0.001,0.0
2023-05-16,-0.0,-0.0,-0.0,-0.0,-0.0,-0.0,-0.0
2023-05-17,-0.0,0.0,0.0,-0.0,0.0,0.0,0.0
2023-05-18,-0.0,0.0,0.0,-0.0,0.0,-0.0,0.0
2023-05-19,0.0,0.0,-0.0,0.0,0.0,0.0,0.0
2023-05-22,-0.0,-0.0,-0.0,-0.0,0.0,0.0,0.0
2023-05-23,-0.0,0.0,-0.0,0.0,0.0,-0.0,-0.0
2023-05-24,-0.0,0.0,-0.0,-0.0,0.0,-0.0,-0.0
2023-05-25,-0.0,-0.0,0.0,-0.0,-0.0,-0.0,0.0
2023-05-26,-0.0,-0.0,0.0,0.0,0.0,0.0,0.0
2023-05-30,-0.0,-0.0,-0.0,0.0,-0.0,-0.0,-0.0
2023-05-31,0.0,-0.0,-0.0,0.0,-0.0,-0.0,-0.0
2023-06-01,0.0,0.0,0.0,0.0,0.0,0.0,0.0
2023-06-02,0.0,0.0,0.0,-0.0,0.0,0.0,0.0
2023-06-05,0.0,-0.0,-0.0,0.0,-0.0,-0.0,-0.0
2023-06-06,-0.0,0.0,0.0,0.0,0.0,0.0,0.0
2023-06-07,-0.0,0.0,-0.0,-0.0,0.0,-0.0,-0.0
2023-06-08,0.0,-0.0,-0.0,0.0,-0.0,0.0,0.0
2023-06-09,0.0,-0.0,0.0,-0.0,-0.0,-0.0,0.0
2023-06-12,-0.0,-0.0,0.0,0.0,-0.0,0.0,0.0
2023-06-13,0.0,0.0,-0.0,-0.0,0.0,0.0,0.0
2023-06-14,0.0,-0.0,0.0,-0.0016044877136418563,-0.0,0.0,0.0
2023-06-15,0.0,0.0,0.0,-0.004791051129820242,0.0,0.0,0.0
2023-06-16,0.0,-0.0,0.0,0.0037382967364109673,0.0,0.0,-0.0
2023-06-20,-0.0,-0.0,-0.0,-0.0009999999999999998,-0.0,-0.0,-0.0
2023-06-21,0.0,0.0,0.0,-0.00047155998182005275,0.0,0.0,0.0
2023-06-22,0.0,-0.0,0.0,0.0062301361502054495,-0.0,-0.0,-0.0
2023-06-23,-0.0,-0.0,0.0,-0.0026267531798026453,-0.0,-0.0,-0.0
2023-06-26,0.0,0.0,-0.0,0.0006383557390370804,0.0,0.0,0.0
2023-06-27,0.0,0.0,0.0,0.0005481156226959391,0.0,0.0,0.0
2023-06-28,-0.0,0.0,0.0,-0.001359298999534436,0.0,-0.0,0.0
2023-06-29,0.0,0.0,0.0,0.00376953571922803,0.0,0.0,-0.0
2023-06-30,0.0,0.0,0.0,-0.0016754237000431074,0.0,0.0,0.0
2023-07-03,0.0,0.0,0.0,0.003255753887083845,0.0,0.0,0.0
2023-07-05,0.0,-0.0,0.0,-0.003325118045940194,0.0,-0.0,-0.0
2023-07-06,0.0,-0.0,-0.0,-0.0032057081612338343,-0.0,-0.0,-0.0
2023-07-07,-0.0,0.0,-0.0,-0.0030826340733478433,0.0,0.0,0.0
2023-07-10,0.0,0.0,0.0,0.003687605054657658,0.0,-0.0,0.0
2023-07-11,0.0,0.0,0.0,-0.0015282759744115464,0.0,0.0,0.0
2023-07-12,0.0,0.0,0.0,0.000656412951260879,0.0,0.0,0.0
2023-07-13,0.0,-0.0,0.0,-0.0009999999999999998,0.0,0.0,0.0
2023-07-14,0.0,-0.0,0.0,-0.0,-0.0,-0.0,-0.0
2023-07-17,-0.0,0.0,0.0,0.0,-0.0,0.0,0.0
2023-07-18,-0.0,0.0,-0.0,0.0,0.0,0.0,0.0
2023-07-19,0.0,0.0,0.0,0.0,0.0,0.0,0.0
2023-07-20,0.0,0.0,-0.0,-0.0,0.0,0.0,-0.0
2023-07-21,0.0,0.0,-0.0,0.0,0.0,0.0,0.0
2023-07-24,0.0,0.0,0.0,-0.0,0.0,0.0,0.0
2023-07-25,0.0,0.0,-0.0,0.0,0.0,0.0,0.0
2023-07-26,0.004783875911012773,-0.0,0.0,0.0,0.0,0.0,0.0
2023-07-27,0.0031446807369337666,0.0,-0.0,-0.0,0.0,-0.0,0.0
2023-07-28,-0.004416438210790435,-0.0,0.0,0.0,0.0,0.0,0.0
2023-07-31,0.0030578846834482987,0.0,0.0,0.0,0.0,0.0,-0.0
2023-08-01,0.00039312421326619156,-0.0,0.0,-0.0,-0.0,-0.0,-0.0
2023-08-02,-0.0024656176489764024,-0.0,-0.0,-0.0,-0.0,-0.0,-0.0
2023-08-03,0.000553370098020709,0.0,0.0,0.0,0.0,0.0,-0.0
2023-08-04,-0.0008405656781802588,0.0,0.0,0.0,0.0,0.0,0.0
2023-08-07,-0.002261580946745319,0.0,0.0,-0.0,0.0,0.0,0.0
2023-08-08,0.0043220207866373,0.0,-0.0,-0.0,0.0,-0.0,-0.0
2023-08-09,0.0023761927547700673,0.0,0.0,0.0,0.0,0.0,0.0
2023-08-10,-0.000542426531828049,0.0,0.0,0.0,-0.0,0.0,0.0
2023-08-11,0.001245105653309866,0.0,-0.0,0.0,0.0,0.0,-0.0
2023-08-14,-0.001251999440413157,0.0,0.0,-0.0,-0.0,-0.0,0.0
2023-08-15,-0.001,-0.0,-0.0,-0.0,-0.0,-0.0,-0.0
2023-08-16,0.0,-0.0,-0.0,-0.0,-0.0,-0.0,-0.0
2023-08-17,0.0,0.0,-0.0,-0.0,0.0,-0.0,-0.0
2023-08-18,0.0,0.0,0.0,0.0,0.0,0.0,0.0
2023-08-21,-0.0,-0.0,0.0,0.0,-0.0,0.0,0.0
2023-08-22,-0.0,-0.0,0.0,0.0,-0.0,-0.0,0.0
2023-08-23,0.0,0.0,0.0,0.0,-0.0,0.0,0.0
2023-08-24,-0.0,-0.0,-0.0,-0.0,0.0,-0.0,-0.0
2023-08-25,0.0,0.0,0.0,-0.0,0.0,0.0,0.0
2023-08-28,0.0,0.0,0.0,0.0,0.0,0.0,0.0
2023-08-29,0.0,0.0,0.0,0.0,0.0,0.0,0.0
2023-08-30,0.0,0.0,0.0,0.0,0.0,0.0,-0.0
2023-08-31,-0.0,0.0,-0.0,-0.0,0.0,0.0,0.0
2023-09-01,-0.0,0.0,0.0,0.0,0.0,0.0,0.0
2023-09-05,-0.0,0.0,-0.0,-0.0,0.0,-0.0,0.0
2023-09-06,0.0,0.0,0.0,-0.0,0.0,-0.0,0.0
2023-09-07,0.0,0.0,0.0,0.0,-0.0,-0.0,0.0
2023-09-08,0.0,0.0,0.0,-0.0008802630889162788,0.0,0.0,0.0
2023-09-11,0.0,-0.0,0.0,0.001498264574603057,0.0,0.0,0.0
2023-09-12,-0.0,0.0,0.0,0.004238327096382453,0.0,0.0,-0.0
2023-09-13,0.0,-0.0,0.0,0.0013360500556021553,-0.0,0.0,-0.0
2023-09-14,0.0,0.0,-0.0,0.0022592894104355083,0.0,0.0,0.0
2023-09-15,-0.0,-0.0,0.0,-0.0011595090029853205,0.0,0.0,0.0
2023-09-18,0.0,0.0,0.0,-0.004548949499129345,0.0,-0.0,0.0
2023-09-19,-0.0,-0.0,-0.0,-0.0016101794113145803,0.0,-0.0,0.0
2023-09-20,0.0,-0.0,-0.0,0.0014821594161630277,-0.0,-0.0,-0.0
2023-09-21,-0.0,-0.0,-0.0,0.00042574234800224085,0.0,-0.0,-0.0
2023-09-22,0.0,0.0,-0.0,-0.002871908761984969,0.0,0.0,0.0
2023-09-25,-0.0,0.0,0.0,0.0016175346268970084,0.0,0.0,-0.0
2023-09-26,-0.0,0.0,-0.0,0.001004647972416447,0.0,-0.0,-0.0
2023-09-27,-0.0,0.0,0.0,0.003932100401944546,0.0,-0.0,0.0
2023-09-28,-0.0,-0.0,0.0,0.005006178923038584,0.0,0.0,0.0
2023-09-29,0.0,-0.0,-0.0,0.00717336348631682,-0.0,-0.0,0.0
2023-10-02,-0.0,-0.0,0.0,-0.001,-0.0,-0.0,-0.0
2023-10-03,-0.0,0.0,-0.0,0.0,0.0,-0.0,-0.0
2023-10-04,0.0,-0.0,0.0,-0.0,-0.0,0.0,0.0
2023-10-05,-0.0,0.0,0.0,0.0,-0.0,0.0,0.0
2023-10-06,0.0,-0.0,0.0,0.0,0.0,0.0,0.0
2023-10-09,0.0,0.0,-0.0,0.0,0.0,0.0,0.0
2023-10-10,0.0,-0.0,0.0,-0.0048258996278965766,0.0,0.0,0.0
2023-10-11,-0.0,-0.0,-0.0,0.000547897596026498,-0.0,0.0,0.0
2023-10-12,-0.0,0.0,0.0,0.003129116901076893,0.0,-0.0,0.0
2023-10-13,0.0,0.0,0.0,0.012208160003140569,0.0,-0.0,-0.0
2023-10-16,0.0,0.0,0.0,-0.004050009524848333,0.0,0.0,0.0
2023-10-17,0.0,0.0,0.0,-0.0034511279578086575,0.0,0.0,0.0
2023-10-18,0.0,0.0,-0.0,0.01136662698906148,0.0,-0.0,-0.0
2023-10-19,0.0,0.0,-0.0,0.008499153153635466,0.0,-0.0,-0.0
2023-10-20,0.0,-0.0,-0.0,0.0022695605314023565,-0.0,-0.0,-0.0
2023-10-23,0.0,-0.0,-0.0,-0.0003578091803833646,-0.0,0.0,0.0
2023-10-24,0.0,-0.0,0.0,-0.00027094188985341423,-0.0,0.0,0.0
2023-10-25,0.0,0.0,-0.007070132761385356,0.007406349330774323,0.0,-0.0,-0.0
2023-10-26,-0.0,-0.0,-0.001,0.0035291155864854216,-0.0,-0.0,-0.0
2023-10-27,-0.0,-0.0,0.0036869796604312066,0.002288727102723037,0.0,-0.0,0.0
2023-10-30,0.0,0.0,-0.001,-0.001,0.0,0.0,0.0
2023-10-31,0.0,-0.0,0.0,-0.0,0.0,-0.0,0.0
2023-11-01,0.0,-0.0,-0.008973632381841257,0.0,-0.0,0.0,0.0
2023-11-02,0.0,0.0,-0.007706144884770659,0.0,0.0,0.0,0.0
2023-11-03,-0.0,-0.0,-0.001,0.0,-0.0,0.0,0.0
2023-11-06,0.0,-0.0,-0.0006309277803604056,-0.0,0.0,-0.0,-0.0
2023-11-07,0.0,-0.0,-0.0011414627965477394,-0.0,-0.0,-0.0,-0.0
2023-11-08,0.0,-0.0,-0.001,-0.0,-0.0,0.0,0.0
2023-11-09,-0.0,0.0,0.0038692110347431767,0.0,0.0,0.0,0.0
2023-11-10,0.0,0.0,-0.001,-0.0,0.0,0.0,0.0
2023-11-13,0.0,0.0,-0.0,0.0,0.0,0.0,0.0
2023-11-14,0.0,0.0,0.0,0.0,0.0,0.0,0.0
2023-11-15,0.0,0.0,0.0,-0.0,-0.0,0.0,0.0
2023-11-16,0.0,-0.0,-0.002087285096482909,0.0,-0.0,-0.0,0.0
2023-11-17,0.0,0.0,-0.001,-0.0,0.0,0.0,0.0
2023-11-20,0.0,-0.0,0.0010692354754535149,0.0,0.0,0.0,0.0
2023-11-21,0.0,-0.0,-0.0026839290405586474,0.0,0.0,-0.0,-0.0
2023-11-22,0.0,0.0,-0.003014198667898559,0.0,-0.0,0.0,0.0
2023-11-24,0.0,0.0,6.990389414892814e-05,0.0,0.0,0.0,0.0
2023-11-27,-0.0,-0.0,-0.0022883530945633115,0.0,-0.0,-0.0,-0.0
2023-11-28,0.0,0.0,0.0032397786283379537,0.0,0.0,0.0,0.0
2023-11-29,-0.0,-0.0,-0.002899547094885761,0.0,0.0,0.0,0.0
2023-11-30,0.0,0.0,-0.0035536278169261107,0.0,0.0,0.0,0.0
2023-12-01,0.0,0.0,-0.001,0.0,0.0,0.0,0.0
2023-12-04,0.0,0.0,-0.0,-0.0,-0.0,-0.0,-0.0
2023-12-05,0.0,-0.0,0.0,-0.0,-0.0,-0.0,0.0
2023-12-06,-0.0,-0.0,0.0,0.0,-0.0,0.0,0.0
2023-12-07,0.0,-0.0,0.0,0.0,0.0,0.0,0.0
2023-12-08,-0.0,0.0,-0.0,-0.0,0.0,0.0,0.0
2023-12-11,0.0,0.0,0.0,-0.0,0.0,0.0,0.0
2023-12-12,0.0,-0.0,0.0,-0.0,-0.0,0.0,0.0
2023-12-13,0.0,0.0,0.0,0.0,0.0,0.0,0.0
2023-12-14,-0.0,0.0,-0.0015325949987267877,0.0,0.0,0.0,0.0
2023-12-15,-0.0007492574572925106,-0.0,-0.0014557275663786733,-0.0,-0.0,-0.0,-0.0
2023-12-18,-0.0025092273996777797,0.0,-0.0059470207612832724,0.0,0.0,0.0,-0.0
2023-12-19,0.0013808075082466897,0.0,0.002126146673892175,0.0,0.0,0.0,0.0
2023-12-20,-0.003011355065880358,-0.0,0.000836966315609176,-0.0,-0.0,-0.0,-0.0
2023-12-21,-0.0008573754351574919,0.0,0.00046203402415644545,0.0,0.0,0.0,0.0
2023-12-22,0.0005095370119105669,0.0,-0.003009899022471852,0.0,0.0,0.0,0.0
2023-12-26,-0.0016936093893684136,0.0,0.0019493037920910864,0.0,0.0,0.0,0.0
2023-12-27,-0.00044815097735395035,-0.0,-0.0012567342667687991,0.0,-0.0,0.0,0.0
2023-12-28,0.0003376139633386346,-0.0,0.0007879938421808968,-0.0,-0.0,-0.0,0.0
2023-12-29,7.445605627846334e-05,-0.0,-0.0003306366950404977,-0.0,-0.0,-0.0,0.0
2024-01-02,-0.0021377515899737194,0.0,0.0021095514363195724,-0.0,0.0,-0.0,-0.0
2024-01-03,0.0009848918320557018,0.0,0.0016678289242971402,-0.0,0.0,-0.0,-0.0
2024-01-04,0.002816483270423879,-0.0,0.0021810432711878306,0.0,-0.0,0.0,0.0
2024-01-05,0.006912805637751154,0.0,0.000538023486350536,0.0,0.0,0.0,0.0
2024-01-08,0.0030039480178139766,-0.0,0.002127106984435539,-0.0,-0.0,0.0,0.0
2024-01-09,0.005053074831079032,-0.0,0.0008718531464400091,0.0,0.0,-0.0,-0.0
2024-01-10,0.0023588683085462967,-0.0,-0.003903984081264013,-0.0,-0.0,0.0,0.0
2024-01-11,-0.0006802641455735043,0.0,0.0006374119518864982,0.0,0.0,-0.0,0.0
2024-01-12,0.0010821777330243933,0.0,-0.002377543811683426,0.0,0.0,0.0,0.0
2024-01-16,0.0002068434424203757,-0.0,0.002942155760167022,-0.0,-0.0,-0.0,-0.0
2024-01-17,-0.001,-0.0,0.0037699133315998016,-0.0,0.0,-0.0,-0.0
2024-01-18,-0.002228926463806601,-0.0,-0.0006865916431868887,0.0,0.0,0.0,0.0
2024-01-19,0.002215732211186356,0.0,-0.0012501169037632358,0.0,0.0,0.0,0.0
2024-01-22,0.0003258598752506308,0.0,-0.00265162422853213,-0.0,0.0,0.0,0.0
2024-01-23,-0.0009999999999999998,0.0,0.0011626362302798036,0.0,0.0,0.0,-0.0
2024-01-24,-0.0,0.0,0.0008035426276099465,-0.0,0.0,0.0,0.0
2024-01-25,0.0,0.0,0.0038922209199076714,0.0,0.0,0.0,-0.0
2024-01-26,0.0,0.0,-0.010919436420345142,-0.0,0.0,0.0,0.0
2024-01-29,0.0,0.0,0.009019402904148502,0.0,-0.0,0.0,0.0
2024-01-30,0.0,0.0,0.0017518980781706368,0.0,0.0,0.0,-0.0
2024-01-31,-0.0,-0.0,-0.01170754856636342,-0.0,-0.0,-0.0,0.0
2024-02-01,0.0,0.0,-0.00501975073036768,0.0,-0.0,0.0,0.0
2024-02-02,-0.0,0.0,0.0005773861493629361,-0.0,0.0,-0.0,-0.0
2024-02-05,-0.0,0.0,-0.001,-0.0,0.0,-0.0,-0.0
2024-02-06,0.0,0.0,0.0,0.0,0.0,0.0,0.0
2024-02-07,0.0,-0.0,0.0,-0.0,0.0,0.0,0.0
2024-02-08,0.0,0.0,-0.0,-0.0,0.0,-0.0,0.0
2024-02-09,-0.0,-0.0,0.0,-0.0,-0.008518873936938303,0.0,0.0
2024-02-12,0.0,0.0,0.0,0.0,0.0008281275831982398,0.0,0.0
2024-02-13,-0.0,-0.0,0.0,-0.0,-0.008571172496737615,-0.0,-0.0
2024-02-14,-0.0,0.0,0.0,0.0,0.008566836112803105,0.0,0.0
2024-02-15,0.0,0.0,0.0,0.0,0.0006142717428675548,0.0,0.0
2024-02-16,-0.0,0.0,-0.0,0.0,-0.0049026996827477905,-0.0,0.0
2024-02-20,0.0,-0.0,-0.0,0.0,0.004266791532329149,0.0,0.0
2024-02-21,0.0,0.0,0.0,0.0,0.0012177507158775886,-0.0,0.0
2024-02-22,-0.0,-0.0,0.0,0.0,-0.0025582262541127107,0.0,0.0
2024-02-23,0.0,-0.0,0.0,0.0,0.010835251958578701,0.0,-0.0005516001985786992
2024-02-26,-0.0,0.0,0.0,-0.0,-0.005778522187330242,-0.0,-0.0015802256524053945
2024-02-27,-0.0,-0.0,0.0,-0.0,-0.010406276672765426,0.0,-0.002669716609102201
2024-02-28,0.0,0.0,0.0,0.0,0.0010184143263144965,-0.0,-0.0027281715833109505
2024-02-29,-0.0,0.0,-0.0,0.0,0.004064695139457521,0.0,0.0008020938336874214
2024-03-01,-0.0,0.0,0.0,0.0,-0.008236577120758707,0.0,0.006458217126262554
2024-03-04,0.0,-0.0,-0.0,0.0,0.003151106447768536,-0.0,-0.0021257151258626274
2024-03-05,-0.0,0.0,-0.0,0.0,-0.0009999999999999998,-0.0,0.004488245118889002
2024-03-06,0.0,0.0,0.0,0.0,0.0,0.0,0.004497414550560349
2024-03-07,0.0,0.0,-0.0,0.0,0.0,0.0,-0.0073644537849441105
2024-03-08,0.0,0.0,0.0,0.0,0.0,0.0,0.0026943767401132954
2024-03-11,0.0,0.0,0.0,0.0,0.0,0.0,-0.011450506447715038
2024-03-12,0.0,-0.0,0.0,-0.0,-0.0,0.0,-0.0035661034520884914
2024-03-13,0.0,0.0,0.0,0.0,0.0,0.0,-0.004223160806891783
2024-03-14,-0.0,0.0,0.0,-0.0,0.0,-0.0,0.0018789208464836376
2024-03-15,-0.0,-0.0,-0.0,0.0,0.0,-0.0,0.0033551680280746454
2024-03-18,0.0,0.0,0.0,0.0,0.0,0.0,0.010633868142551317
2024-03-19,0.0,0.0,0.0,-0.0,0.0,0.0,0.0006031434564940372
2024-03-20,0.0,-0.0,0.0,0.0,-0.0,0.0,-0.0022486396594425923
2024-03-21,0.0,0.0,0.0,-0.0,0.0,0.0,0.004724801153704328
2024-03-22,0.0,0.0,-0.0,-0.0,-0.0,-0.0,0.0002296717887601328
2024-03-25,0.0,0.0,-0.0,0.0,0.0,0.0,-0.008198174959553457
2024-03-26,0.0,-0.0,0.0,0.0,-0.0,-0.0,-5.8909364893672774e-05
2024-03-27,0.0,0.0,0.0,0.0,0.0,0.0,-0.00243141824182778
2024-03-28,0.0,0.0,0.0,0.0,0.0,0.0,4.4101988826204474e-05
2024-04-01,-0.0,0.0,-0.001795188241506961,0.0,0.0,-0.0,-0.007210084377943402
2024-04-02,-0.0,0.0,0.0004507864999343616,0.0,0.0,-0.0,-0.001
2024-04-03,-0.0,0.0,0.001631165019922809,0.0,0.0,0.0,0.0
2024-04-04,-0.0,0.0,0.0003811750199356305,-0.0,0.0,-0.0,-0.0
2024-04-05,0.0,0.0,-0.001,0.0,0.0,0.0,0.0
2024-04-08,0.0,-0.0,-0.0007052338662457171,0.0,-0.0,0.0,0.0
2024-04-09,0.0,0.0,-0.001,0.0,0.0,0.0,0.0
2024-04-10,-0.0,0.0,-0.0,-0.0,0.0,-0.0,-0.0
2024-04-11,0.0,-0.0,0.0,0.0,-0.0,0.0,0.0
2024-04-12,-0.0,-0.0,0.0,-0.0,-0.0,-0.0,-0.0
2024-04-15,-0.0,-0.0,-0.0,0.0,0.0,-0.0,0.0
2024-04-16,0.0,-0.0,0.0,0.0,-0.0,-0.0,-0.0
2024-04-17,0.0,0.0,0.0,0.0,-0.0,0.0,0.0
2024-04-18,0.0,0.0,-0.0,0.0,-0.0,0.0,-0.0
2024-04-19,0.0,0.0,0.0,0.0,0.0,0.0,-0.0
2024-04-22,0.0,0.0,0.0,-0.0,0.0,0.0,0.0
2024-04-23,0.0,0.0,0.0,0.0,0.0,0.0,0.0
2024-04-24,0.0,0.0,0.0,0.0,0.0,-0.0,0.0
2024-04-25,0.0,0.0,0.0,0.0,0.0,0.0,-0.0
2024-04-26,0.0,0.0,0.0,0.0,-0.0,0.0,0.0
2024-04-29,0.0,0.0,-0.0,0.0,0.0,0.0,0.0
2024-04-30,-0.0,-0.0,-0.0,-0.0,-0.0,-0.0,-0.0
2024-05-01,0.0,-0.0,-0.0,0.0,-0.0,0.0,-0.0
2024-05-02,0.0,0.0,0.0,0.0,0.0,0.0,0.0
2024-05-03,0.0,-0.0,0.0,-0.0,0.0,0.0,0.0
2024-05-06,0.0,0.0,0.0,0.0,0.0,0.0,0.0
2024-05-07,0.0,0.0,0.0,-0.0,-0.0,0.0,0.0
2024-05-08,0.0,-0.0,0.0,-0.0,0.0,-0.0,0.0
2024-05-09,0.0,0.0,0.0,0.0,0.0,0.0,0.0
2024-05-10,0.0,0.0,0.0,0.0,-0.0,-0.0,0.0
2024-05-13,0.0,-0.0,0.0,-0.0,0.0,0.0,0.0013801261098881426
2024-05-14,-0.0,0.0,-0.0,0.0,0.0,0.0,-0.002827919796780106
2024-05-15,0.0,0.0,0.0,0.0,0.0,0.0,-0.002790598748703032
2024-05-16,0.0,-0.0,0.0,-0.0,0.0,0.0,0.0020490224143935414
2024-05-17,-0.0,0.0,0.0,0.0,0.0,0.0,-0.0035048303933651976
2024-05-20,-0.0,-0.0,-0.0,0.0,-0.0,0.0,-0.004996449412396034
2024-05-21,0.0,-0.0,-0.0,-0.0,-0.0,0.0,0.003186205356954074
2024-05-22,0.0,-0.0,-0.0,-0.0,-0.0,-0.0,0.004401709257825714
2024-05-23,-0.0,-0.0,-0.0,-0.0,-0.0,-0.0,0.0010593421876463525
2024-05-24,0.0009713437909604932,0.0,0.0,0.0,0.0,0.0,-0.0029404254704055504
2024-05-28,-0.001,0.0,-0.0,0.0,0.0,-0.0,-0.004090229259734054
2024-05-29,-0.0,-0.0,-0.0,-0.0,-0.0,-0.0,0.0070049841083709334
2024-05-30,0.0,0.0,0.0,0.0,0.0,0.0,-0.0051075963300140645
2024-05-31,0.0,0.0,0.0,-0.0,0.0,0.0,-0.005276778595243656
2024-06-03,0.0,-0.0,-0.0,0.0,-0.00803953433991346,0.0,-0.002379215629696124
2024-06-04,0.0,-0.0,0.0,-0.0,-0.00041666740401765474,0.001460339979460606,-0.003256906918853385
2024-06-05,-0.0,0.0,0.0,0.0,-0.001,0.0013631408108872342,0.0052335178360994675
2024-06-06,0.0,0.0,0.0,0.0,0.0,0.00010530326419491047,0.0010211993324563936
2024-06-07,-0.0,0.0,0.0,-0.0,-0.0,0.0023199781551424712,0.00023028602405702686
2024-06-10,-0.0,0.0,-0.0,0.0,0.0,-0.0006280019508668848,-0.0073701363932638176
2024-06-11,-0.0,-0.0,-0.0,0.0,0.0,0.00035468884262097357,0.00363300649475889
2024-06-12,-0.0,-0.0,-0.0,0.0,0.0,0.002430124239049694,0.004043021149663893
2024-06-13,0.0,-0.0,0.0,-0.0,-0.0,-0.001,0.002829432610679283
2024-06-14,0.0,-0.0,-0.0,0.0,0.0,-0.0,-0.00701111717021614
2024-06-17,0.0,0.0,0.0,-0.0,0.0,0.0,0.008300888377940512
2024-06-18,0.0,0.0,0.0,0.0,0.0,0.0,-0.0005011318387732199
2024-06-20,0.0,0.0,0.0,0.0,0.0,0.0,0.0024117971757434383
2024-06-21,0.0,-0.0,0.0,-0.0,-0.0,-0.0,0.0024065379550479364
2024-06-24,0.0,0.0,0.0,0.0,0.0,0.0,-0.00118863263735148
2024-06-25,-0.0,0.0,-0.0,-0.0,0.0,0.0,-0.010513889059263874
2024-06-26,0.0,0.0,0.0,-0.0,-0.0,-0.0,0.0014790594066660854
2024-06-27,-0.0,0.0,-0.0,0.0,0.0,0.0,-0.0010581963043951852
2024-06-28,-0.0,0.0,-0.0,0.0,0.0,-0.0,-0.00471556324234167
2024-07-01,-0.0,0.0,0.0,0.0,0.0,-0.0,0.005829061153431433
2024-07-02,0.0,0.0,0.0,0.0,-0.0,0.0,-0.012887622377509936
2024-07-03,0.0,0.0,0.0,0.0,0.0,0.0,-0.0003084021748887296
2024-07-05,0.0,-0.0,0.0,0.0,0.0,0.0,-0.0004140183409445222
2024-07-08,-0.0,0.0,-0.0,-0.0,-0.0,0.0,0.0013022145099791669
2024-07-09,-0.0,-0.0,-0.0,0.0,-0.0,0.0,-0.007714400316105904
2024-07-10,0.0,0.0,-0.0,0.0,-0.004690199726960511,0.0,-0.006863966792713888
2024-07-11,0.0,0.0,0.0,0.0,-0.00035052264459255086,0.0,-0.001
2024-07-12,0.0,0.0,0.0,0.0,0.006499558519968153,0.0,0.0
2024-07-15,-0.0,0.0,0.0,0.0,0.006112890733266101,-0.0,-0.0
2024-07-16,0.0,0.0,0.0,0.0,0.010271689932678161,0.0,0.0
2024-07-17,0.0,0.0,0.0,-0.0,-0.009826794794407219,-0.0,-0.0
2024-07-18,0.0,0.0,-0.0,-0.0,0.006527698621836564,-0.0,-0.0
2024-07-19,0.0,-0.0,-0.0,-0.0,0.012149013089906357,-0.0,-0.0
2024-07-22,-0.0,-0.0,0.0,0.0,0.0011165313861500826,0.0,0.0
2024-07-23,0.0,-0.0,-0.0,0.0,0.0032296619883954475,-0.0,0.0
2024-07-24,0.0,0.0,-0.0,-0.0,-0.001639914862122365,-0.0,-0.0
2024-07-25,0.0,0.0,-0.0,-0.0,0.00011554534981827119,-0.0,-0.0
2024-07-26,0.0,0.0,0.0,0.0,0.012629072269372016,0.0,0.0
2024-07-29,0.0,-0.0,0.0,0.0,0.005153530722786146,-0.0,0.0
2024-07-30,0.0,0.0,0.0,0.0,0.011631087063531035,0.0,0.0
2024-07-31,-0.0,0.0,0.0,0.0,-0.027941260391575823,0.0,0.0
2024-08-01,0.0,-0.0,0.0,-0.0,0.003526788991141495,-0.0,-0.0
2024-08-02,0.0,-0.0,0.0,-0.0,0.016651339682434818,-0.0,-0.0
2024-08-05,-0.0,-0.0,-0.0,-0.0,-0.005861225502272804,-0.0,-0.002755640350714005
2024-08-06,-0.0,-0.0,0.0,0.0,0.009023419691393041,0.0,-0.0016437081569421399
2024-08-07,0.0,0.0,0.0,-0.0,-0.019259723870877127,-0.0,0.007767572647689783
2024-08-08,0.0,0.0,0.0,0.0,0.0012017064731732316,0.0,0.004810395898963354
2024-08-09,0.0,0.0,0.0,0.0,-0.006872360643244485,0.0,-0.003307791475789001
2024-08-12,-0.0,0.0,0.0,0.0,-0.001,0.0,0.003907967199313933
2024-08-13,0.0,-0.0,0.0,0.0,-0.0,0.0,0.009454642293969123
2024-08-14,0.0,0.0,0.0,-0.0,0.0,0.0,-0.0014129799718613266
2024-08-15,0.0,0.0,0.0,0.0,0.0,0.0,0.0048351638004855355
2024-08-16,0.0,0.0,0.0,0.0,-0.0,0.0,-0.0020667883802096883
2024-08-19,0.0,0.0,-0.0,0.0,0.0,0.0,0.0026845560106994633
2024-08-20,0.0,-0.0,0.0,0.0,-0.0,-0.0,-0.001970386547997888
2024-08-21,0.0,0.0,0.0,0.0,0.0,0.0,0.0016722256270924564
2024-08-22,0.0,0.0,0.0,-0.0,0.0,-0.0,-0.001393555353254851
2024-08-23,0.0,0.0,-0.0,0.0,0.0,0.0,0.004621113612725029
2024-08-26,0.0,0.0,0.0,0.0,0.0,0.0,-0.005657799849936504
2024-08-27,0.0,-0.0,0.0,0.0,-0.0,-0.0,-0.001
2024-08-28,0.0,-0.0,-0.0,-0.0,-0.0,-0.0,-0.0
2024-08-29,0.0,0.0,0.0,0.0,0.0,0.0,0.0
2024-08-30,0.0,0.0,0.0,-0.0,0.0,0.0,-0.0010172816479942282
2024-09-03,0.0,-0.0,0.0,-0.0,-0.0,-0.0,-0.001
2024-09-04,0.0,-0.0,0.0,0.0,-0.0,0.0,-0.0
2024-09-05,0.0,-0.0,-0.0,0.0,0.0,0.0,0.0
2024-09-06,-0.0,-0.0,0.0,-0.0,-0.0,-0.0,-0.0
2024-09-09,0.0,0.0,0.0,0.0,0.0,0.0,0.0
2024-09-10,-0.0,-0.0,0.0,0.0,-0.0,-0.0,0.0030284374899367562
2024-09-11,-0.0,-0.0,0.0,0.0,0.009929963065399765,0.0,-0.001
2024-09-12,0.0,0.0,0.0,0.0,0.007271215797843188,0.0,0.0
2024-09-13,0.0,0.0,0.0,0.0,-0.001,0.0,0.0
2024-09-16,0.0,0.0,0.0,-0.0,0.0,0.0,0.0
2024-09-17,-0.0,0.0,0.0,-0.0,0.0,-0.0,-0.0
2024-09-18,-0.0,0.0,-0.0,-0.0,0.0,-0.0,0.0
2024-09-19,-0.0,0.0,-0.0,0.0,0.0,0.0,0.0
2024-09-20,0.0,0.0,-0.0,0.0,0.0,-0.0,0.0
2024-09-23,0.0,0.0,0.0,0.0,0.0,0.0,0.0
2024-09-24,-0.0,-0.0,-0.0,0.0,0.0,0.0,0.0
2024-09-25,0.0,-0.0,0.0,-0.0,-0.0,-0.0,-0.0
2024-09-26,0.0,-0.0,0.0,0.0,-0.0,0.0,0.0
2024-09-27,0.0,0.0,0.0,-0.0,0.0,0.0,0.0
2024-09-30,0.0,0.0,0.0,-0.0,0.0,0.0,0.0
2024-10-01,0.0,0.0,0.0,0.0,0.0,0.0,0.0
2024-10-02,-0.0,0.0,-0.0,0.0,0.0,-0.0,-0.0
2024-10-03,-0.0,0.0,-0.0,-0.0,0.0,-0.0,-0.0
2024-10-04,-0.0,0.0,0.0,-0.0,0.0,0.0,0.0
2024-10-07,-0.0,0.0,-0.0,-0.0,0.0,-0.0,-0.0
2024-10-08,0.0,-0.0,0.0,-0.0,-0.0,-0.0,0.0
2024-10-09,0.0,0.0,0.0,-0.0,0.0,0.0,0.0
2024-10-10,0.0,0.0,0.0,0.0,0.0,0.0,0.0
2024-10-11,0.0,0.0,0.0,0.0,0.0,0.0,0.0
2024-10-14,0.0,0.0,0.0,0.0,-0.0,0.0,0.0
2024-10-15,0.0,-0.0,0.0,0.0,-0.0,-0.0,-0.0
2024-10-16,0.0,0.0,0.0,0.0,0.0,0.0,0.0
2024-10-17,0.0,0.0,0.0,0.0,0.0,0.0,0.0
2024-10-18,0.0,-0.0,0.0,0.0,-0.0,0.0,0.0
2024-10-21,-0.0,0.0,-0.0,0.0,0.0,-0.0,-0.0
2024-10-22,0.0,0.0,-0.0,0.0,0.0,0.0,-0.0
2024-10-23,-0.0,-0.0,0.0,-0.0,-0.0,-0.0,-0.0
2024-10-24,-0.0,-0.0039329187294942615,-0.0,0.0,-0.0,0.0,0.0
2024-10-25,-0.0,-0.0015832769666301956,-0.0,0.0,0.0,-0.0,0.0
2024-10-28,-0.0,-0.0018071835965275218,0.0,0.0,-0.0,0.0,0.0
2024-10-29,-0.0,-0.000986287546234583,-0.0,0.0,-0.0,-0.0,0.0
2024-10-30,0.0,-0.0012134250737570777,0.0,0.0,0.0,-0.0,0.0
2024-10-31,-0.0,-0.0020427219868282137,-0.0,-0.0,0.0,-0.0,-0.0
2024-11-01,-0.0,-0.021720975990695113,0.0,-0.0,-0.0,0.0,0.0
2024-11-04,0.0,0.014167131849869136,0.0,0.0,0.0,0.0,0.0
2024-11-05,0.0,0.003253524720959878,0.0,0.0,0.0,0.0,0.0
2024-11-06,-0.0,-0.004045651530255567,0.0,-0.0,0.0,0.0,0.0
2024-11-07,-0.0,0.0034600385772592143,-0.0,0.0,0.0,0.0,0.0
2024-11-08,0.0,-0.0006719524322155775,0.0,-0.0,0.0,-0.0,-0.0
2024-11-11,-0.0,-0.0015472203797054277,0.0,-0.0,0.0,0.0,0.0
2024-11-12,0.0,0.0030704175016128717,-0.0,-0.0,-0.0,0.0,-0.0
2024-11-13,0.0,-0.005406086221862917,-0.0,-0.0,0.0,0.0,-0.0
2024-11-14,0.0,-0.008747906929264816,-0.0,0.0,0.0,0.0,0.0
2024-11-15,-0.0,-0.004434846885019554,0.0,-0.0,-0.0,0.0,0.0
2024-11-18,0.0,0.0015988509422814323,0.0,0.0,0.0,0.0,0.0
2024-11-19,0.0,-0.0040695739882742705,-0.0,0.0,0.0,0.0,-0.0
2024-11-20,0.0,0.002486361608716395,-0.0,0.0,0.0,-0.0,-0.0
2024-11-21,0.0,-0.001,0.0,0.0,0.0,0.0,0.0
2024-11-22,0.0,0.0,0.0,0.0,0.0,0.0,0.0
2024-11-25,0.0,-0.0,0.0,-0.0,-0.0,0.0,0.0
2024-11-26,0.0,0.0,0.0,0.0,-0.0,-0.0,-0.0
2024-11-27,0.0,-0.0,0.0,0.0,0.0,0.0,0.0
2024-11-29,0.0,0.0,0.0,0.0,0.0,0.0,0.0
2024-12-02,-0.0,0.0,0.0,-0.0,-0.0,-0.0,0.0
2024-12-03,-0.0,-0.0,-0.0,0.0,0.0,-0.0,0.0
2024-12-04,-0.0,-0.0,-0.0,0.0,-0.0,-0.0,0.0
2024-12-05,0.0,0.0,0.0,-0.0,0.0,0.0,0.0
2024-12-06,-0.0,-0.0,0.0,0.0,-0.0,-0.0,0.0
2024-12-09,0.0,0.0,-0.0,0.0,0.0,0.0,-0.0
2024-12-10,0.0,-0.0,0.0,0.0,0.0,-0.0,-0.0
2024-12-11,-0.0,-0.0,0.0,0.0,0.0,0.0,0.0
2024-12-12,0.0,-0.0,0.0,-0.0,-0.0,-0.0,-0.0
2024-12-13,-0.0,-0.0,0.0,-0.0,0.0,-0.0,0.0
2024-12-16,-0.0,-0.0,0.0,0.0,-0.0,0.0,-0.0
2024-12-17,0.0,-0.0,0.0,-0.0,-0.0,0.0,-0.0
2024-12-18,-0.0,-0.0,-0.0,-0.0,-0.0,-0.0,-0.0
2024-12-19,-0.0,-0.0,0.0,0.0,-0.0,-0.0,0.0
2024-12-20,0.0,0.0,0.0,0.0,0.0,0.0,0.0
2024-12-23,-0.0,0.0,0.0,0.0,0.0,0.0,0.0
2024-12-24,0.0,0.0,0.0,0.0,0.0,0.0,0.0
2024-12-26,-0.0,0.0,0.0,0.0,-0.0,0.0,0.0
2024-12-27,0.0,0.0,-0.0,-0.0,0.0,-0.0,0.0
2024-12-30,-0.0,-0.0,-0.0,-0.0,0.0,-0.0,-0.0
2024-12-31,0.0,0.0,0.0,0.0,0.0,0.0,-0.0
