Date,w_KO/PEP,w_XOM/CVX,w_V/MA,w_GLD/GDX,w_USO/XLE,w_EWA/EWC,w_EWJ/EWG,port_return,equity,drawdown
2010-01-04,0.0,0.0,0.0,0.0,0.0,0.0,0.0,0.0,1.0,0.0
2010-01-05,0.0,0.0,0.0,0.0,0.0,0.0,0.0,0.0,1.0,0.0
2010-01-06,0.0,0.0,0.0,0.0,0.0,0.0,0.0,0.0,1.0,0.0
2010-01-07,0.0,0.0,0.0,0.0,0.0,0.0,0.0,0.0,1.0,0.0
2010-01-08,0.0,0.0,0.0,0.0,0.0,0.0,0.0,0.0,1.0,0.0
2010-01-11,0.0,0.0,0.0,0.0,0.0,0.0,0.0,0.0,1.0,0.0
2010-01-12,0.0,0.0,0.0,0.0,0.0,0.0,0.0,0.0,1.0,0.0
2010-01-13,0.0,0.0,0.0,0.0,0.0,0.0,0.0,0.0,1.0,0.0
2010-01-14,0.0,0.0,0.0,0.0,0.0,0.0,0.0,0.0,1.0,0.0
2010-01-15,0.0,0.0,0.0,0.0,0.0,0.0,0.0,0.0,1.0,0.0
2010-01-19,0.0,0.0,0.0,0.0,0.0,0.0,0.0,0.0,1.0,0.0
2010-01-20,0.0,0.0,0.0,0.0,0.0,0.0,0.0,0.0,1.0,0.0
2010-01-21,0.0,0.0,0.0,0.0,0.0,0.0,0.0,0.0,1.0,0.0
2010-01-22,0.0,0.0,0.0,0.0,0.0,0.0,0.0,0.0,1.0,0.0
2010-01-25,0.0,0.0,0.0,0.0,0.0,0.0,0.0,0.0,1.0,0.0
2010-01-26,0.0,0.0,0.0,0.0,0.0,0.0,0.0,0.0,1.0,0.0
2010-01-27,0.0,0.0,0.0,0.0,0.0,0.0,0.0,0.0,1.0,0.0
2010-01-28,0.0,0.0,0.0,0.0,0.0,0.0,0.0,0.0,1.0,0.0
2010-01-29,0.0,0.0,0.0,0.0,0.0,0.0,0.0,0.0,1.0,0.0
2010-02-01,0.0,0.0,0.0,0.0,0.0,0.0,0.0,0.0,1.0,0.0
2010-02-02,0.0,0.0,0.0,0.0,0.0,0.0,0.0,0.0,1.0,0.0
2010-02-03,0.0,0.0,0.0,0.0,0.0,0.0,0.0,0.0,1.0,0.0
2010-02-04,0.0,0.0,0.0,0.0,0.0,0.0,0.0,0.0,1.0,0.0
2010-02-05,0.0,0.0,0.0,0.0,0.0,0.0,0.0,0.0,1.0,0.0
2010-02-08,0.0,0.0,0.0,0.0,0.0,0.0,0.0,0.0,1.0,0.0
2010-02-09,0.0,0.0,0.0,0.0,0.0,0.0,0.0,0.0,1.0,0.0
2010-02-10,0.0,0.0,0.0,0.0,0.0,0.0,0.0,0.0,1.0,0.0
2010-02-11,0.0,0.0,0.0,0.0,0.0,0.0,0.0,0.0,1.0,0.0
2010-02-12,0.0,0.0,0.0,0.0,0.0,0.0,0.0,0.0,1.0,0.0
2010-02-16,0.0,0.0,0.0,0.0,0.0,0.0,0.0,0.0,1.0,0.0
2010-02-17,0.0,0.0,0.0,0.0,0.0,0.0,0.0,0.0,1.0,0.0
2010-02-18,0.0,0.0,0.0,0.0,0.0,0.0,0.0,0.0,1.0,0.0
2010-02-19,0.0,0.0,0.0,0.0,0.0,0.0,0.0,0.0,1.0,0.0
2010-02-22,0.0,0.0,0.0,0.0,0.0,0.0,0.0,0.0,1.0,0.0
2010-02-23,0.0,0.0,0.0,0.0,0.0,0.0,0.0,0.0,1.0,0.0
2010-02-24,0.0,0.0,0.0,0.0,0.0,0.0,0.0,0.0,1.0,0.0
2010-02-25,0.0,0.0,0.0,0.0,0.0,0.0,0.0,0.0,1.0,0.0
2010-02-26,0.0,0.0,0.0,0.0,0.0,0.0,0.0,0.0,1.0,0.0
2010-03-01,0.0,0.0,0.0,0.0,0.0,0.0,0.0,0.0,1.0,0.0
2010-03-02,0.0,0.0,0.0,0.0,0.0,0.0,0.0,0.0,1.0,0.0
2010-03-03,0.0,0.0,0.0,0.0,0.0,0.0,0.0,0.0,1.0,0.0
2010-03-04,0.0,0.0,0.0,0.0,0.0,0.0,0.0,0.0,1.0,0.0
2010-03-05,0.0,0.0,0.0,0.0,0.0,0.0,0.0,0.0,1.0,0.0
2010-03-08,0.0,0.0,0.0,0.0,0.0,0.0,0.0,0.0,1.0,0.0
2010-03-09,0.0,0.0,0.0,0.0,0.0,0.0,0.0,0.0,1.0,0.0
2010-03-10,0.0,0.0,0.0,0.0,0.0,0.0,0.0,0.0,1.0,0.0
2010-03-11,0.0,0.0,0.0,0.0,0.0,0.0,0.0,0.0,1.0,0.0
2010-03-12,0.0,0.0,0.0,0.0,0.0,0.0,0.0,0.0,1.0,0.0
2010-03-15,0.0,0.0,0.0,0.0,0.0,0.0,0.0,0.0,1.0,0.0
2010-03-16,0.0,0.0,0.0,0.0,0.0,0.0,0.0,0.0,1.0,0.0
2010-03-17,0.0,0.0,0.0,0.0,0.0,0.0,0.0,0.0,1.0,0.0
2010-03-18,0.0,0.0,0.0,0.0,0.0,0.0,0.0,0.0,1.0,0.0
2010-03-19,0.0,0.0,0.0,0.0,0.0,0.0,0.0,0.0,1.0,0.0
2010-03-22,0.0,0.0,0.0,0.0,0.0,0.0,0.0,0.0,1.0,0.0
2010-03-23,0.0,0.0,0.0,0.0,0.0,0.0,0.0,0.0,1.0,0.0
2010-03-24,0.0,0.0,0.0,0.0,0.0,0.0,0.0,0.0,1.0,0.0
2010-03-25,0.0,0.0,0.0,0.0,0.0,0.0,0.0,0.0,1.0,0.0
2010-03-26,0.0,0.0,0.0,0.0,0.0,0.0,0.0,0.0,1.0,0.0
2010-03-29,0.0,0.0,0.0,0.0,0.0,0.0,0.0,0.0,1.0,0.0
2010-03-30,0.0,0.0,0.0,0.0,0.0,0.0,0.0,0.0,1.0,0.0
2010-03-31,0.0,0.0,0.0,0.0,0.0,0.0,0.0,0.0,1.0,0.0
2010-04-01,0.0,0.0,0.0,0.0,0.0,0.0,0.0,0.0,1.0,0.0
2010-04-05,0.0,0.0,0.0,0.0,0.0,0.0,0.0,0.0,1.0,0.0
2010-04-06,0.0,0.0,0.0,0.0,0.0,0.0,0.0,0.0,1.0,0.0
2010-04-07,0.0,0.0,0.0,0.0,0.0,0.0,0.0,0.0,1.0,0.0
2010-04-08,0.0,0.0,0.0,0.0,0.0,0.0,0.0,0.0,1.0,0.0
2010-04-09,0.0,0.0,0.0,0.0,0.0,0.0,0.0,0.0,1.0,0.0
2010-04-12,0.0,0.0,0.0,0.0,0.0,0.0,0.0,0.0,1.0,0.0
2010-04-13,0.0,0.0,0.0,0.0,0.0,0.0,0.0,0.0,1.0,0.0
2010-04-14,0.0,0.0,0.0,0.0,0.0,0.0,0.0,0.0,1.0,0.0
2010-04-15,0.0,0.0,0.0,0.0,0.0,0.0,0.0,0.0,1.0,0.0
2010-04-16,0.0,0.0,0.0,0.0,0.0,0.0,0.0,0.0,1.0,0.0
2010-04-19,0.0,0.0,0.0,0.0,0.0,0.0,0.0,0.0,1.0,0.0
2010-04-20,0.0,0.0,0.0,0.0,0.0,0.0,0.0,0.0,1.0,0.0
2010-04-21,0.0,0.0,0.0,0.0,0.0,0.0,0.0,0.0,1.0,0.0
2010-04-22,0.0,0.0,0.0,0.0,0.0,0.0,0.0,0.0,1.0,0.0
2010-04-23,0.0,0.0,0.0,0.0,0.0,0.0,0.0,0.0,1.0,0.0
2010-04-26,0.0,0.0,0.0,0.0,0.0,0.0,0.0,0.0,1.0,0.0
2010-04-27,0.0,0.0,0.0,0.0,0.0,0.0,0.0,0.0,1.0,0.0
2010-04-28,0.0,0.0,0.0,0.0,0.0,0.0,0.0,0.0,1.0,0.0
2010-04-29,0.0,0.0,0.0,0.0,0.0,0.0,0.0,0.0,1.0,0.0
2010-04-30,0.0,0.0,0.0,0.0,0.0,0.0,0.0,0.0,1.0,0.0
2010-05-03,0.0,0.0,0.0,0.0,0.0,0.0,0.0,0.0,1.0,0.0
2010-05-04,0.0,0.0,0.0,0.0,0.0,0.0,0.0,0.0,1.0,0.0
2010-05-05,0.0,0.0,0.0,0.0,0.0,0.0,0.0,0.0,1.0,0.0
2010-05-06,0.0,0.0,0.0,0.0,0.0,0.0,0.0,0.0,1.0,0.0
2010-05-07,0.0,0.0,0.0,0.0,0.0,0.0,0.0,0.0,1.0,0.0
2010-05-10,0.0,0.0,0.0,0.0,0.0,0.0,0.0,0.0,1.0,0.0
2010-05-11,0.0,0.0,0.0,0.0,0.0,0.0,0.0,0.0,1.0,0.0
2010-05-12,0.0,0.0,0.0,0.0,0.0,0.0,0.0,0.0,1.0,0.0
2010-05-13,0.0,0.0,0.0,0.0,0.0,0.0,0.0,0.0,1.0,0.0
2010-05-14,0.0,0.0,0.0,0.0,0.0,0.0,0.0,0.0,1.0,0.0
2010-05-17,0.0,0.0,0.0,0.0,0.0,0.0,0.0,0.0,1.0,0.0
2010-05-18,0.0,0.0,0.0,0.0,0.0,0.0,0.0,0.0,1.0,0.0
2010-05-19,0.0,0.0,0.0,0.0,0.0,0.0,0.0,0.0,1.0,0.0
2010-05-20,0.0,0.0,0.0,0.0,0.0,0.0,0.0,0.0,1.0,0.0
2010-05-21,0.0,0.0,0.0,0.0,0.0,0.0,0.0,0.0,1.0,0.0
2010-05-24,0.0,0.0,0.0,0.0,0.0,0.0,0.0,0.0,1.0,0.0
2010-05-25,0.0,0.0,0.0,0.0,0.0,0.0,0.0,0.0,1.0,0.0
2010-05-26,0.0,0.0,0.0,0.0,0.0,0.0,0.0,0.0,1.0,0.0
2010-05-27,0.0,0.0,0.0,0.0,0.0,0.0,0.0,0.0,1.0,0.0
2010-05-28,0.0,0.0,0.0,0.0,0.0,0.0,0.0,0.0,1.0,0.0
2010-06-01,0.0,0.0,0.0,0.0,0.0,0.0,0.0,0.0,1.0,0.0
2010-06-02,0.0,0.0,0.0,0.0,0.0,0.0,0.0,0.0,1.0,0.0
2010-06-03,0.0,0.0,0.0,0.0,0.0,0.0,0.0,0.0,1.0,0.0
2010-06-04,0.0,0.0,0.0,0.0,0.0,0.0,0.0,0.0,1.0,0.0
2010-06-07,0.0,0.0,0.0,0.0,0.0,0.0,0.0,0.0,1.0,0.0
2010-06-08,0.0,0.0,0.0,0.0,0.0,0.0,0.0,0.0,1.0,0.0
2010-06-09,0.0,0.0,0.0,0.0,0.0,0.0,0.0,0.0,1.0,0.0
2010-06-10,0.0,0.0,0.0,0.0,0.0,0.0,0.0,0.0,1.0,0.0
2010-06-11,0.0,0.0,0.0,0.0,0.0,0.0,0.0,0.0,1.0,0.0
2010-06-14,0.0,0.0,0.0,0.0,0.0,0.0,0.0,0.0,1.0,0.0
2010-06-15,0.0,0.0,0.0,0.0,0.0,0.0,0.0,0.0,1.0,0.0
2010-06-16,0.0,0.0,0.0,0.0,0.0,0.0,0.0,0.0,1.0,0.0
2010-06-17,0.0,0.0,0.0,0.0,0.0,0.0,0.0,0.0,1.0,0.0
2010-06-18,0.0,0.0,0.0,0.0,0.0,0.0,0.0,0.0,1.0,0.0
2010-06-21,0.0,0.0,0.0,0.0,0.0,0.0,0.0,0.0,1.0,0.0
2010-06-22,0.0,0.0,0.0,0.0,0.0,0.0,0.0,0.0,1.0,0.0
2010-06-23,0.0,0.0,0.0,0.0,0.0,0.0,0.0,0.0,1.0,0.0
2010-06-24,0.0,0.0,0.0,0.0,0.0,0.0,0.0,0.0,1.0,0.0
2010-06-25,0.0,0.0,0.0,0.0,0.0,0.0,0.0,0.0,1.0,0.0
2010-06-28,0.0,0.0,0.0,0.0,0.0,0.0,0.0,0.0,1.0,0.0
2010-06-29,0.0,0.0,0.0,0.0,0.0,0.0,0.0,0.0,1.0,0.0
2010-06-30,0.0,0.0,0.0,0.0,0.0,0.0,0.0,0.0,1.0,0.0
2010-07-01,0.0,0.0,0.0,0.0,0.0,0.0,0.0,0.0,1.0,0.0
2010-07-02,0.0,0.0,0.0,0.0,0.0,0.0,0.0,0.0,1.0,0.0
2010-07-06,0.0,0.0,0.0,0.0,0.0,0.0,0.0,0.0,1.0,0.0
2010-07-07,0.0,0.0,0.0,0.0,0.0,0.0,0.0,0.0,1.0,0.0
2010-07-08,0.0,0.0,0.0,0.0,0.0,0.0,0.0,0.0,1.0,0.0
2010-07-09,0.0,0.0,0.0,0.0,0.0,0.0,0.0,0.0,1.0,0.0
2010-07-12,0.0,0.0,0.0,0.0,0.0,0.0,0.0,0.0,1.0,0.0
2010-07-13,0.0,0.0,0.0,0.0,0.0,0.0,0.0,0.0,1.0,0.0
2010-07-14,0.0,0.0,0.0,0.0,0.0,0.0,0.0,0.0,1.0,0.0
2010-07-15,0.0,0.0,0.0,0.0,0.0,0.0,0.0,0.0,1.0,0.0
2010-07-16,0.0,0.0,0.0,0.0,0.0,0.0,0.0,0.0,1.0,0.0
2010-07-19,0.0,0.0,0.0,0.0,0.0,0.0,0.0,0.0,1.0,0.0
2010-07-20,0.0,0.0,0.0,0.0,0.0,0.0,0.0,0.0,1.0,0.0
2010-07-21,0.0,0.0,0.0,0.0,0.0,0.0,0.0,0.0,1.0,0.0
2010-07-22,0.0,0.0,0.0,0.0,0.0,0.0,0.0,0.0,1.0,0.0
2010-07-23,0.0,0.0,0.0,0.0,0.0,0.0,0.0,0.0,1.0,0.0
2010-07-26,0.0,0.0,0.0,0.0,0.0,0.0,0.0,0.0,1.0,0.0
2010-07-27,0.0,0.0,0.0,0.0,0.0,0.0,0.0,0.0,1.0,0.0
2010-07-28,0.0,0.0,0.0,0.0,0.0,0.0,0.0,0.0,1.0,0.0
2010-07-29,0.0,0.0,0.0,0.0,0.0,0.0,0.0,0.0,1.0,0.0
2010-07-30,0.0,0.0,0.0,0.0,0.0,0.0,0.0,0.0,1.0,0.0
2010-08-02,0.0,0.0,0.0,0.0,0.0,0.0,0.0,0.0,1.0,0.0
2010-08-03,0.0,0.0,0.0,0.0,0.0,0.0,0.0,0.0,1.0,0.0
2010-08-04,0.0,0.0,0.0,0.0,0.0,0.0,0.0,0.0,1.0,0.0
2010-08-05,0.0,0.0,0.0,0.0,0.0,0.0,0.0,0.0,1.0,0.0
2010-08-06,0.0,0.0,0.0,0.0,0.0,0.0,0.0,0.0,1.0,0.0
2010-08-09,0.0,0.0,0.0,0.0,0.0,0.0,0.0,0.0,1.0,0.0
2010-08-10,0.0,0.0,0.0,0.0,0.0,0.0,0.0,0.0,1.0,0.0
2010-08-11,0.0,0.0,0.0,0.0,0.0,0.0,0.0,0.0,1.0,0.0
2010-08-12,0.0,0.0,0.0,0.0,0.0,0.0,0.0,0.0,1.0,0.0
2010-08-13,0.0,0.0,0.0,0.0,0.0,0.0,0.0,0.0,1.0,0.0
2010-08-16,0.0,0.0,0.0,0.0,0.0,0.0,0.0,0.0,1.0,0.0
2010-08-17,0.0,0.0,0.0,0.0,0.0,0.0,0.0,0.0,1.0,0.0
2010-08-18,0.0,0.0,0.0,0.0,0.0,0.0,0.0,0.0,1.0,0.0
2010-08-19,0.0,0.0,0.0,0.0,0.0,0.0,0.0,0.0,1.0,0.0
2010-08-20,0.0,0.0,0.0,0.0,0.0,0.0,0.0,0.0,1.0,0.0
2010-08-23,0.0,0.0,0.0,0.0,0.0,0.0,0.0,0.0,1.0,0.0
2010-08-24,0.0,0.0,0.0,0.0,0.0,0.0,0.0,0.0,1.0,0.0
2010-08-25,0.0,0.0,0.0,0.0,0.0,0.0,0.0,0.0,1.0,0.0
2010-08-26,0.0,0.0,0.0,0.0,0.0,0.0,0.0,0.0,1.0,0.0
2010-08-27,0.0,0.0,0.0,0.0,0.0,0.0,0.0,0.0,1.0,0.0
2010-08-30,0.0,0.0,0.0,0.0,0.0,0.0,0.0,0.0,1.0,0.0
2010-08-31,0.0,0.0,0.0,0.0,0.0,0.0,0.0,0.0,1.0,0.0
2010-09-01,0.0,0.0,0.0,0.0,0.0,0.0,0.0,0.0,1.0,0.0
2010-09-02,0.0,0.0,0.0,0.0,0.0,0.0,0.0,0.0,1.0,0.0
2010-09-03,0.0,0.0,0.0,0.0,0.0,0.0,0.0,0.0,1.0,0.0
2010-09-07,0.0,0.0,0.0,0.0,0.0,0.0,0.0,0.0,1.0,0.0
2010-09-08,0.0,0.0,0.0,0.0,0.0,0.0,0.0,0.0,1.0,0.0
2010-09-09,0.0,0.0,0.0,0.0,0.0,0.0,0.0,0.0,1.0,0.0
2010-09-10,0.0,0.0,0.0,0.0,0.0,0.0,0.0,0.0,1.0,0.0
2010-09-13,0.0,0.0,0.0,0.0,0.0,0.0,0.0,0.0,1.0,0.0
2010-09-14,0.0,0.0,0.0,0.0,0.0,0.0,0.0,0.0,1.0,0.0
2010-09-15,0.0,0.0,0.0,0.0,0.0,0.0,0.0,0.0,1.0,0.0
2010-09-16,0.0,0.0,0.0,0.0,0.0,0.0,0.0,0.0,1.0,0.0
2010-09-17,0.0,0.0,0.0,0.0,0.0,0.0,0.0,0.0,1.0,0.0
2010-09-20,0.0,0.0,0.0,0.0,0.0,0.0,0.0,0.0,1.0,0.0
2010-09-21,0.0,0.0,0.0,0.0,0.0,0.0,0.0,0.0,1.0,0.0
2010-09-22,0.0,0.0,0.0,0.0,0.0,0.0,0.0,0.0,1.0,0.0
2010-09-23,0.0,0.0,0.0,0.0,0.0,0.0,0.0,0.0,1.0,0.0
2010-09-24,0.0,0.0,0.0,0.0,0.0,0.0,0.0,0.0,1.0,0.0
2010-09-27,0.0,0.0,0.0,0.0,0.0,0.0,0.0,0.0,1.0,0.0
2010-09-28,0.0,0.0,0.0,0.0,0.0,0.0,0.0,0.0,1.0,0.0
2010-09-29,0.0,0.0,0.0,0.0,0.0,0.0,0.0,0.0,1.0,0.0
2010-09-30,0.0,0.0,0.0,0.0,0.0,0.0,0.0,0.0,1.0,0.0
2010-10-01,0.0,0.0,0.0,0.0,0.0,0.0,0.0,0.0,1.0,0.0
2010-10-04,0.0,0.0,0.0,0.0,0.0,0.0,0.0,0.0,1.0,0.0
2010-10-05,0.0,0.0,0.0,0.0,0.0,0.0,0.0,0.0,1.0,0.0
2010-10-06,0.0,0.0,0.0,0.0,0.0,0.0,0.0,0.0,1.0,0.0
2010-10-07,0.0,0.0,0.0,0.0,0.0,0.0,0.0,0.0,1.0,0.0
2010-10-08,0.0,0.0,0.0,0.0,0.0,0.0,0.0,0.0,1.0,0.0
2010-10-11,0.0,0.0,0.0,0.0,0.0,0.0,0.0,0.0,1.0,0.0
2010-10-12,0.0,0.0,0.0,0.0,0.0,0.0,0.0,0.0,1.0,0.0
2010-10-13,0.0,0.0,0.0,0.0,0.0,0.0,0.0,0.0,1.0,0.0
2010-10-14,0.0,0.0,0.0,0.0,0.0,0.0,0.0,0.0,1.0,0.0
2010-10-15,0.0,0.0,0.0,0.0,0.0,0.0,0.0,0.0,1.0,0.0
2010-10-18,0.0,0.0,0.0,0.0,0.0,0.0,0.0,0.0,1.0,0.0
2010-10-19,0.0,0.0,0.0,0.0,0.0,0.0,0.0,0.0,1.0,0.0
2010-10-20,0.0,0.0,0.0,0.0,0.0,0.0,0.0,0.0,1.0,0.0
2010-10-21,0.0,0.0,0.0,0.0,0.0,0.0,0.0,0.0,1.0,0.0
2010-10-22,0.0,0.0,0.0,0.0,0.0,0.0,0.0,0.0,1.0,0.0
2010-10-25,0.0,0.0,0.0,0.0,0.0,0.0,0.0,0.0,1.0,0.0
2010-10-26,0.0,0.0,0.0,0.0,0.0,0.0,0.0,0.0,1.0,0.0
2010-10-27,0.0,0.0,0.0,0.0,0.0,0.0,0.0,0.0,1.0,0.0
2010-10-28,0.0,0.0,0.0,0.0,0.0,0.0,0.0,0.0,1.0,0.0
2010-10-29,0.0,0.0,0.0,0.0,0.0,0.0,0.0,0.0,1.0,0.0
2010-11-01,0.0,0.0,0.0,0.0,0.0,0.0,0.0,0.0,1.0,0.0
2010-11-02,0.0,0.0,0.0,0.0,0.0,0.0,0.0,0.0,1.0,0.0
2010-11-03,0.0,0.0,0.0,0.0,0.0,0.0,0.0,0.0,1.0,0.0
2010-11-04,0.0,0.0,0.0,0.0,0.0,0.0,0.0,0.0,1.0,0.0
2010-11-05,0.0,0.0,0.0,0.0,0.0,0.0,0.0,0.0,1.0,0.0
2010-11-08,0.0,0.0,0.0,0.0,0.0,0.0,0.0,0.0,1.0,0.0
2010-11-09,0.0,0.0,0.0,0.0,0.0,0.0,0.0,0.0,1.0,0.0
2010-11-10,0.0,0.0,0.0,0.0,0.0,0.0,0.0,0.0,1.0,0.0
2010-11-11,0.0,0.0,0.0,0.0,0.0,0.0,0.0,0.0,1.0,0.0
2010-11-12,0.0,0.0,0.0,0.0,0.0,0.0,0.0,0.0,1.0,0.0
2010-11-15,0.0,0.0,0.0,0.0,0.0,0.0,0.0,0.0,1.0,0.0
2010-11-16,0.0,0.0,0.0,0.0,0.0,0.0,0.0,0.0,1.0,0.0
2010-11-17,0.0,0.0,0.0,0.0,0.0,0.0,0.0,0.0,1.0,0.0
2010-11-18,0.0,0.0,0.0,0.0,0.0,0.0,0.0,0.0,1.0,0.0
2010-11-19,0.0,0.0,0.0,0.0,0.0,0.0,0.0,0.0,1.0,0.0
2010-11-22,0.0,0.0,0.0,0.0,0.0,0.0,0.0,0.0,1.0,0.0
2010-11-23,0.0,0.0,0.0,0.0,0.0,0.0,0.0,0.0,1.0,0.0
2010-11-24,0.0,0.0,0.0,0.0,0.0,0.0,0.0,0.0,1.0,0.0
2010-11-26,0.0,0.0,0.0,0.0,0.0,0.0,0.0,0.0,1.0,0.0
2010-11-29,0.0,0.0,0.0,0.0,0.0,0.0,0.0,0.0,1.0,0.0
2010-11-30,0.0,0.0,0.0,0.0,0.0,0.0,0.0,0.0,1.0,0.0
2010-12-01,0.0,0.0,0.0,0.0,0.0,0.0,0.0,0.0,1.0,0.0
2010-12-02,0.0,0.0,0.0,0.0,0.0,0.0,0.0,0.0,1.0,0.0
2010-12-03,0.0,0.0,0.0,0.0,0.0,0.0,0.0,0.0,1.0,0.0
2010-12-06,0.0,0.0,0.0,0.0,0.0,0.0,0.0,0.0,1.0,0.0
2010-12-07,0.0,0.0,0.0,0.0,0.0,0.0,0.0,0.0,1.0,0.0
2010-12-08,0.0,0.0,0.0,0.0,0.0,0.0,0.0,0.0,1.0,0.0
2010-12-09,0.0,0.0,0.0,0.0,0.0,0.0,0.0,0.0,1.0,0.0
2010-12-10,0.0,0.0,0.0,0.0,0.0,0.0,0.0,0.0,1.0,0.0
2010-12-13,0.0,0.0,0.0,0.0,0.0,0.0,0.0,0.0,1.0,0.0
2010-12-14,0.0,0.0,0.0,0.0,0.0,0.0,0.0,0.0,1.0,0.0
2010-12-15,0.0,0.0,0.0,0.0,0.0,0.0,0.0,0.0,1.0,0.0
2010-12-16,0.0,0.0,0.0,0.0,0.0,0.0,0.0,0.0,1.0,0.0
2010-12-17,0.0,0.0,0.0,0.0,0.0,0.0,0.0,0.0,1.0,0.0
2010-12-20,0.0,0.0,0.0,0.0,0.0,0.0,0.0,0.0,1.0,0.0
2010-12-21,0.0,0.0,0.0,0.0,0.0,0.0,0.0,0.0,1.0,0.0
2010-12-22,0.0,0.0,0.0,0.0,0.0,0.0,0.0,0.0,1.0,0.0
2010-12-23,0.0,0.0,0.0,0.0,0.0,0.0,0.0,0.0,1.0,0.0
2010-12-27,0.0,0.0,0.0,0.0,0.0,0.0,0.0,0.0,1.0,0.0
2010-12-28,0.0,0.0,0.0,0.0,0.0,0.0,0.0,0.0,1.0,0.0
2010-12-29,0.0,0.0,0.0,0.0,0.0,0.0,0.0,0.0,1.0,0.0
2010-12-30,0.0,0.0,0.0,0.0,0.0,0.0,0.0,0.0,1.0,0.0
2010-12-31,0.0,0.0,0.0,0.0,0.0,0.0,0.0,0.0,1.0,0.0
2011-01-03,0.0,0.0,0.0,0.0,0.0,0.0,0.0,0.0,1.0,0.0
2011-01-04,0.0,0.0,0.0,0.0,0.0,0.0,0.0,0.0,1.0,0.0
2011-01-05,0.0,0.0,0.0,0.0,0.0,0.0,0.0,0.0,1.0,0.0
2011-01-06,0.0,0.0,0.0,0.0,0.0,0.0,0.0,0.0,1.0,0.0
2011-01-07,0.0,0.0,0.0,0.0,0.0,0.0,0.0,0.0,1.0,0.0
2011-01-10,0.0,0.0,0.0,0.0,0.0,0.0,0.0,0.0,1.0,0.0
2011-01-11,0.0,0.0,0.0,0.0,0.0,0.0,0.0,0.0,1.0,0.0
2011-01-12,0.0,0.0,0.0,0.0,0.0,0.0,0.0,0.0,1.0,0.0
2011-01-13,0.0,0.0,0.0,0.0,0.0,0.0,0.0,0.0,1.0,0.0
2011-01-14,0.0,0.0,0.0,0.0,0.0,0.0,0.0,0.0,1.0,0.0
2011-01-18,0.0,0.0,0.0,0.0,0.0,0.0,0.0,0.0,1.0,0.0
2011-01-19,0.0,0.0,0.0,0.0,0.0,0.0,0.0,0.0,1.0,0.0
2011-01-20,0.0,0.0,0.0,0.0,0.0,0.0,0.0,0.0,1.0,0.0
2011-01-21,0.0,0.0,0.0,0.0,0.0,0.0,0.0,0.0,1.0,0.0
2011-01-24,0.0,0.0,0.0,0.0,0.0,0.0,0.0,0.0,1.0,0.0
2011-01-25,0.0,0.0,0.0,0.0,0.0,0.0,0.0,0.0,1.0,0.0
2011-01-26,0.0,0.0,0.0,0.0,0.0,0.0,0.0,0.0,1.0,0.0
2011-01-27,0.0,0.0,0.0,0.0,0.0,0.0,0.0,0.0,1.0,0.0
2011-01-28,0.0,0.0,0.0,0.0,0.0,0.0,0.0,0.0,1.0,0.0
2011-01-31,0.0,0.0,0.0,0.0,0.0,0.0,0.0,0.0,1.0,0.0
2011-02-01,0.0,0.0,0.0,0.0,0.0,0.0,0.0,0.0,1.0,0.0
2011-02-02,0.0,0.0,0.0,0.0,0.0,0.0,0.0,0.0,1.0,0.0
2011-02-03,0.0,0.0,0.0,0.0,0.0,0.0,0.0,0.0,1.0,0.0
2011-02-04,0.0,0.0,0.0,0.0,0.0,0.0,0.0,0.0,1.0,0.0
2011-02-07,0.0,0.0,0.0,0.0,0.0,0.0,0.0,0.0,1.0,0.0
2011-02-08,0.0,0.0,0.0,0.0,0.0,0.0,0.0,0.0,1.0,0.0
2011-02-09,0.0,0.0,0.0,0.0,0.0,0.0,0.0,0.0,1.0,0.0
2011-02-10,0.0,0.0,0.0,0.0,0.0,0.0,0.0,0.0,1.0,0.0
2011-02-11,0.0,0.0,0.0,0.0,0.0,0.0,0.0,0.0,1.0,0.0
2011-02-14,0.0,0.0,0.0,0.0,0.0,0.0,0.0,0.0,1.0,0.0
2011-02-15,0.0,0.0,0.0,0.0,0.0,0.0,0.0,0.0,1.0,0.0
2011-02-16,0.0,0.0,0.0,0.0,0.0,0.0,0.0,0.0,1.0,0.0
2011-02-17,0.0,0.0,0.0,0.0,0.0,0.0,0.0,0.0,1.0,0.0
2011-02-18,0.0,0.0,0.0,0.0,0.0,0.0,0.0,0.0,1.0,0.0
2011-02-22,0.0,0.0,0.0,0.0,0.0,0.0,0.0,0.0,1.0,0.0
2011-02-23,0.0,0.0,0.0,0.0,0.0,0.0,0.0,0.0,1.0,0.0
2011-02-24,0.0,0.0,0.0,0.0,0.0,0.0,0.0,0.0,1.0,0.0
2011-02-25,0.0,0.0,0.0,0.0,0.0,0.0,0.0,0.0,1.0,0.0
2011-02-28,0.0,0.0,0.0,0.0,0.0,0.0,0.0,0.0,1.0,0.0
2011-03-01,0.0,0.0,0.0,0.0,0.0,0.0,0.0,0.0,1.0,0.0
2011-03-02,0.0,0.0,0.0,0.0,0.0,0.0,0.0,0.0,1.0,0.0
2011-03-03,0.0,0.0,0.0,0.0,0.0,0.0,0.0,0.0,1.0,0.0
2011-03-04,0.0,0.0,0.0,0.0,0.0,0.0,0.0,0.0,1.0,0.0
2011-03-07,0.0,0.0,0.0,0.0,0.0,0.0,0.0,0.0,1.0,0.0
2011-03-08,0.0,0.0,0.0,0.0,0.0,0.0,0.0,0.0,1.0,0.0
2011-03-09,0.0,0.0,0.0,0.0,0.0,0.0,0.0,0.0,1.0,0.0
2011-03-10,0.0,0.0,0.0,0.0,0.0,0.0,0.0,0.0,1.0,0.0
2011-03-11,0.0,0.0,0.0,0.0,0.0,0.0,0.0,0.0,1.0,0.0
2011-03-14,0.0,0.0,0.0,0.0,0.0,0.0,0.0,0.0,1.0,0.0
2011-03-15,0.0,0.0,0.0,0.0,0.0,0.0,0.0,0.0,1.0,0.0
2011-03-16,0.0,0.0,0.0,0.0,0.0,0.0,0.0,0.0,1.0,0.0
2011-03-17,0.0,0.0,0.0,0.0,0.0,0.0,0.0,0.0,1.0,0.0
2011-03-18,0.0,0.0,0.0,0.0,0.0,0.0,0.0,0.0,1.0,0.0
2011-03-21,0.0,0.0,0.0,0.0,0.0,0.0,0.0,0.0,1.0,0.0
2011-03-22,0.0,0.0,0.0,0.0,0.0,0.0,0.0,0.0,1.0,0.0
2011-03-23,0.0,0.0,0.0,0.0,0.0,0.0,0.0,0.0,1.0,0.0
2011-03-24,0.0,0.0,0.0,0.0,0.0,0.0,0.0,0.0,1.0,0.0
2011-03-25,0.0,0.0,0.0,0.0,0.0,0.0,0.0,0.0,1.0,0.0
2011-03-28,0.0,0.0,0.0,0.0,0.0,0.0,0.0,0.0,1.0,0.0
2011-03-29,0.0,0.0,0.0,0.0,0.0,0.0,0.0,0.0,1.0,0.0
2011-03-30,0.0,0.0,0.0,0.0,0.0,0.0,0.0,0.0,1.0,0.0
2011-03-31,0.0,0.0,0.0,0.0,0.0,0.0,0.0,0.0,1.0,0.0
2011-04-01,0.0,0.0,0.0,0.0,0.0,0.0,0.0,0.0,1.0,0.0
2011-04-04,0.0,0.0,0.0,0.0,0.0,0.0,0.0,0.0,1.0,0.0
2011-04-05,0.0,0.0,0.0,0.0,0.0,0.0,0.0,0.0,1.0,0.0
2011-04-06,0.0,0.0,0.0,0.0,0.0,0.0,0.0,0.0,1.0,0.0
2011-04-07,0.0,0.0,0.0,0.0,0.0,0.0,0.0,0.0,1.0,0.0
2011-04-08,0.0,0.0,0.0,0.0,0.0,0.0,0.0,0.0,1.0,0.0
2011-04-11,0.0,0.0,0.0,0.0,0.0,0.0,0.0,0.0,1.0,0.0
2011-04-12,0.0,0.0,0.0,0.0,0.0,0.0,0.0,0.0,1.0,0.0
2011-04-13,0.0,0.0,0.0,0.0,0.0,0.0,0.0,0.0,1.0,0.0
2011-04-14,0.0,0.0,0.0,0.0,0.0,0.0,0.0,0.0,1.0,0.0
2011-04-15,0.0,0.0,0.0,0.0,0.0,0.0,0.0,0.0,1.0,0.0
2011-04-18,0.0,0.0,0.0,0.0,0.0,0.0,0.0,0.0,1.0,0.0
2011-04-19,0.0,0.0,0.0,0.0,0.0,0.0,0.0,0.0,1.0,0.0
2011-04-20,0.0,0.0,0.0,0.0,0.0,0.0,0.0,0.0,1.0,0.0
2011-04-21,0.0,0.0,0.0,0.0,0.0,0.0,0.0,0.0,1.0,0.0
2011-04-25,0.0,0.0,0.0,0.0,0.0,0.0,0.0,0.0,1.0,0.0
2011-04-26,0.0,0.0,0.0,0.0,0.0,0.0,0.0,0.0,1.0,0.0
2011-04-27,0.0,0.0,0.0,0.0,0.0,0.0,0.0,0.0,1.0,0.0
2011-04-28,0.0,0.0,0.0,0.0,0.0,0.0,0.0,0.0,1.0,0.0
2011-04-29,0.0,0.0,0.0,0.0,0.0,0.0,0.0,0.0,1.0,0.0
2011-05-02,0.0,0.0,0.0,0.0,0.0,0.0,0.0,0.0,1.0,0.0
2011-05-03,0.0,0.0,0.0,0.0,0.0,0.0,0.0,0.0,1.0,0.0
2011-05-04,0.0,0.0,0.0,0.0,0.0,0.0,0.0,0.0,1.0,0.0
2011-05-05,0.0,0.0,0.0,0.0,0.0,0.0,0.0,0.0,1.0,0.0
2011-05-06,0.0,0.0,0.0,0.0,0.0,0.0,0.0,0.0,1.0,0.0
2011-05-09,0.0,0.0,0.0,0.0,0.0,0.0,0.0,0.0,1.0,0.0
2011-05-10,0.0,0.0,0.0,0.0,0.0,0.0,0.0,0.0,1.0,0.0
2011-05-11,0.0,0.0,0.0,0.0,0.0,0.0,0.0,0.0,1.0,0.0
2011-05-12,0.0,0.0,0.0,0.0,0.0,0.0,0.0,0.0,1.0,0.0
2011-05-13,0.0,0.0,0.0,0.0,0.0,0.0,0.0,0.0,1.0,0.0
2011-05-16,0.0,0.0,0.0,0.0,0.0,0.0,0.0,0.0,1.0,0.0
2011-05-17,0.0,0.0,0.0,0.0,0.0,0.0,0.0,0.0,1.0,0.0
2011-05-18,0.0,0.0,0.0,0.0,0.0,0.0,0.0,0.0,1.0,0.0
2011-05-19,0.0,0.0,0.0,0.0,0.0,0.0,0.0,0.0,1.0,0.0
2011-05-20,0.0,0.0,0.0,0.0,0.0,0.0,0.0,0.0,1.0,0.0
2011-05-23,0.0,0.0,0.0,0.0,0.0,0.0,0.0,0.0,1.0,0.0
2011-05-24,0.0,0.0,0.0,0.0,0.0,0.0,0.0,0.0,1.0,0.0
2011-05-25,0.0,0.0,0.0,0.0,0.0,0.0,0.0,0.0,1.0,0.0
2011-05-26,0.0,0.0,0.0,0.0,0.0,0.0,0.0,0.0,1.0,0.0
2011-05-27,0.0,0.0,0.0,0.0,0.0,0.0,0.0,0.0,1.0,0.0
2011-05-31,0.0,0.0,0.0,0.0,0.0,0.0,0.0,0.0,1.0,0.0
2011-06-01,0.0,0.0,0.0,0.0,0.0,0.0,0.0,0.0,1.0,0.0
2011-06-02,0.0,0.0,0.0,0.0,0.0,0.0,0.0,0.0,1.0,0.0
2011-06-03,0.0,0.0,0.0,0.0,0.0,0.0,0.0,0.0,1.0,0.0
2011-06-06,0.0,0.0,0.0,0.0,0.0,0.0,0.0,0.0,1.0,0.0
2011-06-07,0.0,0.0,0.0,0.0,0.0,0.0,0.0,0.0,1.0,0.0
2011-06-08,0.0,0.0,0.0,0.0,0.0,0.0,0.0,0.0,1.0,0.0
2011-06-09,0.0,0.0,0.0,0.0,0.0,0.0,0.0,0.0,1.0,0.0
2011-06-10,0.0,0.0,0.0,0.0,0.0,0.0,0.0,0.0,1.0,0.0
2011-06-13,0.0,0.0,0.0,0.0,0.0,0.0,0.0,0.0,1.0,0.0
2011-06-14,0.0,0.0,0.0,0.0,0.0,0.0,0.0,0.0,1.0,0.0
2011-06-15,0.0,0.0,0.0,0.0,0.0,0.0,0.0,0.0,1.0,0.0
2011-06-16,0.0,0.0,0.0,0.0,0.0,0.0,0.0,0.0,1.0,0.0
2011-06-17,0.0,0.0,0.0,0.0,0.0,0.0,0.0,0.0,1.0,0.0
2011-06-20,0.0,0.0,0.0,0.0,0.0,0.0,0.0,0.0,1.0,0.0
2011-06-21,0.0,0.0,0.0,0.0,0.0,0.0,0.0,0.0,1.0,0.0
2011-06-22,0.0,0.0,0.0,0.0,0.0,0.0,0.0,0.0,1.0,0.0
2011-06-23,0.0,0.0,0.0,0.0,0.0,0.0,0.0,0.0,1.0,0.0
2011-06-24,0.0,0.0,0.0,0.0,0.0,0.0,0.0,0.0,1.0,0.0
2011-06-27,0.0,0.0,0.0,0.0,0.0,0.0,0.0,0.0,1.0,0.0
2011-06-28,0.0,0.0,0.0,0.0,0.0,0.0,0.0,0.0,1.0,0.0
2011-06-29,0.0,0.0,0.0,0.0,0.0,0.0,0.0,0.0,1.0,0.0
2011-06-30,0.0,0.0,0.0,0.0,0.0,0.0,0.0,0.0,1.0,0.0
2011-07-01,0.0,0.0,0.0,0.0,0.0,0.0,0.0,0.0,1.0,0.0
2011-07-05,0.0,0.0,0.0,0.0,0.0,0.0,0.0,0.0,1.0,0.0
2011-07-06,0.0,0.0,0.0,0.0,0.0,0.0,0.0,0.0,1.0,0.0
2011-07-07,0.0,0.0,0.0,0.0,0.0,0.0,0.0,0.0,1.0,0.0
2011-07-08,0.0,0.0,0.0,0.0,0.0,0.0,0.0,0.0,1.0,0.0
2011-07-11,0.0,0.0,0.0,0.0,0.0,0.0,0.0,0.0,1.0,0.0
2011-07-12,0.0,0.0,0.0,0.0,0.0,0.0,0.0,0.0,1.0,0.0
2011-07-13,0.0,0.0,0.0,0.0,0.0,0.0,0.0,0.0,1.0,0.0
2011-07-14,0.0,0.0,0.0,0.0,0.0,0.0,0.0,0.0,1.0,0.0
2011-07-15,0.0,0.0,0.0,0.0,0.0,0.0,0.0,0.0,1.0,0.0
2011-07-18,0.0,0.0,0.0,0.0,0.0,0.0,0.0,0.0,1.0,0.0
2011-07-19,0.0,0.0,0.0,0.0,0.0,0.0,0.0,0.0,1.0,0.0
2011-07-20,0.0,0.0,0.0,0.0,0.0,0.0,0.0,0.0,1.0,0.0
2011-07-21,0.0,0.0,0.0,0.0,0.0,0.0,0.0,0.0,1.0,0.0
2011-07-22,0.0,0.0,0.0,0.0,0.0,0.0,0.0,0.0,1.0,0.0
2011-07-25,0.0,0.0,0.0,0.0,0.0,0.0,0.0,0.0,1.0,0.0
2011-07-26,0.0,0.0,0.0,0.0,0.0,0.0,0.0,0.0,1.0,0.0
2011-07-27,0.0,0.0,0.0,0.0,0.0,0.0,0.0,0.0,1.0,0.0
2011-07-28,0.0,0.0,0.0,0.0,0.0,0.0,0.0,0.0,1.0,0.0
2011-07-29,0.0,0.0,0.0,0.0,0.0,0.0,0.0,0.0,1.0,0.0
2011-08-01,0.0,0.0,0.0,0.0,0.0,0.0,0.0,0.0,1.0,0.0
2011-08-02,0.0,0.0,0.0,0.0,0.0,0.0,0.0,0.0,1.0,0.0
2011-08-03,0.0,0.0,0.0,0.0,0.0,0.0,0.0,0.0,1.0,0.0
2011-08-04,0.0,0.0,0.0,0.0,0.0,0.0,0.0,0.0,1.0,0.0
2011-08-05,0.0,0.0,0.0,0.0,0.0,0.0,0.0,0.0,1.0,0.0
2011-08-08,0.0,0.0,0.0,0.0,0.0,0.0,0.0,0.0,1.0,0.0
2011-08-09,0.0,0.0,0.0,0.0,0.0,0.0,0.0,0.0,1.0,0.0
2011-08-10,0.0,0.0,0.0,0.0,0.0,0.0,0.0,0.0,1.0,0.0
2011-08-11,0.0,0.0,0.0,0.0,0.0,0.0,0.0,0.0,1.0,0.0
2011-08-12,0.0,0.0,0.0,0.0,0.0,0.0,0.0,0.0,1.0,0.0
2011-08-15,0.0,0.0,0.0,0.0,0.0,0.0,0.0,0.0,1.0,0.0
2011-08-16,0.0,0.0,0.0,0.0,0.0,0.0,0.0,0.0,1.0,0.0
2011-08-17,0.0,0.0,0.0,0.0,0.0,0.0,0.0,0.0,1.0,0.0
2011-08-18,0.0,0.0,0.0,0.0,0.0,0.0,0.0,0.0,1.0,0.0
2011-08-19,0.0,0.0,0.0,0.0,0.0,0.0,0.0,0.0,1.0,0.0
2011-08-22,0.0,0.0,0.0,0.0,0.0,0.0,0.0,0.0,1.0,0.0
2011-08-23,0.0,0.0,0.0,0.0,0.0,0.0,0.0,0.0,1.0,0.0
2011-08-24,0.0,0.0,0.0,0.0,0.0,0.0,0.0,0.0,1.0,0.0
2011-08-25,0.0,0.0,0.0,0.0,0.0,0.0,0.0,0.0,1.0,0.0
2011-08-26,0.0,0.0,0.0,0.0,0.0,0.0,0.0,0.0,1.0,0.0
2011-08-29,0.0,0.0,0.0,0.0,0.0,0.0,0.0,0.0,1.0,0.0
2011-08-30,0.0,0.0,0.0,0.0,0.0,0.0,0.0,0.0,1.0,0.0
2011-08-31,0.0,0.0,0.0,0.0,0.0,0.0,0.0,0.0,1.0,0.0
2011-09-01,0.0,0.0,0.0,0.0,0.0,0.0,0.0,0.0,1.0,0.0
2011-09-02,0.0,0.0,0.0,0.0,0.0,0.0,0.0,0.0,1.0,0.0
2011-09-06,0.0,0.0,0.0,0.0,0.0,0.0,0.0,0.0,1.0,0.0
2011-09-07,0.0,0.0,0.0,0.0,0.0,0.0,0.0,0.0,1.0,0.0
2011-09-08,0.0,0.0,0.0,0.0,0.0,0.0,0.0,0.0,1.0,0.0
2011-09-09,0.0,0.0,0.0,0.0,0.0,0.0,0.0,0.0,1.0,0.0
2011-09-12,0.0,0.0,0.0,0.0,0.0,0.0,0.0,0.0,1.0,0.0
2011-09-13,0.0,0.0,0.0,0.0,0.0,0.0,0.0,0.0,1.0,0.0
2011-09-14,0.0,0.0,0.0,0.0,0.0,0.0,0.0,0.0,1.0,0.0
2011-09-15,0.0,0.0,0.0,0.0,0.0,0.0,0.0,0.0,1.0,0.0
2011-09-16,0.0,0.0,0.0,0.0,0.0,0.0,0.0,0.0,1.0,0.0
2011-09-19,0.0,0.0,0.0,0.0,0.0,0.0,0.0,0.0,1.0,0.0
2011-09-20,0.0,0.0,0.0,0.0,0.0,0.0,0.0,0.0,1.0,0.0
2011-09-21,0.0,0.0,0.0,0.0,0.0,0.0,0.0,0.0,1.0,0.0
2011-09-22,0.0,0.0,0.0,0.0,0.0,0.0,0.0,0.0,1.0,0.0
2011-09-23,0.0,0.0,0.0,0.0,0.0,0.0,0.0,0.0,1.0,0.0
2011-09-26,0.0,0.0,0.0,0.0,0.0,0.0,0.0,0.0,1.0,0.0
2011-09-27,0.0,0.0,0.0,0.0,0.0,0.0,0.0,0.0,1.0,0.0
2011-09-28,0.0,0.0,0.0,0.0,0.0,0.0,0.0,0.0,1.0,0.0
2011-09-29,0.0,0.0,0.0,0.0,0.0,0.0,0.0,0.0,1.0,0.0
2011-09-30,0.0,0.0,0.0,0.0,0.0,0.0,0.0,0.0,1.0,0.0
2011-10-03,0.0,0.0,0.0,0.0,0.0,0.0,0.0,0.0,1.0,0.0
2011-10-04,0.0,0.0,0.0,0.0,0.0,0.0,0.0,0.0,1.0,0.0
2011-10-05,0.0,0.0,0.0,0.0,0.0,0.0,0.0,0.0,1.0,0.0
2011-10-06,0.0,0.0,0.0,0.0,0.0,0.0,0.0,0.0,1.0,0.0
2011-10-07,0.0,0.0,0.0,0.0,0.0,0.0,0.0,0.0,1.0,0.0
2011-10-10,0.0,0.0,0.0,0.0,0.0,0.0,0.0,0.0,1.0,0.0
2011-10-11,0.0,0.0,0.0,0.0,0.0,0.0,0.0,0.0,1.0,0.0
2011-10-12,0.0,0.0,0.0,0.0,0.0,0.0,0.0,0.0,1.0,0.0
2011-10-13,0.0,0.0,0.0,0.0,0.0,0.0,0.0,0.0,1.0,0.0
2011-10-14,0.0,0.0,0.0,0.0,0.0,0.0,0.0,0.0,1.0,0.0
2011-10-17,0.0,0.0,0.0,0.0,0.0,0.0,0.0,0.0,1.0,0.0
2011-10-18,0.0,0.0,0.0,0.0,0.0,0.0,0.0,0.0,1.0,0.0
2011-10-19,0.0,0.0,0.0,0.0,0.0,0.0,0.0,0.0,1.0,0.0
2011-10-20,0.0,0.0,0.0,0.0,0.0,0.0,0.0,0.0,1.0,0.0
2011-10-21,0.0,0.0,0.0,0.0,0.0,0.0,0.0,0.0,1.0,0.0
2011-10-24,0.0,0.0,0.0,0.0,0.0,0.0,0.0,0.0,1.0,0.0
2011-10-25,0.0,0.0,0.0,0.0,0.0,0.0,0.0,0.0,1.0,0.0
2011-10-26,0.0,0.0,0.0,0.0,0.0,0.0,0.0,0.0,1.0,0.0
2011-10-27,0.0,0.0,0.0,0.0,0.0,0.0,0.0,0.0,1.0,0.0
2011-10-28,0.0,0.0,0.0,0.0,0.0,0.0,0.0,0.0,1.0,0.0
2011-10-31,0.0,0.0,0.0,0.0,0.0,0.0,0.0,0.0,1.0,0.0
2011-11-01,0.0,0.0,0.0,0.0,0.0,0.0,0.0,0.0,1.0,0.0
2011-11-02,0.0,0.0,0.0,0.0,0.0,0.0,0.0,0.0,1.0,0.0
2011-11-03,0.0,0.0,0.0,0.0,0.0,0.0,0.0,0.0,1.0,0.0
2011-11-04,0.0,0.0,0.0,0.0,0.0,0.0,0.0,0.0,1.0,0.0
2011-11-07,0.0,0.0,0.0,0.0,0.0,0.0,0.0,0.0,1.0,0.0
2011-11-08,0.0,0.0,0.0,0.0,0.0,0.0,0.0,0.0,1.0,0.0
2011-11-09,0.0,0.0,0.0,0.0,0.0,0.0,0.0,0.0,1.0,0.0
2011-11-10,0.0,0.0,0.0,0.0,0.0,0.0,0.0,0.0,1.0,0.0
2011-11-11,0.0,0.0,0.0,0.0,0.0,0.0,0.0,0.0,1.0,0.0
2011-11-14,0.0,0.0,0.0,0.0,0.0,0.0,0.0,0.0,1.0,0.0
2011-11-15,0.0,0.0,0.0,0.0,0.0,0.0,0.0,0.0,1.0,0.0
2011-11-16,0.0,0.0,0.0,0.0,0.0,0.0,0.0,0.0,1.0,0.0
2011-11-17,0.0,0.0,0.0,0.0,0.0,0.0,0.0,0.0,1.0,0.0
2011-11-18,0.0,0.0,0.0,0.0,0.0,0.0,0.0,0.0,1.0,0.0
2011-11-21,0.0,0.0,0.0,0.0,0.0,0.0,0.0,0.0,1.0,0.0
2011-11-22,0.0,0.0,0.0,0.0,0.0,0.0,0.0,0.0,1.0,0.0
2011-11-23,0.0,0.0,0.0,0.0,0.0,0.0,0.0,0.0,1.0,0.0
2011-11-25,0.0,0.0,0.0,0.0,0.0,0.0,0.0,0.0,1.0,0.0
2011-11-28,0.0,0.0,0.0,0.0,0.0,0.0,0.0,0.0,1.0,0.0
2011-11-29,0.0,0.0,0.0,0.0,0.0,0.0,0.0,0.0,1.0,0.0
2011-11-30,0.0,0.0,0.0,0.0,0.0,0.0,0.0,0.0,1.0,0.0
2011-12-01,0.0,0.0,0.0,0.0,0.0,0.0,0.0,0.0,1.0,0.0
2011-12-02,0.0,0.0,0.0,0.0,0.0,0.0,0.0,0.0,1.0,0.0
2011-12-05,0.0,0.0,0.0,0.0,0.0,0.0,0.0,0.0,1.0,0.0
2011-12-06,0.0,0.0,0.0,0.0,0.0,0.0,0.0,0.0,1.0,0.0
2011-12-07,0.0,0.0,0.0,0.0,0.0,0.0,0.0,0.0,1.0,0.0
2011-12-08,0.0,0.0,0.0,0.0,0.0,0.0,0.0,0.0,1.0,0.0
2011-12-09,0.0,0.0,0.0,0.0,0.0,0.0,0.0,0.0,1.0,0.0
2011-12-12,0.0,0.0,0.0,0.0,0.0,0.0,0.0,0.0,1.0,0.0
2011-12-13,0.0,0.0,0.0,0.0,0.0,0.0,0.0,0.0,1.0,0.0
2011-12-14,0.0,0.0,0.0,0.0,0.0,0.0,0.0,0.0,1.0,0.0
2011-12-15,0.0,0.0,0.0,0.0,0.0,0.0,0.0,0.0,1.0,0.0
2011-12-16,0.0,0.0,0.0,0.0,0.0,0.0,0.0,0.0,1.0,0.0
2011-12-19,0.0,0.0,0.0,0.0,0.0,0.0,0.0,0.0,1.0,0.0
2011-12-20,0.0,0.0,0.0,0.0,0.0,0.0,0.0,0.0,1.0,0.0
2011-12-21,0.0,0.0,0.0,0.0,0.0,0.0,0.0,0.0,1.0,0.0
2011-12-22,0.0,0.0,0.0,0.0,0.0,0.0,0.0,0.0,1.0,0.0
2011-12-23,0.0,0.0,0.0,0.0,0.0,0.0,0.0,0.0,1.0,0.0
2011-12-27,0.0,0.0,0.0,0.0,0.0,0.0,0.0,0.0,1.0,0.0
2011-12-28,0.0,0.0,0.0,0.0,0.009783123668943525,0.9902168763310565,0.0,-0.004451944870294025,0.995548055129706,-0.004451944870293989
2011-12-29,0.0,0.0,0.0,0.0,0.4734433701921747,0.5265566298078252,0.0,-0.001565546687238004,0.9939894781700115,-0.006010521829988513
2011-12-30,0.0,0.0,0.0,0.0,0.4078487594127872,0.5921512405872129,0.0,-0.002084976260627127,0.991917033704714,-0.008082966295286043
2012-01-03,0.0,0.0,0.0,0.0,0.3812410516074846,0.6187589483925154,0.0,-0.0003812410516074846,0.991538874211677,-0.008461125788323032
2012-01-04,0.0,0.0,0.0,0.0,0.37941242833823285,0.6205875716617671,0.0,0.0,0.991538874211677,-0.008461125788323032
2012-01-05,0.0,0.0,0.0,0.0,0.37941242833823285,0.6205875716617671,0.0,0.0,0.991538874211677,-0.008461125788323032
2012-01-06,0.0,0.0,0.0,0.0,0.37941242833823285,0.6205875716617671,0.0,0.0,0.991538874211677,-0.008461125788323032
2012-01-09,0.0,0.0,0.0,0.0,0.37941242833823285,0.6205875716617671,0.0,0.0,0.991538874211677,-0.008461125788323032
2012-01-10,0.0,0.0,0.0,0.0,0.37941242833823285,0.6205875716617671,0.0,0.0,0.991538874211677,-0.008461125788323032
2012-01-11,0.0,0.0,0.0,0.0,0.37941242833823285,0.6205875716617671,0.0,0.00013764213703046295,0.9916753517412723,-0.008324648258727696
2012-01-12,0.0,0.0,0.0,0.0,0.3790662459493561,0.6209337540506439,0.0,0.003773419958812605,0.9954173593061953,-0.0045826406938046516
2012-01-13,0.0,0.0,0.0,0.0,0.2715638279524624,0.7284361720475375,0.0,-0.0009698087053023616,0.9944519948857311,-0.005548005114268895
2012-01-17,0.0,0.0,0.0,0.0,0.2635707076068696,0.7364292923931304,0.0,-0.0019657948301542282,0.9924971062953482,-0.007502893704651847
2012-01-18,0.0,0.0,0.0,0.0,0.23713390842562315,0.7628660915743768,0.0,0.0013457050105845532,0.9938327146242805,-0.006167285375719533
2012-01-19,0.0,0.0,0.0,0.0,0.22520255369132341,0.7747974463086765,0.0,0.0008476156521311534,0.9946751027887959,-0.005324897211204105
2012-01-20,0.0,0.0,0.0,0.0,0.22071158652946737,0.7792884134705327,0.0,0.00319850622437642,0.9978565772962982,-0.002143422703701825
2012-01-23,0.0,0.0,0.0,0.0,0.17635683111656636,0.8236431688834336,0.0,-0.0012128232400082073,0.9966463536491582,-0.003353646350841788
2012-01-24,0.0,0.0,0.0,0.0,0.16908491904851677,0.8309150809514831,0.0,0.0005911742928795267,0.9972355453525277,-0.0027644546474723253
2012-01-25,0.0,0.0,0.0,0.0,0.1677005198200184,0.8322994801799816,0.0,0.00011151948087644279,0.997346756542857,-0.0026532434571430175
2012-01-26,0.0,0.0,0.0,0.0,0.16769101990918744,0.8323089800908126,0.0,-0.0009382757675236374,0.9964109702493745,-0.003589029750625472
2012-01-27,0.0,0.0,0.0,0.0,0.16346179710858877,0.8365382028914112,0.0,4.75712683684615e-05,0.9964583707830456,-0.003541629216954445
2012-01-30,0.0,0.0,0.0,0.0,0.16346504515315774,0.8365349548468423,0.0,0.0004576075721071885,0.9969143576788055,-0.0030856423211944595
2012-01-31,0.0,0.0,0.0,0.0,0.16267976422811467,0.8373202357718853,0.0,9.976530692926859e-05,0.9970138151456815,-0.002986184854318452
2012-02-01,0.0,0.0,0.0,0.0,0.16267105937039691,0.8373289406296031,0.0,0.0014078477196417083,0.9984174587717857,-0.0015825412282143292
2012-02-02,0.0,0.0,0.0,0.0,0.15511005902475922,0.8448899409752408,0.0,0.0010885984570834404,0.9995043344769298,-0.0004956655230702323
2012-02-03,0.0,0.0,0.0,0.0,0.15095564492563657,0.8490443550743635,0.0,-0.00012927970862386558,0.9993751188478003,-0.0006248811521997188
2012-02-06,0.0,0.0,0.0,0.0,0.1508074529578188,0.8491925470421812,0.0,0.0013320679933137563,1.0007063544569315,0.0
2012-02-07,0.0,0.0,0.0,0.0,0.14491133711661505,0.855088662883385,0.0,-0.0011954255229669223,0.9995100845398185,-0.0011954255229669197
2012-02-08,0.0,0.0,0.0,0.0,0.13899377873153607,0.8610062212684639,0.0,-0.0003868892212096576,0.9991233848616197,-0.0015818522469269736
2012-02-09,0.0,0.0,0.0,0.0,0.13825371586977814,0.8617462841302218,0.0,-0.0006442229453618591,0.9984797266518443,-0.002225056126775149
2012-02-10,0.0,0.0,0.0,0.0,0.1364879973942424,0.8635120026057577,0.0,0.00014822023259228822,0.9986277215491672,-0.002077165692519478
2012-02-13,0.0,0.0,0.0,0.0,0.13646605310680016,0.8635339468931998,0.0,-0.0010647247109717242,0.9975644579369725,-0.0031396787938495763
2012-02-14,0.0,0.0,0.0,0.0,0.13222513404240008,0.8677748659575999,0.0,-0.0002285095656302889,0.9973365049160011,-0.0033674709128425073
2012-02-15,0.0,0.0,0.0,0.0,0.1319891922962612,0.8680108077037388,0.0,-0.0007963685165788514,0.9965422575230513,-0.004161157681605854
2012-02-16,0.0,0.0,0.0,0.0,0.12970282578429546,0.8702971742157045,0.0,0.00044453742801090336,0.9969852578551147,-0.0037184700439282237
2012-02-17,0.0,0.0,0.0,0.0,0.12910012698188825,0.8708998730181118,0.0,-0.0007663159033873901,0.9962212521965775,-0.00448193642458472
2012-02-21,0.0,0.0,0.0,0.0,0.12705711549995752,0.8729428845000424,0.0,-0.0013010848037293306,0.9949250838641923,-0.0057771898489408224
2012-02-22,0.0,0.0,0.0,0.0,0.12176380240923869,0.8782361975907613,0.0,8.433129119803634e-05,0.9950089871811598,-0.005693345755622303
2012-02-23,0.0,0.0,0.0,0.0,0.12173705768164617,0.8782629423183538,0.0,-0.0012056071327722984,0.9938093972490417,-0.006892088950142261
2012-02-24,0.0,0.0,0.0,0.0,0.11749668730843739,0.8825033126915626,0.0,-0.0009417411521154037,0.9928734860422933,-0.007827339538469258
2012-02-27,0.0,0.0,0.0,0.0,0.11506861865743795,0.884931381342562,0.0,0.0012555594737323245,0.9941200977539113,-0.0065816077550485685
2012-02-28,0.0,0.0,0.0,0.0,0.11045118750067448,0.8895488124993256,0.0,-0.00011045118750067448,0.9940102960085961,-0.006691331996157013
2012-02-29,0.0,0.0,0.0,0.0,0.11042921517983756,0.8895707848201625,0.0,0.0,0.9940102960085961,-0.006691331996157013
2012-03-01,0.0,0.0,0.0,0.0,0.11042921517983756,0.8895707848201625,0.0,0.0,0.9940102960085961,-0.006691331996157013
2012-03-02,0.0,0.0,0.0,0.0,0.11042921517983756,0.8895707848201625,0.0,0.0,0.9940102960085961,-0.006691331996157013
2012-03-05,0.0,0.0,0.0,0.0,0.11042921517983756,0.8895707848201625,0.0,0.0,0.9940102960085961,-0.006691331996157013
2012-03-06,0.0,0.0,0.0,0.0,0.11042921517983756,0.8895707848201625,0.0,0.0,0.9940102960085961,-0.006691331996157013
2012-03-07,0.0,0.0,0.0,0.0,0.11042921517983756,0.8895707848201625,0.0,0.0,0.9940102960085961,-0.006691331996157013
2012-03-08,0.0,0.0,0.0,0.0,0.11042921517983756,0.8895707848201625,0.0,0.0,0.9940102960085961,-0.006691331996157013
2012-03-09,0.0,0.0,0.0,0.0,0.11042921517983756,0.8895707848201625,0.0,0.0,0.9940102960085961,-0.006691331996157013
2012-03-12,0.0,0.0,0.0,0.0,0.11042921517983756,0.8895707848201625,0.0,0.0,0.9940102960085961,-0.006691331996157013
2012-03-13,0.0,0.0,0.0,0.0,0.11042921517983756,0.8895707848201625,0.0,0.0,0.9940102960085961,-0.006691331996157013
2012-03-14,0.0,0.0,0.0,0.0,0.11042921517983756,0.8895707848201625,0.0,0.0,0.9940102960085961,-0.006691331996157013
2012-03-15,0.0,0.0,0.0,0.0,0.11042921517983756,0.8895707848201625,0.0,0.0,0.9940102960085961,-0.006691331996157013
2012-03-16,0.0,0.0,0.0,0.0,0.11042921517983756,0.8895707848201625,0.0,0.0,0.9940102960085961,-0.006691331996157013
2012-03-19,0.0,0.0,0.0,0.0,0.11042921517983756,0.8895707848201625,0.0,0.0,0.9940102960085961,-0.006691331996157013
2012-03-20,0.0,0.0,0.0,0.0,0.11042921517983756,0.8895707848201625,0.0,0.0,0.9940102960085961,-0.006691331996157013
2012-03-21,0.0,0.0,0.0,0.0,0.11042921517983756,0.8895707848201625,0.0,0.0,0.9940102960085961,-0.006691331996157013
2012-03-22,0.0,0.0,0.0,0.0,0.11042921517983756,0.8895707848201625,0.0,0.0,0.9940102960085961,-0.006691331996157013
2012-03-23,0.0,0.0,0.0,0.0,0.11042921517983756,0.8895707848201625,0.0,0.0,0.9940102960085961,-0.006691331996157013
2012-03-26,0.0,0.0,0.0,0.0,0.11136355976419854,0.8886364402358015,0.0,0.0,0.9940102960085961,-0.006691331996157013
2012-03-27,0.0,0.0,0.0,0.0,0.03571334951461512,0.964286650485385,0.0,0.0,0.9940102960085961,-0.006691331996157013
2012-03-28,0.0,0.0,0.0,0.0,0.02607486834288459,0.9739251316571154,0.0,0.0,0.9940102960085961,-0.006691331996157013
2012-03-29,0.0,0.0,0.0,0.0,1.0,0.0,0.0,0.0,0.9940102960085961,-0.006691331996157013
2012-03-30,0.0,0.0,0.0,0.0,1.0,0.0,0.0,0.0,0.9940102960085961,-0.006691331996157013
2012-04-02,0.0,0.0,0.0,0.0,1.0,0.0,0.0,0.0,0.9940102960085961,-0.006691331996157013
2012-04-03,0.0,0.0,0.0,0.0,1.0,0.0,0.0,0.0,0.9940102960085961,-0.006691331996157013
2012-04-04,0.0,0.0,0.0,0.0,1.0,0.0,0.0,0.0,0.9940102960085961,-0.006691331996157013
2012-04-05,0.0,0.0,0.0,0.0,1.0,0.0,0.0,0.0,0.9940102960085961,-0.006691331996157013
2012-04-09,0.0,0.0,0.0,0.0,0.15741307651852637,0.8425869234814736,0.0,-1.9890451579696814e-05,0.9939905246949337,-0.00671108935412168
2012-04-10,0.0,0.0,0.0,0.0,0.15741743637247918,0.8425825636275208,0.0,-0.0001571840922218042,0.9938342851966324,-0.006867218569855504
2012-04-11,0.0,0.0,0.0,0.0,0.16273060316191112,0.8372693968380889,0.0,-0.0013714127143648162,0.9924713282219421,-0.008229213493361365
2012-04-12,0.0,0.0,0.0,0.0,0.16650803343709714,0.8334919665629029,0.0,-0.000833491966562903,0.991644111342825,-0.009055846476586416
2012-04-13,0.0,0.0,0.0,0.0,0.17051745231806975,0.8294825476819303,0.0,0.0,0.991644111342825,-0.009055846476586416
2012-04-16,0.0,0.0,0.0,0.0,0.17258145166419386,0.8274185483358061,0.0,0.0,0.991644111342825,-0.009055846476586416
2012-04-17,0.0,0.0,0.0,0.0,0.17357910292396297,0.826420897076037,0.0,0.0,0.991644111342825,-0.009055846476586416
2012-04-18,0.0,0.0,0.0,0.0,0.1896071764929972,0.8103928235070027,0.0,0.0,0.991644111342825,-0.009055846476586416
2012-04-19,0.0,0.0,0.0,0.0,0.19312883170930673,0.8068711682906933,0.0,0.0,0.991644111342825,-0.009055846476586416
2012-04-20,0.0,0.0,0.0,0.0,0.19449721338299675,0.8055027866170033,0.0,0.0,0.991644111342825,-0.009055846476586416
2012-04-23,0.0,0.0,0.0,0.0,0.19459397546368268,0.8054060245363173,0.0,0.0,0.991644111342825,-0.009055846476586416
2012-04-24,0.0,0.0,0.0,0.0,0.1970523245124472,0.8029476754875529,0.0,0.0,0.991644111342825,-0.009055846476586416
2012-04-25,0.0,0.0,0.0,0.0,0.19708147929427308,0.8029185207057269,0.0,0.0,0.991644111342825,-0.009055846476586416
2012-04-26,0.0,0.0,0.0,0.0,0.19804799595023273,0.8019520040497672,0.0,0.0,0.991644111342825,-0.009055846476586416
2012-04-27,0.0,0.0,0.0,0.0,0.1981358929908774,0.8018641070091226,0.0,0.0,0.991644111342825,-0.009055846476586416
2012-04-30,0.0,0.0,0.0,0.0,0.20678708254312964,0.7932129174568703,0.0,0.0,0.991644111342825,-0.009055846476586416
2012-05-01,0.0,0.0,0.0,0.0,0.21359123667883242,0.7864087633211675,0.0,0.0,0.991644111342825,-0.009055846476586416
2012-05-02,0.0,0.0,0.0,0.0,0.2135345879762251,0.786465412023775,0.0,0.0,0.991644111342825,-0.009055846476586416
2012-05-03,0.0,0.0,0.0,0.0,0.22586009886395492,0.774139901136045,0.0,0.0,0.991644111342825,-0.009055846476586416
2012-05-04,0.9742813103443678,0.0,0.0,0.0,0.006032757803305794,0.019685931852326335,0.0,0.005980098189964887,0.9975742404981557,-0.0031299031377446385
2012-05-07,0.47118738385287934,0.0,0.0,0.0,0.12439618969092897,0.4044164264561918,0.0,-0.00047118738385287936,0.9971041961015763,-0.003599615750726426
2012-05-08,0.34021036249969777,0.0,0.27052962734463315,0.0,0.0926403596929843,0.29661965046268474,0.0,-0.00044013502855136486,0.9966653356177565,-0.004038166462296489
2012-05-09,0.3417540176290755,0.0,0.2669982168722776,0.0,0.0932822464341164,0.2979655190645306,0.0,-0.0008754302474032223,0.9957928246364184,-0.00491006157663465
2012-05-10,0.3462779224387162,0.0,0.25204857008821624,0.0,0.09976372564857082,0.3019097818244966,0.0,-0.0010170433133644674,0.9947800602026255,-0.005922111144704423
2012-05-11,0.35392247001443766,0.0,0.23537770021214938,0.0,0.10212498632881993,0.3085748434445932,0.0,0.000202488403217687,0.9949814916285687,-0.0057208219003160865
2012-05-14,0.3531827099106652,0.0,0.23326198110405416,0.0,0.1056254411428266,0.30792986784245396,0.0,-1.956033841013479e-05,0.9949620294538807,-0.0057402703375138975
2012-05-15,0.3525299734588561,0.0,0.2328807772152655,0.0,0.10722848366113946,0.30736076566473874,0.0,0.00014199661193232615,0.9951033106910644,-0.005599088824521092
2012-05-16,0.35134552003720465,0.0,0.23118953065878597,0.0,0.11113687458183381,0.30632807472217555,0.0,-0.0024749725694734755,0.9926404572933117,-0.008060203802739863
2012-05-17,0.37275822720585194,0.0,0.16489873935334323,0.0,0.1373458339184414,0.32499719952236333,0.0,0.0007517945603974827,0.9933867189895352,-0.007314468859717094
2012-05-18,0.37624025304291886,0.0,0.15693618037803686,0.0,0.13879048866925014,0.32803307790979414,0.0,0.0015312681653072235,0.9949078604481629,-0.005794401107720892
2012-05-21,0.37408163817143875,0.0,0.12925326242124105,0.0,0.1705140558481482,0.3261510435591721,0.0,-0.0012002184241593189,0.9937137537037122,-0.006987664984913655
2012-05-22,0.3630631136134479,0.0,0.11889147385145359,0.0,0.20150110428813695,0.31654430824696167,0.0,-0.002804535697696044,0.9909268480081587,-0.009772603526715828
2012-05-23,0.3451540969919432,0.0,0.10147804117394058,0.0,0.2524379111610094,0.3009299506731067,0.0,-0.0020068320448742845,0.9889382242554496,-0.011759823597670915
2012-05-24,0.3672394176402179,0.0,0.10793787368557188,0.0,0.20463720081314937,0.3201855078610608,0.0,0.00047537842981663225,0.9894083441556818,-0.011290035534331055
2012-05-25,0.37002402841065246,0.0,0.1087576393032158,0.0,0.1986050022172695,0.3226133300688622,0.0,5.245164904918025e-05,0.9894602402549159,-0.011238176066263428
2012-05-29,0.37134991427774505,0.0,0.1085493230019928,0.0,0.196331430819002,0.32376933190126017,0.0,-0.0019799592024038644,0.9875011493468103,-0.013195884138546665
2012-05-30,0.38490590118894474,0.0,0.11170664549935393,0.0,0.1677990455018394,0.33558840780986177,0.0,0.0009091065263213072,0.9883988930864314,-0.012298774076616281
2012-05-31,0.3907066118704865,0.0,0.09941478639789127,0.0,0.16923272076852686,0.3406458809630953,0.0,0.0005218336215136587,0.9889146728603107,-0.011783358368919306
2012-06-01,0.39320423847104014,0.0,0.09434570800100615,0.0,0.16962656361785539,0.3428234899100984,0.0,-0.0005455789620176124,0.9883751418195675,-0.012322508578508917
2012-06-04,0.3971628533978652,0.0,0.09416520022469148,0.0,0.1623970537314501,0.3462748926459932,0.0,0.0005860692416956212,0.9889543980894446,-0.01174366118007164
2012-06-05,0.40208077481830223,0.0,0.0946401240676477,0.0,0.1527164139340668,0.3505626871799833,0.0,0.00018506601895367707,0.9891374199428259,-0.011560768513740327
2012-06-06,0.4058791332419764,0.0,0.0902294374604489,0.0,0.15001706242716686,0.35387436687040785,0.0,-0.0018120917548604546,0.9873450121797236,-0.013351911095297098
2012-06-07,0.41358975496058403,0.0,0.09096975887570963,0.0,0.13484344952445668,0.3605970366392495,0.0,-0.0015041596432006743,0.9858598876584873,-0.014835987332668776
2012-06-08,0.4172054580664565,0.0,0.0897587142458935,0.0,0.12928636328705706,0.36374946440059286,0.0,0.00032477329741759217,0.986180068624994,-0.014516032367777543
2012-06-11,0.41752304674689994,0.0,0.08956044646632384,0.0,0.12889014593102568,0.36402636085575046,0.0,-0.0014150992103919959,0.9847845259885785,-0.015910589952227827
2012-06-12,0.422675287907475,0.0,0.09063685622957329,0.0,0.11816940381714962,0.36851845204580225,0.0,0.0004165987446861614,0.9851947859858917,-0.015500619539342897
2012-06-13,0.4240480735240648,0.0,0.0908901945154099,0.0,0.11534638753683896,0.36971534442368637,0.0,0.0006752336322529798,0.9858600226397097,-0.014835852446723585
2012-06-14,0.42503722247807557,0.0,0.08922494081940922,0.0,0.11516008169603999,0.3705777550064753,0.0,0.00015220651639998202,0.9860100769594137,-0.01468590404374237
2012-06-15,0.4254058778317838,0.0,0.08927419502528294,0.0,0.11442075211457904,0.37089917502835434,0.0,-0.0016612916759050319,0.9843720266262025,-0.016322798149506434
2012-06-18,0.4300536362405277,0.0,0.08945076566662011,0.0,0.10554417590627706,0.374951422186575,0.0,-0.0009477884822259277,0.9834390501571408,-0.017255116071648535
2012-06-19,0.43198355472020367,0.0,0.08531963881995747,0.0,0.10606274374269078,0.3766340627171481,0.0,-0.0006120071026681943,0.9828371784734035,-0.017856562920723462
2012-06-20,0.43235705865514606,0.0,0.08447996518568036,0.0,0.10620326608133063,0.3769597100778429,0.0,-0.0022401690190511823,0.9806354570754157,-0.020056730220732955
2012-06-21,0.43969218728858583,0.0,0.08486517503246671,0.0,0.09208763947594738,0.3833549982030001,0.0,0.001220084870827348,0.9818319155603902,-0.01886111626300624
2012-06-22,0.4421841887824457,0.0,0.08099100068039382,0.0,0.09129710775623369,0.3855277027809268,0.0,-0.0007862799275712925,0.9810599208329361,-0.01963256607344832
2012-06-25,0.4477370811717102,0.0,0.07291810515225242,0.0,0.08897570339811832,0.39036911027791915,0.0,0.0015655079696210725,0.9825957779576759,-0.018097793042479382
2012-06-26,0.45092614641543066,0.0,0.06869213601452587,0.0,0.08723215283757803,0.3931495647324654,0.0,-0.0009487487622647855,0.9816635414295319,-0.019029371545995377
2012-06-27,0.4516363037884887,0.0,0.06795090567008329,0.0,0.08664405997808611,0.393768730563342,0.0,-0.00046624663751028807,0.981205844104174,-0.019486745803008465
2012-06-28,0.45177713919688767,0.0,0.0679582607009417,0.0,0.086373079188455,0.39389152091371565,0.0,-0.0011994914925057298,0.9800288960417741,-0.020662863109706775
2012-06-29,0.4548946971381019,0.0,0.06835175764702812,0.0,0.08014391501128532,0.39660963020358464,0.0,0.0016474489039733898,0.9816434435724203,-0.01904945521691659
2012-07-02,0.46186256926729,0.0,0.06920079524262217,0.0,0.0662519175665332,0.4026847179235547,0.0,-0.000958315778197508,0.9807027191718807,-0.01998951560161366
2012-07-03,0.2193575758607638,0.0,0.03242764252935819,0.0,0.03122954514113133,0.7169852364687466,0.0,0.00033205368603757464,0.9810283651246888,-0.0196640995079137
2012-07-05,0.2196657930025041,0.0,0.03247998819733188,0.0,0.030029274429398137,0.7178249443707658,0.0,5.3486169329239536e-05,0.9810808365739427,-0.019611665095940367
2012-07-06,0.21928335228897342,0.0,0.032423440158186274,0.0,0.029930539600423658,0.7183626679524165,0.0,-0.0002860002038012062,0.9808002472547371,-0.019892056359527288
2012-07-09,0.1329561053616617,0.0,0.019659013239538652,0.0,0.01783369258679243,0.8295511888120073,0.0,0.00020248555559296416,0.9809988451377282,-0.01969359865801823
2012-07-10,0.7827849043349903,0.0,0.11574330307113503,0.0,0.10147179259387476,0.0,0.0,-0.00021717661113459185,0.9807857951330142,-0.019906498280135132
2012-07-11,0.7827999302545169,0.0,0.11574552481755358,0.0,0.10145454492792959,0.0,0.0,0.0005945847220917065,0.9813689553824448,-0.019323749657791156
2012-07-12,0.7835592304459615,0.0,0.11585779564916218,0.0,0.10058297390487633,0.0,0.0,-3.2523344253294924e-05,0.9813370379820694,-0.019355644529082117
2012-07-13,0.7835523195692076,0.0,0.11585677380050592,0.0,0.10059090663028662,0.0,0.0,-0.0001499001477799869,0.981189935415054,-0.019502643262886865
2012-07-16,0.78354920444145,0.0,0.11585631319482212,0.0,0.10059448236372792,0.0,0.0,0.0005010586247973175,0.981681569094758,-0.019011356605702745
2012-07-17,0.7840962970750378,0.0,0.11593720681980986,0.0,0.09996649610515239,0.0,0.0,-0.00024646031745452,0.9814396235435996,-0.019253131378172972
2012-07-18,0.7841353348097319,0.0,0.11594297897552323,0.0,0.09992168621474486,0.0,0.0,1.8468683202807272e-05,0.9814577494410894,-0.01923501827495433
2012-07-19,0.7841406669859777,0.0,0.11594376739605591,0.0,0.09991556561796637,0.0,0.0,0.001237868014054856,0.9826726645962688,-0.01802096067477188
2012-07-20,0.7868320419605678,0.0,0.11634171659977324,0.0,0.09682624143965893,0.0,0.0,-0.0007247922595825536,0.9819604310552661,-0.018732691481547104
2012-07-23,0.7875253377994199,0.0,0.11644422796649714,0.0,0.09603043423408299,0.0,0.0,-9.603043423408299e-05,0.9818661329686711,-0.018826923007283836
2012-07-24,0.7875194409822726,0.0,0.11644335605763627,0.0,0.0960372029600912,0.0,0.0,-0.00038785444187269347,0.9814853118276748,-0.01920747534344136
2012-07-25,0.7876523861957732,0.0,0.11629419830919725,0.0,0.09605341549502952,0.0,0.0,-0.0005403245533964681,0.9809549912148964,-0.01973742162630099
2012-07-26,0.7879791239151618,0.0,0.11592761525388595,0.0,0.09609326083095227,0.0,0.0,0.001157200341673743,0.9820901526658968,-0.018603061435676915
2012-07-27,0.7908947780378263,0.0,0.11265640004641764,0.0,0.0964488219157561,0.0,0.0,-0.00023295144761326843,0.9818613733431466,-0.01883167927319873
2012-07-30,0.7909119649334139,0.0,0.11263711722621671,0.0,0.09645091784036938,0.0,0.0,-0.00011263711722621672,0.9817507793085375,-0.018942195244359028
2012-07-31,0.7909918089374978,0.0,0.11260465808140017,0.0,0.09640353298110198,0.0,0.0,0.0,0.9817507793085375,-0.018942195244359028
2012-08-01,0.8231804109481805,0.0,0.01879324377755282,0.0,0.01608934414615004,0.14193700112811666,0.0,0.00023862475534720205,0.9819850493480619,-0.018708090565717872
2012-08-02,0.0,0.0,0.11064899941050524,0.0,0.09350123539982563,0.7958497651896691,0.0,0.004221867381743946,0.9861308599972647,-0.014565206261307972
2012-08-03,0.0,0.0,0.13708450388139223,0.0,0.11583314088894069,0.747082355229667,0.0,-0.0028500399559329105,0.9833203476444939,-0.017373734797429763
2012-08-06,0.0,0.0,0.1493591767899564,0.0,0.12599473390725646,0.7246460893027872,0.0,-0.0010059014898695204,0.9823312242417793,-0.018362160021581975
2012-08-07,0.0,0.0,0.07166487356889227,0.0,0.06027125827301987,0.3416110111978438,0.526452856960244,-0.006862972889624918,0.9755895116811759,-0.02509911390478392
2012-08-08,0.0,0.0,0.10121350267519451,0.0,0.08507989524648552,0.3351043249072886,0.47860227717103143,0.001721120911863052,0.9772686191911246,-0.023421191602731595
2012-08-09,0.0,0.0,0.1033611154292251,0.0,0.08688751287267749,0.32167274032681836,0.48807863137127894,-0.003079664031149467,0.9742589601758306,-0.02642872623253556
2012-08-10,0.0,0.0,0.10778106359602423,0.0,0.09057461568450462,0.31412459065125264,0.4875197300682185,-0.0009574775189615106,0.9733261291238154,-0.027360898840274483
2012-08-13,0.0,0.0,0.11121910949143184,0.0,0.09077942086273436,0.30924299904539226,0.4887584706004415,0.0004046755120983567,0.9737200103735573,-0.026967295613925857
2012-08-14,0.0,0.0,0.11222648636684251,0.0,0.09092354721541411,0.30968908889698604,0.48716087752075726,-0.00021477470932576603,0.9735108799413646,-0.027176278430174894
2012-08-15,0.0,0.0,0.11751594661291533,0.0,0.09213948453463014,0.3065553866633107,0.4837891821891439,-0.00018975195235869857,0.9733261543512534,-0.027360873630643545
2012-08-16,0.0,0.0,0.12186509005982947,0.0,0.09463491947788982,0.30347281291455297,0.48002717754772783,-0.003531418306485296,0.9698889325515964,-0.030795669247108193
2012-08-17,0.0,0.0,0.13254977008519522,0.0,0.10126853920898034,0.31638937820061236,0.44979231250521207,-0.0020381193969301273,0.9679121831052951,-0.03277102339320437
2012-08-20,0.0,0.0,0.13521157197213535,0.0,0.10430635120124848,0.32240605045189563,0.43807602637472054,0.0006601933148783288,0.9685511922579706,-0.03213246528889191
2012-08-21,0.0,0.0,0.135867256831698,0.0,0.10503005246884506,0.3239518977036879,0.4351507929957691,0.001385034409683438,0.9698926689867878,-0.030791935449301477
2012-08-22,0.0,0.0,0.1384504912863081,0.0,0.10692451916856603,0.32946503179773345,0.4251599577473925,0.0005961839696836266,0.9704709034483513,-0.030214109137928324
2012-08-23,0.0,0.0,0.13908876616444166,0.0,0.10851064982292571,0.33006835747509383,0.4223322265375387,-0.0012941674673007035,0.9692149515771465,-0.03146917448812925
2012-08-24,0.0,0.0,0.1464448892913154,0.0,0.10891267005417243,0.3310963318079551,0.413546108846557,-2.4262441925545795e-05,0.9691914360556705,-0.031492673411036454
2012-08-27,0.0,0.0,0.15023591789724575,0.0,0.10846479560496469,0.3295931457548107,0.4117061407429789,0.0018218309139586887,0.9709571389754207,-0.02972821682306115
2012-08-28,0.0,0.0,0.154963218500918,0.0,0.11161585098570506,0.3373347703139449,0.3960861601994321,0.0028078379227189677,0.9736834292515706,-0.027003850914912864
2012-08-29,0.0,0.0,0.16269890500806566,0.0,0.11769335010452252,0.353136000719571,0.3664717441678408,-0.0011106280209438571,0.9726020291515151,-0.028084487702357164
2012-08-30,0.0,0.0,0.16916176065844213,0.0,0.11803328677462988,0.3528869624092002,0.35991799015772785,0.0028855946127749987,0.9754085643272088,-0.025279933535998556
2012-08-31,0.0,0.0,0.17651067801710996,0.0,0.12492877038843259,0.3662925299835503,0.33226802161090707,0.0009845939339615092,0.9763689456827794,-0.024320230071247617
2012-09-04,0.0,0.0,0.17911256547287324,0.0,0.1263951132870707,0.3665296812240771,0.3279626400159791,0.0029740167302788677,0.9792726832621649,-0.021418542112084715
2012-09-05,0.0,0.0,0.18594142616524878,0.0,0.1308697890352609,0.37939972345702816,0.30378906134246214,0.0032395247859171223,0.9824450613917642,-0.018248403224217946
2012-09-06,0.0,0.0,0.1917980023831273,0.0,0.1384873542109775,0.39138830139830316,0.27832634200759204,-0.0002828603053577781,0.9821671666817018,-0.01852610178066738
2012-09-07,0.0,0.0,0.1917708118737351,0.0,0.13908494676351532,0.39133473531339974,0.2778095060493499,-0.0009267350095522658,0.9812569579831051,-0.01943566800310892
2012-09-10,0.0,0.0,0.19539893532864172,0.0,0.1391106739421238,0.3912632284862508,0.27422716224298366,-0.0007327847762364924,0.9805379078227189,-0.020154210617716828
2012-09-11,0.0,0.0,0.19577786133649894,0.0,0.1395401514617065,0.3920931926132148,0.27258879458857965,0.0007583448916880409,0.9812814937362228,-0.019411149568696717
2012-09-12,0.0,0.0,0.1961165687335018,0.0,0.1436043712543404,0.39042100986697625,0.2698580501451815,-0.0014599235283266868,0.9798488977956057,-0.020842734303056165
2012-09-13,0.0,0.0,0.20534281197956103,0.0,0.14332901076924687,0.3896429644532589,0.26168521279793316,-0.0020625597828683334,0.9778279008657247,-0.02286230470038597
2012-09-14,0.0,0.0,0.2101661109731988,0.0,0.14504655023737492,0.39394159369790344,0.25084574509152285,-0.0010738087605475703,0.9767779006994672,-0.023911563717859963
2012-09-17,0.0,0.0,0.2109188420802796,0.0,0.15567391313383905,0.389159845445168,0.24424739934071335,0.0014829382545106574,0.9782264020145751,-0.022464084835911557
2012-09-18,0.0,0.0,0.2234763750907942,0.0,0.15489622302604347,0.3858721387200187,0.2357552631631437,-0.0009645590069272408,0.9772828449276979,-0.023406975907477978
2012-09-19,0.0,0.0,0.27253549919486525,0.0,0.14742258723880955,0.3617442414644986,0.21829767210182674,-4.739441438084521e-05,0.9772365271795781,-0.023453260961943334
2012-09-20,0.0,0.0,0.33082338093125135,0.0,0.1368862593462607,0.3319693492664423,0.20032101045604564,0.0012781112358312915,0.9784855441650311,-0.02220512560246435
2012-09-21,0.0,0.0,0.3539985226171588,0.0,0.13433304060507928,0.322363504725672,0.18930493205208995,-0.00036599922125000995,0.9781274192178623,-0.02256299776503612
2012-09-24,0.0,0.0,0.35509534922560737,0.0,0.13491331037000104,0.3216403273665426,0.18835101303784887,-5.804370060197538e-05,0.9780706450827905,-0.022619731825751277
2012-09-25,0.0,0.0,0.3520026637333891,0.0,0.14542807784411718,0.3169717397750879,0.18559751864740567,-0.0005918920679266249,0.9774917328260941,-0.023198235453831595
2012-09-26,0.0,0.0,0.34321996895157203,0.0,0.1842003814350233,0.2988294841757299,0.17375016543767463,0.0007094556515151267,0.9781852198602569,-0.022505237921564447
2012-09-27,0.0,0.0,0.3813691997636404,0.0,0.17842226520881777,0.2794202602383203,0.16078827478922147,-0.0008965743390215627,0.97730820409332,-0.023381634641771898
2012-09-28,0.0,0.0,0.3752848133803463,0.0,0.19614275727343677,0.2740200171997267,0.1545524121464902,0.0013673044972329796,0.9786444819959593,-0.022046299958737414
2012-10-01,0.0,0.0,0.3776731778680791,0.0,0.19788423950748918,0.2757639185106078,0.148678664113824,0.0006427931278279959,0.979273547943573,-0.02141767804101702
2012-10-02,0.0,0.0,0.3699653515162703,0.0,0.21562163530777237,0.2701359297559588,0.14427708341999854,0.0007719661046722161,0.9800295139297874,-0.020662245657833367
2012-10-03,0.0,0.0,0.355384071234227,0.0,0.2484529705008432,0.2594891821892511,0.13667377607567868,0.00042686133217079494,0.9804478506336701,-0.02024420423936979
2012-10-04,0.0,0.0,0.35474297084326123,0.0,0.2503568210340248,0.25902107281233067,0.13587913531038334,-0.0007503565448561814,0.979712165172057,-0.020979370413079623
2012-10-05,0.0,0.0,0.3498654224995082,0.0,0.2630447018162328,0.25545965536778,0.13163022031647906,0.00023740686183423758,0.9799447555626913,-0.02074694419773837
2012-10-08,0.0,0.0,0.34988631051900765,0.0,0.2631457951271993,0.25547490707863646,0.13149298727515654,3.165260722575438e-05,0.9799757733691421,-0.020715948285388364
2012-10-09,0.0,0.0,0.3494055597847365,0.0,0.26415164322135437,0.2551238794863202,0.13131891750758903,0.0008345412609603245,0.9807936035867602,-0.019898695338032124
2012-10-10,0.0,0.0,0.3452658530961794,0.0,0.27517642915383983,0.2521012085506579,0.12745650919932283,0.000661631581423131,0.981442527609751,-0.019250229361873705
2012-10-11,0.0,0.0,0.34432487687436203,0.0,0.2785154475231488,0.2514141401927235,0.12574553540976574,-0.0001629374569062212,0.9812826138602027,-0.01941003023536292
2012-10-12,0.0,0.0,0.3443854112544679,0.0,0.27857073325119963,0.2514583403076399,0.12558551518669242,-8.856523365123747e-05,0.9811957063362283,-0.019496876415151077
2012-10-15,0.0,0.0,0.27289685572622047,0.0,0.42838434711862944,0.1992598645979914,0.0994589325571586,-0.0002579771823797829,0.9809425802325445,-0.01974982384828805
2012-10-16,0.0,0.0,0.07183137854909596,0.0,0.8496550836423731,0.05244879324641003,0.02606474456212078,-0.00012873960351294706,0.9808162940736965,-0.01987602086730922
2012-10-17,0.0,0.0,0.4788811897868476,0.0,0.0,0.349662515464021,0.17145629474913138,-0.00030336122896712346,0.9805187524373353,-0.020173352482159124
2012-10-18,0.0,0.0,0.48961218946799234,0.0,0.0,0.3426899905684337,0.167697819963574,-0.000167697819963574,0.9803543215801181,-0.02033766727489006
2012-10-19,0.0,0.0,0.5139257208812027,0.0,0.0,0.32644682498099187,0.15962745413780546,0.0,0.9803543215801181,-0.02033766727489006
2012-10-22,0.0,0.0,0.8266429618357145,0.0,0.0,0.11642635113183697,0.05693068703244851,0.0,0.9803543215801181,-0.02033766727489006
2012-10-23,0.0,0.0,0.9158227986606914,0.0,0.0,0.05653329397066713,0.027643907368641737,0.0,0.9803543215801181,-0.02033766727489006
2012-10-24,0.0,0.0,0.0,0.0,0.0,0.671598640382302,0.32840135961769795,0.0,0.9803543215801181,-0.02033766727489006
2012-10-25,0.0,0.0,0.0,0.0,0.0,0.6886145354281245,0.3113854645718755,0.0,0.9803543215801181,-0.02033766727489006
2012-10-26,0.0,0.0,0.0,0.0,0.0,0.6906312486918759,0.3093687513081241,0.0,0.9803543215801181,-0.02033766727489006
2012-10-31,0.0,0.0,0.0,0.0,0.0,0.7079187089547909,0.2920812910452091,0.0,0.9803543215801181,-0.02033766727489006
2012-11-01,0.0,0.0,0.0,0.0,0.0,0.7143077752078026,0.2856922247921973,0.0,0.9803543215801181,-0.02033766727489006
2012-11-02,0.0,0.0,0.0,0.0,0.0,0.7110493881635455,0.28895061183645443,0.0,0.9803543215801181,-0.02033766727489006
2012-11-05,0.0,0.0,0.0,0.0,0.0,0.7649443494083323,0.23505565059166755,0.0,0.9803543215801181,-0.02033766727489006
2012-11-06,0.0,0.0,0.0,0.0,0.0,0.7915593946232352,0.20844060537676481,0.0,0.9803543215801181,-0.02033766727489006
2012-11-07,0.0,0.0,0.0,0.0,0.0,0.8229214526807542,0.1770785473192458,0.0,0.9803543215801181,-0.02033766727489006
2012-11-08,0.0,0.0,0.0,0.0,0.0,0.8347180806146914,0.16528191938530856,0.0,0.9803543215801181,-0.02033766727489006
2012-11-09,0.0,0.0,0.0,0.0,0.0,0.8349323675360438,0.16506763246395614,0.0,0.9803543215801181,-0.02033766727489006
2012-11-12,0.0,0.0,0.0,0.0,0.0,0.8553895315940213,0.14461046840597877,0.0,0.9803543215801181,-0.02033766727489006
2012-11-13,0.0,0.0,0.0,0.0,0.0,0.9094669340345309,0.09053306596546913,0.0,0.9803543215801181,-0.02033766727489006
2012-11-14,0.0,0.0,0.0,0.0,0.0,0.9685503862820528,0.03144961371794724,0.0,0.9803543215801181,-0.02033766727489006
2012-11-15,0.0,0.0,0.0,0.0,0.0,0.0,1.0,0.0,0.9803543215801181,-0.02033766727489006
2012-11-16,0.0,0.0,0.0,0.0,0.0,0.0,1.0,0.0,0.9803543215801181,-0.02033766727489006
2012-11-19,0.0,0.0,0.0,0.0,0.0,0.0,1.0,0.0,0.9803543215801181,-0.02033766727489006
2012-11-20,0.0,0.0,0.0,0.0,0.0,0.0,1.0,0.0,0.9803543215801181,-0.02033766727489006
2012-11-21,0.0,0.0,0.0,0.0,0.0,0.0,1.0,0.0,0.9803543215801181,-0.02033766727489006
2012-11-23,0.0,0.0,0.0,0.0,0.0,0.0,1.0,0.0,0.9803543215801181,-0.02033766727489006
2012-11-26,0.0,0.0,0.0,0.0,0.0,0.0,1.0,0.0,0.9803543215801181,-0.02033766727489006
2012-11-27,0.0,0.0,0.0,0.0,0.0,0.0,1.0,0.0,0.9803543215801181,-0.02033766727489006
2012-11-28,0.0,0.0,0.0,0.0,0.0,0.0,1.0,0.0,0.9803543215801181,-0.02033766727489006
2012-11-29,0.0,0.0,0.0,0.0,0.0,0.0,1.0,0.0,0.9803543215801181,-0.02033766727489006
2012-11-30,0.0,0.0,0.0,0.0,0.0,0.0,1.0,0.0,0.9803543215801181,-0.02033766727489006
2012-12-03,0.0,0.0,0.0,0.0,0.0,0.0,1.0,0.0,0.9803543215801181,-0.02033766727489006
2012-12-04,0.0,0.0,0.0,0.0,0.0,0.0,1.0,0.0,0.9803543215801181,-0.02033766727489006
2012-12-05,0.0,0.0,0.0,0.0,0.0,0.0,1.0,0.0,0.9803543215801181,-0.02033766727489006
2012-12-06,0.0,0.0,0.0,0.0,0.0,0.0,1.0,0.0,0.9803543215801181,-0.02033766727489006
2012-12-07,0.0,0.0,0.0,0.0,0.0,0.0,1.0,0.0,0.9803543215801181,-0.02033766727489006
2012-12-10,0.0,0.0,0.0,0.0,0.0,0.0,1.0,0.0,0.9803543215801181,-0.02033766727489006
2012-12-11,0.9430494916707614,0.0,0.0,0.0,0.0,0.0,0.05695050832923871,-0.0009430494916707611,0.9794297989354948,-0.021261537339775538
2012-12-12,0.9265421518106414,0.0,0.0,0.0,0.0,0.0,0.07345784818935865,0.0,0.9794297989354948,-0.021261537339775538
2012-12-13,0.9249061591903441,0.0,0.0,0.0,0.0,0.0,0.07509384080965592,0.0,0.9794297989354948,-0.021261537339775538
2012-12-14,0.9219802590483758,0.0,0.0,0.0,0.0,0.0,0.0780197409516243,5.8893304530677924e-05,0.9794874807929099,-0.02120389619743812
2012-12-17,0.9200751804603483,0.0,0.0,0.0,0.0,0.0,0.07992481953965165,-0.003264732274462887,0.976289716401933,-0.02439940342764091
2012-12-18,0.8331128831337333,0.0,0.0,0.0,0.0,0.0,0.16688711686626675,-0.0008331128831337334,0.9754763568615276,-0.025212188853438233
2012-12-19,0.8217831079026113,0.0,0.0,0.0,0.0,0.0,0.17821689209738864,-0.0014939550247349406,0.9740190390566842,-0.026668478001951046
2012-12-20,0.8082617146312737,0.0,0.0,0.0,0.0,0.0,0.19173828536872628,0.001124043241390459,0.9751138785745214,-0.025574411283016962
2012-12-21,0.7989639484744189,0.0,0.0,0.0,0.0,0.0,0.2010360515255811,-0.0007989639484744189,0.9743347977398832,-0.026352942198872853
2012-12-24,0.7931943775364756,0.0,0.0,0.0,0.0,0.0,0.20680562246352435,0.0,0.9743347977398832,-0.026352942198872853
2012-12-26,0.7892555772407815,0.0,0.0,0.0,0.0,0.0,0.21074442275921842,0.0,0.9743347977398832,-0.026352942198872853
2012-12-27,0.7792355388875831,0.0,0.0,0.0,0.0,0.0,0.22076446111241688,0.0,0.9743347977398832,-0.026352942198872853
2012-12-28,0.7500986795541748,0.0,0.0,0.0,0.0,0.0,0.24990132044582536,0.0,0.9743347977398832,-0.026352942198872853
2012-12-31,0.7410084584477505,0.0,0.0,0.0,0.0,0.0,0.25899154155224957,0.0,0.9743347977398832,-0.026352942198872853
2013-01-02,0.7238725307155389,0.0,0.0,0.0,0.0,0.0,0.27612746928446097,0.0,0.9743347977398832,-0.026352942198872853
2013-01-03,0.7168173889726179,0.0,0.0,0.0,0.0,0.0,0.28318261102738196,0.0,0.9743347977398832,-0.026352942198872853
2013-01-04,0.6911297268391878,0.0,0.0,0.0,0.0,0.0,0.30887027316081217,0.0,0.9743347977398832,-0.026352942198872853
2013-01-07,0.6878811865706721,0.0,0.0,0.0,0.0,0.0,0.3121188134293279,0.0,0.9743347977398832,-0.026352942198872853
2013-01-08,0.6878165851810467,0.0,0.0,0.0,0.0,0.0,0.31218341481895334,0.0,0.9743347977398832,-0.026352942198872853
2013-01-09,0.6317916121584423,0.0,0.0,0.0,0.0,0.0,0.36820838784155774,0.0,0.9743347977398832,-0.026352942198872853
2013-01-10,0.559830480094873,0.0,0.0,0.0,0.0,0.0,0.44016951990512704,0.0,0.9743347977398832,-0.026352942198872853
2013-01-11,0.5556053962093846,0.0,0.0,0.0,0.0,0.0,0.4443946037906153,0.0,0.9743347977398832,-0.026352942198872853
2013-01-14,0.5546984087853021,0.0,0.0,0.0,0.0,0.0,0.4453015912146979,0.0,0.9743347977398832,-0.026352942198872853
2013-01-15,0.5304293675837825,0.0,0.0,0.0,0.0,0.0,0.46957063241621755,0.0,0.9743347977398832,-0.026352942198872853
2013-01-16,0.30102988585197893,0.0,0.0,0.0,0.0,0.0,0.6989701141480211,0.0,0.9743347977398832,-0.026352942198872853
2013-01-17,0.17591339776027407,0.0,0.0,0.0,0.0,0.0,0.824086602239726,0.0,0.9743347977398832,-0.026352942198872853
2013-01-18,1.0,0.0,0.0,0.0,0.0,0.0,0.0,0.0,0.9743347977398832,-0.026352942198872853
2013-01-22,1.0,0.0,0.0,0.0,0.0,0.0,0.0,0.0,0.9743347977398832,-0.026352942198872853
2013-01-23,1.0,0.0,0.0,0.0,0.0,0.0,0.0,0.0,0.9743347977398832,-0.026352942198872853
2013-01-24,1.0,0.0,0.0,0.0,0.0,0.0,0.0,0.0,0.9743347977398832,-0.026352942198872853
2013-01-25,1.0,0.0,0.0,0.0,0.0,0.0,0.0,0.0,0.9743347977398832,-0.026352942198872853
2013-01-28,1.0,0.0,0.0,0.0,0.0,0.0,0.0,0.0,0.9743347977398832,-0.026352942198872853
2013-01-29,1.0,0.0,0.0,0.0,0.0,0.0,0.0,0.0,0.9743347977398832,-0.026352942198872853
2013-01-30,1.0,0.0,0.0,0.0,0.0,0.0,0.0,0.0,0.9743347977398832,-0.026352942198872853
2013-01-31,1.0,0.0,0.0,0.0,0.0,0.0,0.0,0.0,0.9743347977398832,-0.026352942198872853
2013-02-01,1.0,0.0,0.0,0.0,0.0,0.0,0.0,0.0,0.9743347977398832,-0.026352942198872853
2013-02-04,1.0,0.0,0.0,0.0,0.0,0.0,0.0,0.0,0.9743347977398832,-0.026352942198872853
2013-02-05,1.0,0.0,0.0,0.0,0.0,0.0,0.0,0.0,0.9743347977398832,-0.026352942198872853
2013-02-06,1.0,0.0,0.0,0.0,0.0,0.0,0.0,0.0,0.9743347977398832,-0.026352942198872853
2013-02-07,1.0,0.0,0.0,0.0,0.0,0.0,0.0,0.0,0.9743347977398832,-0.026352942198872853
2013-02-08,1.0,0.0,0.0,0.0,0.0,0.0,0.0,0.0,0.9743347977398832,-0.026352942198872853
2013-02-11,1.0,0.0,0.0,0.0,0.0,0.0,0.0,0.0,0.9743347977398832,-0.026352942198872853
2013-02-12,1.0,0.0,0.0,0.0,0.0,0.0,0.0,0.0,0.9743347977398832,-0.026352942198872853
2013-02-13,1.0,0.0,0.0,0.0,0.0,0.0,0.0,0.0,0.9743347977398832,-0.026352942198872853
2013-02-14,1.0,0.0,0.0,0.0,0.0,0.0,0.0,0.0,0.9743347977398832,-0.026352942198872853
2013-02-15,1.0,0.0,0.0,0.0,0.0,0.0,0.0,0.0,0.9743347977398832,-0.026352942198872853
2013-02-19,1.0,0.0,0.0,0.0,0.0,0.0,0.0,0.0,0.9743347977398832,-0.026352942198872853
2013-02-20,1.0,0.0,0.0,0.0,0.0,0.0,0.0,0.0,0.9743347977398832,-0.026352942198872853
2013-02-21,1.0,0.0,0.0,0.0,0.0,0.0,0.0,0.0,0.9743347977398832,-0.026352942198872853
2013-02-22,1.0,0.0,0.0,0.0,0.0,0.0,0.0,0.0,0.9743347977398832,-0.026352942198872853
2013-02-25,1.0,0.0,0.0,0.0,0.0,0.0,0.0,0.0,0.9743347977398832,-0.026352942198872853
2013-02-26,1.0,0.0,0.0,0.0,0.0,0.0,0.0,0.0,0.9743347977398832,-0.026352942198872853
2013-02-27,1.0,0.0,0.0,0.0,0.0,0.0,0.0,0.0,0.9743347977398832,-0.026352942198872853
2013-02-28,1.0,0.0,0.0,0.0,0.0,0.0,0.0,0.0,0.9743347977398832,-0.026352942198872853
2013-03-01,1.0,0.0,0.0,0.0,0.0,0.0,0.0,0.0,0.9743347977398832,-0.026352942198872853
2013-03-04,1.0,0.0,0.0,0.0,0.0,0.0,0.0,0.0,0.9743347977398832,-0.026352942198872853
2013-03-05,1.0,0.0,0.0,0.0,0.0,0.0,0.0,0.0,0.9743347977398832,-0.026352942198872853
2013-03-06,1.0,0.0,0.0,0.0,0.0,0.0,0.0,0.0,0.9743347977398832,-0.026352942198872853
2013-03-07,1.0,0.0,0.0,0.0,0.0,0.0,0.0,0.0,0.9743347977398832,-0.026352942198872853
2013-03-08,1.0,0.0,0.0,0.0,0.0,0.0,0.0,0.0,0.9743347977398832,-0.026352942198872853
2013-03-11,1.0,0.0,0.0,0.0,0.0,0.0,0.0,0.0,0.9743347977398832,-0.026352942198872853
2013-03-12,1.0,0.0,0.0,0.0,0.0,0.0,0.0,0.0,0.9743347977398832,-0.026352942198872853
2013-03-13,1.0,0.0,0.0,0.0,0.0,0.0,0.0,0.0,0.9743347977398832,-0.026352942198872853
2013-03-14,1.0,0.0,0.0,0.0,0.0,0.0,0.0,0.0,0.9743347977398832,-0.026352942198872853
2013-03-15,1.0,0.0,0.0,0.0,0.0,0.0,0.0,0.0,0.9743347977398832,-0.026352942198872853
2013-03-18,1.0,0.0,0.0,0.0,0.0,0.0,0.0,0.0,0.9743347977398832,-0.026352942198872853
2013-03-19,1.0,0.0,0.0,0.0,0.0,0.0,0.0,0.0,0.9743347977398832,-0.026352942198872853
2013-03-20,1.0,0.0,0.0,0.0,0.0,0.0,0.0,0.0,0.9743347977398832,-0.026352942198872853
2013-03-21,1.0,0.0,0.0,0.0,0.0,0.0,0.0,0.0,0.9743347977398832,-0.026352942198872853
2013-03-22,0.0,0.0,0.0,0.0,0.0,0.0,0.0,0.0,0.9743347977398832,-0.026352942198872853
2013-03-25,0.0,0.0,0.0,0.0,0.0,0.0,0.0,0.0,0.9743347977398832,-0.026352942198872853
2013-03-26,0.0,0.0,0.0,0.0,0.0,0.0,0.0,0.0,0.9743347977398832,-0.026352942198872853
2013-03-27,0.0,0.0,0.0,0.0,0.0,0.0,0.0,0.0,0.9743347977398832,-0.026352942198872853
2013-03-28,0.0,0.0,0.0,0.0,0.0,0.0,0.0,0.0,0.9743347977398832,-0.026352942198872853
2013-04-01,0.0,0.0,0.0,0.0,0.0,0.0,0.0,0.0,0.9743347977398832,-0.026352942198872853
2013-04-02,0.0,0.0,0.0,0.0,0.0,0.0,0.0,0.0,0.9743347977398832,-0.026352942198872853
2013-04-03,0.0,0.0,0.0,0.0,0.0,0.0,0.0,0.0,0.9743347977398832,-0.026352942198872853
2013-04-04,0.0,0.0,0.0,0.0,0.0,0.0,0.0,0.0,0.9743347977398832,-0.026352942198872853
2013-04-05,0.0,0.0,0.0,0.0,0.0,0.0,0.0,0.0,0.9743347977398832,-0.026352942198872853
2013-04-08,0.0,0.0,0.0,0.0,0.0,0.0,0.0,0.0,0.9743347977398832,-0.026352942198872853
2013-04-09,0.0,0.0,0.0,0.0,0.0,0.0,0.0,0.0,0.9743347977398832,-0.026352942198872853
2013-04-10,0.0,0.0,0.0,0.0,0.0,0.0,0.0,0.0,0.9743347977398832,-0.026352942198872853
2013-04-11,0.0,0.0,0.0,0.0,0.0,0.0,0.0,0.0,0.9743347977398832,-0.026352942198872853
2013-04-12,0.0,0.0,0.0,0.0,0.0,0.0,0.0,0.0,0.9743347977398832,-0.026352942198872853
2013-04-15,1.0,0.0,0.0,0.0,0.0,0.0,0.0,-0.007186599828980774,0.9673326434490758,-0.033350153977954045
2013-04-16,1.0,0.0,0.0,0.0,0.0,0.0,0.0,0.02497887467008613,0.9914955243140733,-0.009204328624311309
2013-04-17,1.0,0.0,0.0,0.0,0.0,0.0,0.0,0.008805125987681203,1.0002257673218806,-0.00048024790979928067
2013-04-18,1.0,0.0,0.0,0.0,0.0,0.0,0.0,-0.01956641232938159,0.9806549375359886,-0.020037263510557457
2013-04-19,1.0,0.0,0.0,0.0,0.0,0.0,0.0,-0.0011767753894062517,0.9795009269399966,-0.021190459541393425
2013-04-22,1.0,0.0,0.0,0.0,0.0,0.0,0.0,-0.002576396416288788,0.9769773442620768,-0.02371226093366019
2013-04-23,1.0,0.0,0.0,0.0,0.0,0.0,0.0,-0.0041757458229378305,0.9728977351976696,-0.027788990382051848
2013-04-24,1.0,0.0,0.0,0.0,0.0,0.0,0.0,0.00237496021252332,0.9752083286096183,-0.02548002791603199
2013-04-25,1.0,0.0,0.0,0.0,0.0,0.0,0.0,-5.02743411821576e-05,0.975159300653382,-0.025529021265597418
2013-04-26,1.0,0.0,0.0,0.0,0.0,0.0,0.0,-0.001563331211110051,0.9736348036828663,-0.02705244216097391
2013-04-29,1.0,0.0,0.0,0.0,0.0,0.0,0.0,0.0010388856854405702,0.9746462989432592,-0.026041660870450567
2013-04-30,1.0,0.0,0.0,0.0,0.0,0.0,0.0,0.00213405087379026,0.9767262437291554,-0.023963184225795908
2013-05-01,1.0,0.0,0.0,0.0,0.0,0.0,0.0,-0.0001481788623344729,0.9765815135455475,-0.02410781225075387
2013-05-02,1.0,0.0,0.0,0.0,0.0,0.0,0.0,-0.005188283890924125,0.9715147314106448,-0.029171017967731916
2013-05-03,1.0,0.0,0.0,0.0,0.0,0.0,0.0,0.002163125295494605,0.9736162395011048,-0.027070993239098673
2013-05-06,1.0,0.0,0.0,0.0,0.0,0.0,0.0,-0.00029446573850125163,0.9733295428761233,-0.02735748749758382
2013-05-07,1.0,0.0,0.0,0.0,0.0,0.0,0.0,0.0034596249554210215,0.9766968980525061,-0.023992509188626943
2013-05-08,1.0,0.0,0.0,0.0,0.0,0.0,0.0,-0.0026111894164712085,0.9741465574492112,-0.026541049619030255
2013-05-09,1.0,0.0,0.0,0.0,0.0,0.0,0.0,-0.0022374599877530406,0.9719669435047112,-0.02871912507022767
2013-05-10,1.0,0.0,0.0,0.0,0.0,0.0,0.0,-0.00044516854381106786,0.9715342543958387,-0.029151508762951694
2013-05-13,1.0,0.0,0.0,0.0,0.0,0.0,0.0,0.0003385994714335505,0.9718632153808567,-0.028822779976976798
2013-05-14,1.0,0.0,0.0,0.0,0.0,0.0,0.0,0.0017131642375681085,0.9735281766852552,-0.027158993895292638
2013-05-15,1.0,0.0,0.0,0.0,0.0,0.0,0.0,0.0010817059333518737,0.9745812478902608,-0.026106666006781132
2013-05-16,1.0,0.0,0.0,0.0,0.0,0.0,0.0,0.004888379645297253,0.9793453710251359,-0.021345905656198094
2013-05-17,1.0,0.0,0.0,0.0,0.0,0.0,0.0,-0.0018683062651640224,0.9775156539326902,-0.023174331232089007
2013-05-20,1.0,0.0,0.0,0.0,0.0,0.0,0.0,-0.0010223908430392389,0.9765162508791819,-0.024173028851083078
2013-05-21,1.0,0.0,0.0,0.0,0.0,0.0,0.0,-0.0007541903371687665,0.9757797717586806,-0.024908988123472198
2013-05-22,1.0,0.0,0.0,0.0,0.0,0.0,0.0,-0.003042296633249526,0.9728111602442662,-0.027875504226016035
2013-05-23,1.0,0.0,0.0,0.0,0.0,0.0,0.0,0.0004578968997051811,0.9732566074585406,-0.027430371433273648
2013-05-24,1.0,0.0,0.0,0.0,0.0,0.0,0.0,0.0015050507245742062,0.9747214080207927,-0.025966604809100513
2013-05-28,1.0,0.0,0.0,0.0,0.0,0.0,0.0,-0.001,0.9737466866127719,-0.02694063820429138
2013-05-29,1.0,0.0,0.0,0.0,0.0,0.0,0.0,0.0,0.9737466866127719,-0.02694063820429138
2013-05-30,1.0,0.0,0.0,0.0,0.0,0.0,0.0,0.0,0.9737466866127719,-0.02694063820429138
2013-05-31,1.0,0.0,0.0,0.0,0.0,0.0,0.0,0.0,0.9737466866127719,-0.02694063820429138
2013-06-03,1.0,0.0,0.0,0.0,0.0,0.0,0.0,0.0,0.9737466866127719,-0.02694063820429138
2013-06-04,1.0,0.0,0.0,0.0,0.0,0.0,0.0,0.0,0.9737466866127719,-0.02694063820429138
2013-06-05,1.0,0.0,0.0,0.0,0.0,0.0,0.0,0.0,0.9737466866127719,-0.02694063820429138
2013-06-06,1.0,0.0,0.0,0.0,0.0,0.0,0.0,0.0,0.9737466866127719,-0.02694063820429138
2013-06-07,1.0,0.0,0.0,0.0,0.0,0.0,0.0,0.0,0.9737466866127719,-0.02694063820429138
2013-06-10,1.0,0.0,0.0,0.0,0.0,0.0,0.0,0.0,0.9737466866127719,-0.02694063820429138
2013-06-11,1.0,0.0,0.0,0.0,0.0,0.0,0.0,0.0,0.9737466866127719,-0.02694063820429138
2013-06-12,1.0,0.0,0.0,0.0,0.0,0.0,0.0,0.0,0.9737466866127719,-0.02694063820429138
2013-06-13,1.0,0.0,0.0,0.0,0.0,0.0,0.0,0.0,0.9737466866127719,-0.02694063820429138
2013-06-14,1.0,0.0,0.0,0.0,0.0,0.0,0.0,0.0,0.9737466866127719,-0.02694063820429138
2013-06-17,1.0,0.0,0.0,0.0,0.0,0.0,0.0,0.0,0.9737466866127719,-0.02694063820429138
2013-06-18,1.0,0.0,0.0,0.0,0.0,0.0,0.0,0.0,0.9737466866127719,-0.02694063820429138
2013-06-19,1.0,0.0,0.0,0.0,0.0,0.0,0.0,0.0,0.9737466866127719,-0.02694063820429138
2013-06-20,1.0,0.0,0.0,0.0,0.0,0.0,0.0,0.0,0.9737466866127719,-0.02694063820429138
2013-06-21,1.0,0.0,0.0,0.0,0.0,0.0,0.0,0.0,0.9737466866127719,-0.02694063820429138
2013-06-24,1.0,0.0,0.0,0.0,0.0,0.0,0.0,0.0,0.9737466866127719,-0.02694063820429138
2013-06-25,1.0,0.0,0.0,0.0,0.0,0.0,0.0,0.0,0.9737466866127719,-0.02694063820429138
2013-06-26,1.0,0.0,0.0,0.0,0.0,0.0,0.0,0.0,0.9737466866127719,-0.02694063820429138
2013-06-27,1.0,0.0,0.0,0.0,0.0,0.0,0.0,0.0,0.9737466866127719,-0.02694063820429138
2013-06-28,1.0,0.0,0.0,0.0,0.0,0.0,0.0,0.0,0.9737466866127719,-0.02694063820429138
2013-07-01,1.0,0.0,0.0,0.0,0.0,0.0,0.0,0.0,0.9737466866127719,-0.02694063820429138
2013-07-02,1.0,0.0,0.0,0.0,0.0,0.0,0.0,0.0,0.9737466866127719,-0.02694063820429138
2013-07-03,1.0,0.0,0.0,0.0,0.0,0.0,0.0,0.0,0.9737466866127719,-0.02694063820429138
2013-07-05,1.0,0.0,0.0,0.0,0.0,0.0,0.0,0.0,0.9737466866127719,-0.02694063820429138
2013-07-08,1.0,0.0,0.0,0.0,0.0,0.0,0.0,0.0,0.9737466866127719,-0.02694063820429138
2013-07-09,1.0,0.0,0.0,0.0,0.0,0.0,0.0,0.0,0.9737466866127719,-0.02694063820429138
2013-07-10,1.0,0.0,0.0,0.0,0.0,0.0,0.0,0.0,0.9737466866127719,-0.02694063820429138
2013-07-11,1.0,0.0,0.0,0.0,0.0,0.0,0.0,0.0,0.9737466866127719,-0.02694063820429138
2013-07-12,1.0,0.0,0.0,0.0,0.0,0.0,0.0,0.0,0.9737466866127719,-0.02694063820429138
2013-07-15,1.0,0.0,0.0,0.0,0.0,0.0,0.0,0.0,0.9737466866127719,-0.02694063820429138
2013-07-16,1.0,0.0,0.0,0.0,0.0,0.0,0.0,0.0,0.9737466866127719,-0.02694063820429138
2013-07-17,1.0,0.0,0.0,0.0,0.0,0.0,0.0,0.0,0.9737466866127719,-0.02694063820429138
2013-07-18,1.0,0.0,0.0,0.0,0.0,0.0,0.0,0.0,0.9737466866127719,-0.02694063820429138
2013-07-19,1.0,0.0,0.0,0.0,0.0,0.0,0.0,0.0,0.9737466866127719,-0.02694063820429138
2013-07-22,1.0,0.0,0.0,0.0,0.0,0.0,0.0,0.0,0.9737466866127719,-0.02694063820429138
2013-07-23,1.0,0.0,0.0,0.0,0.0,0.0,0.0,0.0,0.9737466866127719,-0.02694063820429138
2013-07-24,1.0,0.0,0.0,0.0,0.0,0.0,0.0,0.0,0.9737466866127719,-0.02694063820429138
2013-07-25,1.0,0.0,0.0,0.0,0.0,0.0,0.0,0.0,0.9737466866127719,-0.02694063820429138
2013-07-26,1.0,0.0,0.0,0.0,0.0,0.0,0.0,0.0,0.9737466866127719,-0.02694063820429138
2013-07-29,1.0,0.0,0.0,0.0,0.0,0.0,0.0,0.0,0.9737466866127719,-0.02694063820429138
2013-07-30,1.0,0.0,0.0,0.0,0.0,0.0,0.0,0.0,0.9737466866127719,-0.02694063820429138
2013-07-31,1.0,0.0,0.0,0.0,0.0,0.0,0.0,0.0,0.9737466866127719,-0.02694063820429138
2013-08-01,1.0,0.0,0.0,0.0,0.0,0.0,0.0,0.0,0.9737466866127719,-0.02694063820429138
2013-08-02,1.0,0.0,0.0,0.0,0.0,0.0,0.0,0.0,0.9737466866127719,-0.02694063820429138
2013-08-05,1.0,0.0,0.0,0.0,0.0,0.0,0.0,0.0,0.9737466866127719,-0.02694063820429138
2013-08-06,1.0,0.0,0.0,0.0,0.0,0.0,0.0,0.0,0.9737466866127719,-0.02694063820429138
2013-08-07,1.0,0.0,0.0,0.0,0.0,0.0,0.0,0.0,0.9737466866127719,-0.02694063820429138
2013-08-08,1.0,0.0,0.0,0.0,0.0,0.0,0.0,0.0,0.9737466866127719,-0.02694063820429138
2013-08-09,1.0,0.0,0.0,0.0,0.0,0.0,0.0,0.0,0.9737466866127719,-0.02694063820429138
2013-08-12,1.0,0.0,0.0,0.0,0.0,0.0,0.0,0.0,0.9737466866127719,-0.02694063820429138
2013-08-13,1.0,0.0,0.0,0.0,0.0,0.0,0.0,0.0,0.9737466866127719,-0.02694063820429138
2013-08-14,1.0,0.0,0.0,0.0,0.0,0.0,0.0,0.0,0.9737466866127719,-0.02694063820429138
2013-08-15,1.0,0.0,0.0,0.0,0.0,0.0,0.0,0.0,0.9737466866127719,-0.02694063820429138
2013-08-16,1.0,0.0,0.0,0.0,0.0,0.0,0.0,0.0,0.9737466866127719,-0.02694063820429138
2013-08-19,1.0,0.0,0.0,0.0,0.0,0.0,0.0,0.0,0.9737466866127719,-0.02694063820429138
2013-08-20,1.0,0.0,0.0,0.0,0.0,0.0,0.0,0.0,0.9737466866127719,-0.02694063820429138
2013-08-21,1.0,0.0,0.0,0.0,0.0,0.0,0.0,0.0,0.9737466866127719,-0.02694063820429138
2013-08-22,0.0,0.0,0.0,0.0,0.0,0.0,0.0,0.0,0.9737466866127719,-0.02694063820429138
2013-08-23,0.0,0.0,0.0,0.0,0.0,0.0,0.0,0.0,0.9737466866127719,-0.02694063820429138
2013-08-26,0.0,0.0,0.0,0.0,0.0,0.0,0.0,0.0,0.9737466866127719,-0.02694063820429138
2013-08-27,0.0,0.0,0.0,0.0,0.0,0.0,0.0,0.0,0.9737466866127719,-0.02694063820429138
2013-08-28,0.0,0.0,0.0,0.0,0.0,0.0,0.0,0.0,0.9737466866127719,-0.02694063820429138
2013-08-29,0.0,0.0,0.0,0.0,0.0,0.0,0.0,0.0,0.9737466866127719,-0.02694063820429138
2013-08-30,0.0,0.0,0.0,0.0,0.0,0.0,0.0,0.0,0.9737466866127719,-0.02694063820429138
2013-09-03,0.0,0.0,0.0,0.0,0.0,0.0,0.0,0.0,0.9737466866127719,-0.02694063820429138
2013-09-04,0.0,0.0,0.0,0.0,0.0,0.0,0.0,0.0,0.9737466866127719,-0.02694063820429138
2013-09-05,0.0,0.0,0.0,0.0,0.0,0.0,0.0,0.0,0.9737466866127719,-0.02694063820429138
2013-09-06,0.0,0.0,0.0,0.0,0.0,0.0,0.0,0.0,0.9737466866127719,-0.02694063820429138
2013-09-09,0.0,0.0,0.0,0.0,0.0,0.0,0.0,0.0,0.9737466866127719,-0.02694063820429138
2013-09-10,0.0,0.0,0.0,0.0,0.0,0.0,0.0,0.0,0.9737466866127719,-0.02694063820429138
2013-09-11,0.0,0.0,0.0,0.0,0.0,0.0,0.0,0.0,0.9737466866127719,-0.02694063820429138
2013-09-12,0.0,0.0,0.0,0.0,0.0,0.0,0.0,0.0,0.9737466866127719,-0.02694063820429138
2013-09-13,0.0,0.0,0.0,0.0,0.0,0.0,0.0,0.0,0.9737466866127719,-0.02694063820429138
2013-09-16,0.0,0.0,0.0,0.0,0.0,0.0,0.0,0.0,0.9737466866127719,-0.02694063820429138
2013-09-17,0.0,0.0,0.0,0.0,0.0,0.0,0.0,0.0,0.9737466866127719,-0.02694063820429138
2013-09-18,0.0,0.0,0.0,0.0,0.0,0.0,0.0,0.0,0.9737466866127719,-0.02694063820429138
2013-09-19,0.0,0.0,0.0,0.0,0.0,0.0,0.0,0.0,0.9737466866127719,-0.02694063820429138
2013-09-20,0.0,0.0,0.0,0.0,0.0,0.0,0.0,0.0,0.9737466866127719,-0.02694063820429138
2013-09-23,0.0,0.0,0.0,0.0,0.0,0.0,0.0,0.0,0.9737466866127719,-0.02694063820429138
2013-09-24,0.0,0.0,0.0,0.0,0.0,0.0,0.0,0.0,0.9737466866127719,-0.02694063820429138
2013-09-25,0.0,0.0,0.0,0.0,0.0,0.0,0.0,0.0,0.9737466866127719,-0.02694063820429138
2013-09-26,0.0,0.0,0.0,0.0,0.0,0.0,0.0,0.0,0.9737466866127719,-0.02694063820429138
2013-09-27,0.0,0.0,0.0,0.0,0.0,0.0,0.0,0.0,0.9737466866127719,-0.02694063820429138
2013-09-30,0.0,0.0,0.0,0.0,0.0,0.0,0.0,0.0,0.9737466866127719,-0.02694063820429138
2013-10-01,0.0,0.0,0.0,0.0,0.0,0.0,0.0,0.0,0.9737466866127719,-0.02694063820429138
2013-10-02,0.0,0.0,0.0,0.0,0.0,0.0,0.0,0.0,0.9737466866127719,-0.02694063820429138
2013-10-03,0.0,0.0,0.0,0.0,0.0,0.0,0.0,0.0,0.9737466866127719,-0.02694063820429138
2013-10-04,0.0,0.0,0.0,0.0,0.0,0.0,0.0,0.0,0.9737466866127719,-0.02694063820429138
2013-10-07,0.0,0.0,0.0,1.0,0.0,0.0,0.0,-0.002236605053079914,0.971568799853074,-0.029116987689830398
2013-10-08,0.0,0.0,0.0,1.0,0.0,0.0,0.0,-0.006760132832699448,0.9650008657099608,-0.03568028581805849
2013-10-09,0.0,0.0,0.0,1.0,0.0,0.0,0.0,0.00855855088195532,0.9732598747202703,-0.02742710647775981
2013-10-10,0.0,0.0,0.0,1.0,0.0,0.0,0.0,0.006871922096559638,0.9799480407590554,-0.020743661320249407
2013-10-11,0.0,0.0,0.0,1.0,0.0,0.0,0.0,0.004307379489878337,0.9841690488509673,-0.01652563265168694
2013-10-14,0.0,0.0,0.0,1.0,0.0,0.0,0.0,-0.0007434278334042476,0.9834373901872766,-0.01725677486981325
2013-10-15,0.0,0.0,0.0,1.0,0.0,0.0,0.0,0.0018405644277314228,0.9852474700645564,-0.015447972648044539
2013-10-16,0.0,0.0,0.0,1.0,0.0,0.0,0.0,-0.004132820295990995,0.9811756193236998,-0.019516949249143822
2013-10-17,0.0,0.0,0.0,1.0,0.0,0.0,0.0,-0.00969412252502157,0.971663982651412,-0.02902187207682949
2013-10-18,0.0,0.0,0.0,1.0,0.0,0.0,0.0,0.002012926582086057,0.9736198709109466,-0.027067364392508786
2013-10-21,0.0,0.0,0.0,1.0,0.0,0.0,0.0,0.005063837643428922,0.9785501238636558,-0.02214059148779912
2013-10-22,0.0,0.0,0.0,1.0,0.0,0.0,0.0,-0.0024513870086148924,0.976151318802738,-0.02453770333807781
2013-10-23,0.0,0.0,0.0,0.22534622604658308,0.0,0.0,0.774653773953417,-0.0018297735077291769,0.9743651829800578,-0.02632257840629848
2013-10-24,0.0,0.0,0.0,0.2222560840306137,0.0,0.0,0.7777439159693863,0.002070302509560676,0.97638241366361,-0.024306771596870336
2013-10-25,0.0,0.0,0.0,0.23095033817758265,0.0,0.0,0.7690496618224173,-0.0076461191726012075,0.9689168773707061,-0.03176703829714067
2013-10-28,0.0,0.0,0.0,0.36272695173214,0.0,0.0,0.63727304826786,-6.731188485317361e-05,0.9688516577494242,-0.031832211882769856
2013-10-29,0.0,0.0,0.0,0.362491179559414,0.0,0.0,0.6375088204405859,-0.0010790829561630158,0.9678061864384965,-0.032876945241633315
2013-10-30,0.0,0.0,0.0,0.35977561561297355,0.0,0.0,0.6402243843870264,0.002297752224173426,0.9700299652559543,-0.030654736091512813
2013-10-31,0.0,0.0,0.0,0.35187577920409424,0.0,0.0,0.6481242207959057,-0.000850869460181452,0.9692045963830571,-0.03147952237294416
2013-11-01,0.0,0.0,0.0,0.3522178042901813,0.0,0.0,0.6477821957098187,-0.002110216862658872,0.9671593645004031,-0.03352331061666325
2013-11-04,0.0,0.0,0.0,0.34276442313098493,0.0,0.0,0.657235576869015,0.0029654683190781794,0.9700274449553289,-0.03065725461316926
2013-11-05,0.0,0.0,0.0,0.3259614855472042,0.0,0.0,0.6740385144527958,-0.0006243104278471171,0.9694218467061453,-0.03126242539727231
2013-11-06,0.0,0.0,0.0,0.3251132368602122,0.0,0.0,0.6748867631397877,-0.00019396829576848813,0.969233809602659,-0.0314503297736648
2013-11-07,0.0,0.0,0.0,0.32501782028731313,0.0,0.0,0.6749821797126869,-0.00025230447404425585,0.9689892675761014,-0.03169469918879697
2013-11-08,0.0,0.0,0.0,0.3248687542067255,0.0,0.0,0.6751312457932744,0.004064488125134957,0.9729277129475478,-0.027759033792144505
2013-11-11,0.0,0.0,0.0,0.2979426188204504,0.0,0.0,0.7020573811795495,0.0007828254935825902,0.9736893455646561,-0.026997938777891584
2013-11-12,0.0,0.0,0.0,0.2971341668977319,0.0,0.0,0.7028658331022681,-0.0002971341668977319,0.9734000291921446,-0.027287050934742596
2013-11-13,0.0,0.0,0.0,0.29688776768443864,0.0,0.0,0.7031122323155613,0.001614308618939385,0.9749713972489453,-0.025716792037312586
2013-11-14,0.0,0.0,0.0,0.30217722931671315,0.0,0.0,0.6978227706832869,-0.0006978227706832869,0.9742910400071801,-0.026396669044923327
2013-11-15,0.0,0.0,0.0,0.30261524197235556,0.0,0.0,0.6973847580276443,0.0,0.9742910400071801,-0.026396669044923327
2013-11-18,0.0,0.0,0.0,0.30261524197235556,0.0,0.0,0.6973847580276443,0.0,0.9742910400071801,-0.026396669044923327
2013-11-19,0.0,0.0,0.0,0.30261524197235556,0.0,0.0,0.6973847580276443,0.0,0.9742910400071801,-0.026396669044923327
2013-11-20,0.0,0.0,0.0,0.30261524197235556,0.0,0.0,0.6973847580276443,0.0,0.9742910400071801,-0.026396669044923327
2013-11-21,0.0,0.0,0.0,0.30261524197235556,0.0,0.0,0.6973847580276443,0.0,0.9742910400071801,-0.026396669044923327
2013-11-22,0.0,0.0,0.0,0.30261524197235556,0.0,0.0,0.6973847580276443,0.0,0.9742910400071801,-0.026396669044923327
2013-11-25,0.0,0.0,0.0,0.30261524197235556,0.0,0.0,0.6973847580276443,0.0,0.9742910400071801,-0.026396669044923327
2013-11-26,0.0,0.0,0.0,0.30261524197235556,0.0,0.0,0.6973847580276443,0.0,0.9742910400071801,-0.026396669044923327
2013-11-27,0.0,0.0,0.0,0.30261524197235556,0.0,0.0,0.6973847580276443,0.0,0.9742910400071801,-0.026396669044923327
2013-11-29,0.0,0.0,0.0,0.30261524197235556,0.0,0.0,0.6973847580276443,0.0,0.9742910400071801,-0.026396669044923327
2013-12-02,0.0,0.0,0.0,0.30261524197235556,0.0,0.0,0.6973847580276443,0.0,0.9742910400071801,-0.026396669044923327
2013-12-03,0.0,0.0,0.0,0.30261524197235556,0.0,0.0,0.6973847580276443,0.0,0.9742910400071801,-0.026396669044923327
2013-12-04,0.0,0.0,0.0,0.30261524197235556,0.0,0.0,0.6973847580276443,0.0,0.9742910400071801,-0.026396669044923327
2013-12-05,0.0,0.0,0.0,0.30261524197235556,0.0,0.0,0.6973847580276443,0.0,0.9742910400071801,-0.026396669044923327
2013-12-06,0.0,0.0,0.0,0.30261524197235556,0.0,0.0,0.6973847580276443,0.0,0.9742910400071801,-0.026396669044923327
2013-12-09,0.0,0.0,0.0,0.30261524197235556,0.0,0.0,0.6973847580276443,0.0,0.9742910400071801,-0.026396669044923327
2013-12-10,0.0,0.0,0.0,0.30261524197235556,0.0,0.0,0.6973847580276443,0.0,0.9742910400071801,-0.026396669044923327
2013-12-11,0.0,0.0,0.0,0.30261524197235556,0.0,0.0,0.6973847580276443,0.0,0.9742910400071801,-0.026396669044923327
2013-12-12,0.0,0.0,0.0,0.30261524197235556,0.0,0.0,0.6973847580276443,0.0,0.9742910400071801,-0.026396669044923327
2013-12-13,0.0,0.0,0.0,0.30261524197235556,0.0,0.0,0.6973847580276443,0.0,0.9742910400071801,-0.026396669044923327
2013-12-16,0.0,0.0,0.0,0.30261524197235556,0.0,0.0,0.6973847580276443,0.0,0.9742910400071801,-0.026396669044923327
2013-12-17,0.0,0.0,0.0,0.30261524197235556,0.0,0.0,0.6973847580276443,0.0,0.9742910400071801,-0.026396669044923327
2013-12-18,0.0,0.0,0.0,0.30261524197235556,0.0,0.0,0.6973847580276443,0.0,0.9742910400071801,-0.026396669044923327
2013-12-19,0.0,0.0,0.0,0.30261524197235556,0.0,0.0,0.6973847580276443,0.0,0.9742910400071801,-0.026396669044923327
2013-12-20,0.0,0.0,0.0,0.30261524197235556,0.0,0.0,0.6973847580276443,0.0,0.9742910400071801,-0.026396669044923327
2013-12-23,0.0,0.0,0.0,0.30261524197235556,0.0,0.0,0.6973847580276443,0.0,0.9742910400071801,-0.026396669044923327
2013-12-24,0.0,0.0,0.0,0.30261524197235556,0.0,0.0,0.6973847580276443,0.0,0.9742910400071801,-0.026396669044923327
2013-12-26,0.0,0.0,0.0,0.30261524197235556,0.0,0.0,0.6973847580276443,0.0,0.9742910400071801,-0.026396669044923327
2013-12-27,0.0,0.0,0.0,0.30261524197235556,0.0,0.0,0.6973847580276443,0.0,0.9742910400071801,-0.026396669044923327
2013-12-30,0.0,0.0,0.0,0.30261524197235556,0.0,0.0,0.6973847580276443,0.0,0.9742910400071801,-0.026396669044923327
2013-12-31,0.0,0.0,0.0,0.30261524197235556,0.0,0.0,0.6973847580276443,0.0,0.9742910400071801,-0.026396669044923327
2014-01-02,0.0,0.0,0.0,0.30305316598760623,0.0,0.0,0.6969468340123937,0.0,0.9742910400071801,-0.026396669044923327
2014-01-03,0.0,0.0,0.0,0.30402578943119474,0.0,0.0,0.6959742105688054,0.0,0.9742910400071801,-0.026396669044923327
2014-01-06,0.0,0.0,0.0,0.3122468645621928,0.0,0.0,0.6877531354378073,0.0,0.9742910400071801,-0.026396669044923327
2014-01-07,0.0,0.0,0.0,0.32445010163556465,0.0,0.0,0.6755498983644352,0.0,0.9742910400071801,-0.026396669044923327
2014-01-08,0.0,0.0,0.0,0.33343588981389993,0.0,0.0,0.6665641101861001,0.0,0.9742910400071801,-0.026396669044923327
2014-01-09,0.0,0.0,0.0,0.3372317707670913,0.0,0.0,0.6627682292329087,0.0,0.9742910400071801,-0.026396669044923327
2014-01-10,0.0,0.0,0.0,0.33738793600540024,0.0,0.0,0.6626120639945998,0.0,0.9742910400071801,-0.026396669044923327
2014-01-13,0.0,0.0,0.0,0.33806913739552547,0.0,0.0,0.6619308626044746,0.0,0.9742910400071801,-0.026396669044923327
2014-01-14,0.0,0.0,0.0,0.34218818023049175,0.0,0.0,0.6578118197695083,0.0,0.9742910400071801,-0.026396669044923327
2014-01-15,0.0,0.0,0.0,0.36835956869876463,0.0,0.0,0.6316404313012354,0.0,0.9742910400071801,-0.026396669044923327
2014-01-16,0.0,0.0,0.0,0.3692396784130209,0.0,0.0,0.630760321586979,0.0,0.9742910400071801,-0.026396669044923327
2014-01-17,0.0,0.0,0.0,0.3766380432298874,0.0,0.0,0.6233619567701126,0.0,0.9742910400071801,-0.026396669044923327
2014-01-21,0.0,0.0,0.0,0.35148447425658375,0.0,0.0,0.6485155257434163,0.0,0.9742910400071801,-0.026396669044923327
2014-01-22,0.0,0.0,0.0,0.3589733055122882,0.0,0.0,0.6410266944877119,0.0,0.9742910400071801,-0.026396669044923327
2014-01-23,0.0,0.0,0.0,0.3565745740382137,0.0,0.0,0.6434254259617864,0.0,0.9742910400071801,-0.026396669044923327
2014-01-24,0.0,0.0,0.0,0.14105307943447362,0.0,0.0,0.8589469205655264,0.0,0.9742910400071801,-0.026396669044923327
2014-01-27,0.0,0.0,0.0,0.13389035804756325,0.0,0.0,0.8661096419524367,0.0,0.9742910400071801,-0.026396669044923327
2014-01-28,0.0,0.0,0.0,0.13587637131111796,0.0,0.0,0.864123628688882,0.0,0.9742910400071801,-0.026396669044923327
2014-01-29,0.0,0.0,0.0,0.13934205430812038,0.0,0.0,0.8606579456918796,0.0,0.9742910400071801,-0.026396669044923327
2014-01-30,0.0,0.0,0.0,0.1305823963207149,0.0,0.0,0.8694176036792851,0.0,0.9742910400071801,-0.026396669044923327
2014-01-31,0.0,0.0,0.0,0.1394971085828388,0.0,0.0,0.8605028914171611,0.0,0.9742910400071801,-0.026396669044923327
2014-02-03,0.0,0.0,0.0,0.16198562506827402,0.0,0.0,0.8380143749317259,-0.001723027404826198,0.9726123098449712,-0.02807421426558898
2014-02-04,0.0,0.0,0.0,0.13023576593667535,0.0,0.0,0.8697642340633246,0.0006627523920481394,0.9732569109798564,-0.02743006812620008
2014-02-05,0.0,0.0,0.0,0.12551592917538076,0.0,0.0,0.8744840708246192,-0.0007368491105151784,0.9725397674906981,-0.028146705415415196
2014-02-06,0.0,0.0,0.0,0.11967768271554434,0.0,0.0,0.8803223172844556,8.164716401320585e-06,0.9725477080020888,-0.02813877050888114
2014-02-07,0.0,0.0,0.0,0.15706064057555555,0.0,0.0,0.8429393594244444,0.0002902257765238782,0.9728299664158502,-0.02785671132887868
2014-02-10,0.0,0.0,0.0,0.1584612436638494,0.0,0.0,0.8415387563361507,0.0005535623407509463,0.973368488449212,-0.02731856941445654
2014-02-11,0.0,0.0,0.0,0.15396254587130528,0.0,0.0,0.8460374541286947,9.690185967435248e-05,0.9734628096658912,-0.02722431477496212
2014-02-12,0.0,0.0,0.0,0.06727106272057598,0.0,0.0,0.9327289372794241,-0.0005997082511100744,0.9728790159867857,-0.027807696379870794
2014-02-13,0.0,0.0,0.0,1.0,0.0,0.0,0.0,0.004503906895858472,0.9772607724957247,-0.023429032759495483
2014-02-14,0.0,0.0,0.0,1.0,0.0,0.0,0.0,-0.0054200538848438555,0.9719639664492538,-0.02872210002431308
2014-02-18,0.0,0.0,0.0,1.0,0.0,0.0,0.0,-0.00048169863875930675,0.971495772729692,-0.029189963266588403
2014-02-19,0.0,0.0,0.0,1.0,0.0,0.0,0.0,-0.001083364913435453,0.9704432882959658,-0.03024170479799637
2014-02-20,0.0,0.0,0.0,1.0,0.0,0.0,0.0,0.002041641187216838,0.972424585283209,-0.028261806320866834
2014-02-21,0.0,0.0,0.0,1.0,0.0,0.0,0.0,-0.0012064004287575894,0.9712514518465888,-0.029434111694361498
2014-02-24,0.0,0.0,0.0,1.0,0.0,0.0,0.0,-0.006775982607812372,0.9646702689010638,-0.03601064927325648
2014-02-25,0.0,0.0,0.0,1.0,0.0,0.0,0.0,-0.004732335822298721,0.9601051252308368,-0.04057257061001507
2014-02-26,0.0,0.0,0.0,1.0,0.0,0.0,0.0,0.0037613481260283747,0.9637164148444141,-0.0369638300464189
2014-02-27,0.0,0.0,0.0,1.0,0.0,0.0,0.0,-0.0013164995256177796,0.9624476826414413,-0.03823166670731548
2014-02-28,0.0,0.0,0.0,1.0,0.0,0.0,0.0,0.002523861179148997,0.9648767669846219,-0.03580429694758336
2014-03-03,0.0,0.0,0.0,1.0,0.0,0.0,0.0,-0.01178957742407259,0.9535012776355678,-0.04717175684067798
2014-03-04,0.0,0.0,0.0,1.0,0.0,0.0,0.0,0.00740436914466679,0.9605613530750929,-0.040116664796862045
2014-03-05,0.0,0.0,0.0,1.0,0.0,0.0,0.0,-0.0009999999999999998,0.9596007917220178,-0.04107654813206518
2014-03-06,0.0,0.0,0.0,1.0,0.0,0.0,0.0,0.0,0.9596007917220178,-0.04107654813206518
2014-03-07,0.0,0.0,0.0,1.0,0.0,0.0,0.0,0.0,0.9596007917220178,-0.04107654813206518
2014-03-10,0.0,0.0,0.0,1.0,0.0,0.0,0.0,0.0,0.9596007917220178,-0.04107654813206518
2014-03-11,0.0,0.0,0.0,1.0,0.0,0.0,0.0,0.0,0.9596007917220178,-0.04107654813206518
2014-03-12,0.0,0.0,0.0,1.0,0.0,0.0,0.0,0.0,0.9596007917220178,-0.04107654813206518
2014-03-13,0.0,0.0,0.0,1.0,0.0,0.0,0.0,0.0,0.9596007917220178,-0.04107654813206518
2014-03-14,0.0,0.0,0.0,1.0,0.0,0.0,0.0,0.0,0.9596007917220178,-0.04107654813206518
2014-03-17,0.0,0.0,0.0,1.0,0.0,0.0,0.0,0.0,0.9596007917220178,-0.04107654813206518
2014-03-18,0.0,0.0,0.0,1.0,0.0,0.0,0.0,0.0,0.9596007917220178,-0.04107654813206518
2014-03-19,0.0,0.0,0.0,1.0,0.0,0.0,0.0,0.0,0.9596007917220178,-0.04107654813206518
2014-03-20,0.0,0.0,0.0,1.0,0.0,0.0,0.0,0.0,0.9596007917220178,-0.04107654813206518
2014-03-21,0.0,0.0,0.0,1.0,0.0,0.0,0.0,0.0,0.9596007917220178,-0.04107654813206518
2014-03-24,0.0,0.0,0.0,1.0,0.0,0.0,0.0,0.0,0.9596007917220178,-0.04107654813206518
2014-03-25,0.0,0.0,0.0,1.0,0.0,0.0,0.0,0.0,0.9596007917220178,-0.04107654813206518
2014-03-26,0.0,0.0,0.0,1.0,0.0,0.0,0.0,0.0,0.9596007917220178,-0.04107654813206518
2014-03-27,0.0,0.0,0.0,1.0,0.0,0.0,0.0,0.0,0.9596007917220178,-0.04107654813206518
2014-03-28,0.0,0.0,0.0,1.0,0.0,0.0,0.0,0.0,0.9596007917220178,-0.04107654813206518
2014-03-31,0.0,0.0,0.0,1.0,0.0,0.0,0.0,0.0,0.9596007917220178,-0.04107654813206518
2014-04-01,0.0,0.0,0.0,1.0,0.0,0.0,0.0,0.0,0.9596007917220178,-0.04107654813206518
2014-04-02,0.0,0.0,0.0,1.0,0.0,0.0,0.0,0.0,0.9596007917220178,-0.04107654813206518
2014-04-03,0.0,0.0,0.0,1.0,0.0,0.0,0.0,0.0,0.9596007917220178,-0.04107654813206518
2014-04-04,0.0,0.0,0.0,1.0,0.0,0.0,0.0,0.0,0.9596007917220178,-0.04107654813206518
2014-04-07,0.0,0.0,0.0,1.0,0.0,0.0,0.0,0.0,0.9596007917220178,-0.04107654813206518
2014-04-08,0.0,0.0,0.0,1.0,0.0,0.0,0.0,0.0,0.9596007917220178,-0.04107654813206518
2014-04-09,0.0,0.0,0.0,1.0,0.0,0.0,0.0,0.0,0.9596007917220178,-0.04107654813206518
2014-04-10,0.0,0.0,0.0,1.0,0.0,0.0,0.0,0.0,0.9596007917220178,-0.04107654813206518
2014-04-11,0.0,0.0,0.0,1.0,0.0,0.0,0.0,0.0,0.9596007917220178,-0.04107654813206518
2014-04-14,0.0,0.0,0.0,1.0,0.0,0.0,0.0,0.0,0.9596007917220178,-0.04107654813206518
2014-04-15,0.0,0.0,0.0,1.0,0.0,0.0,0.0,0.0,0.9596007917220178,-0.04107654813206518
2014-04-16,0.0,0.0,0.0,1.0,0.0,0.0,0.0,0.0,0.9596007917220178,-0.04107654813206518
2014-04-17,0.0,0.0,0.0,1.0,0.0,0.0,0.0,0.0,0.9596007917220178,-0.04107654813206518
2014-04-21,0.0,0.0,0.0,1.0,0.0,0.0,0.0,0.0,0.9596007917220178,-0.04107654813206518
2014-04-22,0.0,0.0,0.0,1.0,0.0,0.0,0.0,0.0,0.9596007917220178,-0.04107654813206518
2014-04-23,0.0,0.0,0.0,1.0,0.0,0.0,0.0,0.0,0.9596007917220178,-0.04107654813206518
2014-04-24,0.0,0.0,0.0,1.0,0.0,0.0,0.0,0.0,0.9596007917220178,-0.04107654813206518
2014-04-25,0.0,0.0,0.0,1.0,0.0,0.0,0.0,0.0,0.9596007917220178,-0.04107654813206518
2014-04-28,0.0,0.0,0.0,1.0,0.0,0.0,0.0,0.0,0.9596007917220178,-0.04107654813206518
2014-04-29,0.0,0.0,0.0,1.0,0.0,0.0,0.0,0.0,0.9596007917220178,-0.04107654813206518
2014-04-30,0.0,0.0,0.0,1.0,0.0,0.0,0.0,0.0,0.9596007917220178,-0.04107654813206518
2014-05-01,0.0,0.0,0.0,1.0,0.0,0.0,0.0,0.0,0.9596007917220178,-0.04107654813206518
2014-05-02,0.0,0.0,0.0,1.0,0.0,0.0,0.0,0.0,0.9596007917220178,-0.04107654813206518
2014-05-05,0.0,0.0,0.0,1.0,0.0,0.0,0.0,0.0,0.9596007917220178,-0.04107654813206518
2014-05-06,0.0,0.0,0.0,1.0,0.0,0.0,0.0,0.0,0.9596007917220178,-0.04107654813206518
2014-05-07,0.0,0.0,0.0,1.0,0.0,0.0,0.0,0.0,0.9596007917220178,-0.04107654813206518
2014-05-08,0.0,0.0,0.0,1.0,0.0,0.0,0.0,0.0,0.9596007917220178,-0.04107654813206518
2014-05-09,0.0,0.0,0.0,0.1665419954822815,0.0,0.8334580045177186,0.0,-0.002808549264453207,0.9569057056242583,-0.04376973188747579
2014-05-12,0.0,0.0,0.0,0.22073736986847853,0.0,0.7792626301315214,0.0,0.0027234833707465707,0.9595118224008984,-0.04116545465366683
2014-05-13,0.0,0.0,0.0,0.2625130047657431,0.0,0.737486995234257,0.0,3.4900775217594525e-05,0.9595453101073307,-0.04113199058472883
2014-05-14,0.0,0.0,0.0,0.2711247422345161,0.0,0.7288752577654839,0.0,-0.00023999828846720038,0.9593150208751982,-0.04136211726585448
2014-05-15,0.0,0.0,0.0,0.271292442846144,0.0,0.7287075571538559,0.0,-0.0016445195715133177,0.9577374085481222,-0.042938616026004794
2014-05-16,0.0,0.0,0.0,0.2826086029482765,0.0,0.7173913970517235,0.0,-0.0019158131608232806,0.955902562616213,-0.04477216682113794
2014-05-19,0.0,0.0,0.0,0.2982152658398499,0.0,0.7017847341601501,0.0,0.0046450611962380265,0.9603427885172061,-0.040335075079672156
2014-05-20,0.0,0.0,0.0,0.36851676929041965,0.0,0.6314832307095803,0.0,0.0019436518901054028,0.9622093605932568,-0.03846982053448278
2014-05-21,0.0,0.0,0.0,0.39969106875589616,0.0,0.6003089312441038,0.0,0.0008437978962062759,0.9630212708274355,-0.0376584833919108
2014-05-22,0.0,0.0,0.0,0.413478672895296,0.0,0.586521327104704,0.0,0.00015653359921846748,0.963172016013082,-0.03750784461063883
2014-05-23,0.0,0.0,0.0,0.42190729705968716,0.0,0.5780927029403129,0.0,0.0002708292598569241,0.9634328711772938,-0.037247173572576564
2014-05-27,0.0,0.0,0.0,0.42306662723502475,0.0,0.5769333727649751,0.0,-0.0026843694842082068,0.9608466613778224,-0.039831557880673496
2014-05-28,0.0,0.0,0.0,0.4497335443681937,0.0,0.5502664556318064,0.0,-0.0003886491039527859,0.9604732291838419,-0.0402047264853469
2014-05-29,0.0,0.0,0.0,0.6058267922429876,0.0,0.3941732077570123,0.0,-0.001279604128861346,0.9592442036741176,-0.041432884480197774
2014-05-30,0.0,0.0,0.0,0.9227555972396472,0.0,0.07724440276035276,0.0,0.000289953350634321,0.9595223397450495,-0.04115494473324488
2014-06-02,0.0,0.0,0.0,0.0,0.0,1.0,0.0,-0.000268031319725865,0.9592651577060212,-0.041411945238820635
2014-06-03,0.0,0.0,0.0,0.0,0.0,1.0,0.0,0.0038681242672488005,0.96297571454127,-0.03770400752190428
2014-06-04,0.0,0.0,0.0,0.0,0.0,1.0,0.0,0.002586026598215997,0.9654659953525098,-0.03521548448999923
2014-06-05,0.0,0.0,0.0,0.0,0.0,1.0,0.0,-0.0028058479843508705,0.9627570445354906,-0.037922523178175904
2014-06-06,0.0,0.0,0.0,0.0,0.0,1.0,0.0,0.0002832078631371719,0.9630297049007938,-0.03765005527179277
2014-06-09,0.0,0.0,0.0,0.0,0.0,1.0,0.0,0.00011699915267194344,0.9631423785602651,-0.03753746114368561
2014-06-10,0.0,0.0,0.0,0.0,0.0,1.0,0.0,0.0011053223572744112,0.9642069613645261,-0.036473629781448746
2014-06-11,0.0,0.0,0.0,0.0,0.0,1.0,0.0,0.004733271071420952,0.9687708142816155,-0.0319129982867421
2014-06-12,0.0,0.0,0.0,0.0,0.0,1.0,0.0,0.0030211730069501916,0.9716976385156443,-0.028988239968786633
2014-06-13,0.0,0.0,0.0,0.0,0.0,1.0,0.0,0.004064114334238305,0.9756467288168813,-0.02504193715612968
2014-06-16,0.0,0.0,0.0,0.0,0.0,1.0,0.0,0.002536255292383291,0.9781212179963396,-0.02256919460939022
2014-06-17,0.0,0.0,0.0,0.0,0.0,1.0,0.0,0.002638872534388099,0.9807023552138122,-0.019989879302780178
2014-06-18,0.0,0.0,0.0,0.0,0.0,1.0,0.0,-0.0006212851701849862,0.9800930593841524,-0.020598745057400558
2014-06-19,0.0,0.0,0.0,0.0,0.0,1.0,0.0,-0.002268767550412735,0.9778694560546368,-0.02282077884344791
2014-06-20,0.0,0.0,0.0,0.0,0.0,1.0,0.0,0.00504514669843174,0.9828029509123481,-0.017890766322053775
2014-06-23,0.0,0.0,0.0,0.0,0.0,1.0,0.0,-0.0007753784255741523,0.9820409067076201,-0.018652272633404854
2014-06-24,0.0,0.0,0.0,0.0,0.0,1.0,0.0,-0.00017565924216708076,0.9818684021461708,-0.018824655431496473
2014-06-25,0.0,0.0,0.0,0.0,0.0,1.0,0.0,-0.00030055318714355224,0.9815732984685502,-0.01911955080845318
2014-06-26,0.0,0.0,0.0,0.0,0.0,1.0,0.0,-0.001586690186424854,0.9800158457486134,-0.020675904191241434
2014-06-27,0.0,0.0,0.0,0.0,0.0,1.0,0.0,0.0047212395385645934,0.9846427353079815,-0.016052280549040177
2014-06-30,0.0,0.0,0.0,0.0,0.0,1.0,0.0,0.006370995681591692,0.9909158899225392,-0.00978355387750629
2014-07-01,0.0,0.0,0.0,0.0,0.0,1.0,0.0,0.0009412226864219918,0.9918485624384704,-0.008851539693947474
2014-07-02,0.0,0.0,0.0,0.0,0.0,1.0,0.0,-0.0036523942982050164,0.9882259404043373,-0.012471604679044068
2014-07-03,0.0,0.0,0.0,0.0,0.0,1.0,0.0,0.0020388570018364687,0.990240791782327,-0.010458175495731581
2014-07-07,0.0,0.0,0.0,0.0,0.0,1.0,0.0,-0.004655778728639687,0.9856304497677156,-0.015065263273357887
2014-07-08,0.0,0.0,0.0,0.0,0.0,1.0,0.0,0.0015636551319622675,0.9871716358787131,-0.01352516501762735
2014-07-09,0.0,0.0,0.0,0.0,0.0,1.0,0.0,0.003718188025424305,0.9908421256342759,-0.009857266098813544
2014-07-10,0.0,0.0,0.0,0.0,0.0,1.0,0.0,-0.0008540940528126214,0.9899958532674954,-0.010702941119274167
2014-07-11,0.0,0.0,0.0,0.0,0.0,1.0,0.0,-0.008442463343292947,0.9816378495662725,-0.01905504527450219
2014-07-14,0.0,0.0,0.0,0.0,0.0,1.0,0.0,0.0008033030596168935,0.9824264022542648,-0.018267049191055595
2014-07-15,0.0,0.0,0.0,0.0,0.0,1.0,0.0,-0.0019366973286104045,0.9805237396654626,-0.020168368774296064
2014-07-16,0.0,0.0,0.0,0.0,0.0,1.0,0.0,0.003980533995065492,0.9844267477441698,-0.01626811565676156
2014-07-17,0.0,0.0,0.0,0.0,0.0,1.0,0.0,0.0015386841114620588,0.985941469539822,-0.014754463036384058
2014-07-18,0.0,0.0,0.0,0.0,0.0,1.0,0.0,-0.00045146829041991057,0.9854963482301148,-0.015199270154600875
2014-07-21,0.0,0.0,0.0,0.0,0.0,1.0,0.0,0.0011725346211129359,0.986651876817395,-0.014044557203959807
2014-07-22,0.0,0.0,0.0,0.0,0.0,1.0,0.0,-0.00014492322146971337,0.9865088880489374,-0.014187445042955438
2014-07-23,0.0,0.0,0.0,0.0,0.0,1.0,0.0,-0.0017023504033727812,0.9848295042454366,-0.01586564344353647
2014-07-24,0.0,0.0,0.0,0.0,0.0,1.0,0.0,0.0008669354532418346,0.9856832878580655,-0.015012462479084387
2014-07-25,0.0,0.0,0.0,0.0,0.0,1.0,0.0,0.001380210561698619,0.9870437383424571,-0.013652972276656405
2014-07-28,0.0,0.0,0.0,0.0,0.0,1.0,0.0,-0.0010453195629245122,0.9860119622133056,-0.01468402012056802
2014-07-29,0.0,0.0,0.0,0.0,0.0,1.0,0.0,-0.0024142678705542753,0.9836314652129517,-0.017062836833134698
2014-07-30,0.0,0.0,0.0,0.0,0.0,1.0,0.0,0.0014573934717886153,0.9850650032889989,-0.015630310628356958
2014-07-31,0.0,0.0,0.0,0.0,0.0,1.0,0.0,-0.002732866326822764,0.9823729523117788,-0.018320461405585742
2014-08-01,0.0,0.0,0.0,0.0,0.0,1.0,0.0,-0.0029313731432148646,0.9794932506227513,-0.021198130440265084
2014-08-04,0.0,0.0,0.0,0.0,0.0,1.0,0.0,0.0017003950874190667,0.9811587761342703,-0.019533780549709223
2014-08-05,0.0,0.0,0.0,0.0,0.0,1.0,0.0,-0.0024989797428365645,0.9787068802282044,-0.021983945770650992
2014-08-06,0.0,0.0,0.0,0.0,0.0,1.0,0.0,0.000864286505684142,0.9795527633778057,-0.021138659692638284
2014-08-07,0.0,0.0,0.0,0.0,0.0,1.0,0.0,0.0007391308441530452,0.9802767810386936,-0.0204151530838681
2014-08-08,0.0,0.0,0.0,0.0,0.0,1.0,0.0,-0.001,0.9792965042576549,-0.02139473793078428
2014-08-11,0.0,0.0,0.0,0.0,0.0,1.0,0.0,0.0,0.9792965042576549,-0.02139473793078428
2014-08-12,0.0,0.0,0.0,0.0,0.0,1.0,0.0,0.0,0.9792965042576549,-0.02139473793078428
2014-08-13,0.0,0.0,0.0,0.0,0.0,1.0,0.0,0.0,0.9792965042576549,-0.02139473793078428
2014-08-14,0.0,0.0,0.0,0.0,0.0,1.0,0.0,0.0,0.9792965042576549,-0.02139473793078428
2014-08-15,0.0,0.0,0.0,0.0,0.0,1.0,0.0,0.0,0.9792965042576549,-0.02139473793078428
2014-08-18,0.0,0.0,0.0,0.0,0.0,1.0,0.0,0.0,0.9792965042576549,-0.02139473793078428
2014-08-19,0.0,0.0,0.0,0.0,0.0,1.0,0.0,0.0,0.9792965042576549,-0.02139473793078428
2014-08-20,0.0,0.0,0.0,0.0,0.0,1.0,0.0,0.0,0.9792965042576549,-0.02139473793078428
2014-08-21,0.0,0.0,0.0,0.0,0.0,1.0,0.0,0.0,0.9792965042576549,-0.02139473793078428
2014-08-22,0.0,0.0,0.0,0.0,0.0,1.0,0.0,0.0,0.9792965042576549,-0.02139473793078428
2014-08-25,0.0,0.0,0.0,0.0,0.0,1.0,0.0,0.0,0.9792965042576549,-0.02139473793078428
2014-08-26,0.0,0.0,0.0,0.0,0.0,1.0,0.0,0.0,0.9792965042576549,-0.02139473793078428
2014-08-27,0.0,0.0,0.0,0.0,0.0,1.0,0.0,0.0,0.9792965042576549,-0.02139473793078428
2014-08-28,0.0,0.0,0.0,0.0,0.0,1.0,0.0,0.0,0.9792965042576549,-0.02139473793078428
2014-08-29,0.0,0.0,0.0,0.0,0.0,1.0,0.0,0.0,0.9792965042576549,-0.02139473793078428
2014-09-02,0.0,0.0,0.0,0.0,0.0,1.0,0.0,0.0,0.9792965042576549,-0.02139473793078428
2014-09-03,0.0,0.0,0.0,0.0,0.0,1.0,0.0,0.0,0.9792965042576549,-0.02139473793078428
2014-09-04,0.0,0.0,0.0,0.0,0.0,1.0,0.0,-0.0008749474145136088,0.9784396713132124,-0.02225096607466115
2014-09-05,0.0,0.0,0.0,0.0,0.0,1.0,0.0,-0.0015828750151984379,0.9768909236036117,-0.023798620591595987
2014-09-08,0.0,0.0,0.0,0.0,0.0,1.0,0.0,-0.0024789824765074522,0.9744692281225392,-0.026218606704691894
2014-09-09,0.0,0.7902759686715208,0.0,0.0,0.0,0.2097240313284792,0.0,0.000372007128135557,0.9748317376215495,-0.025856353085140227
2014-09-10,0.0,0.7810770297215491,0.0,0.0,0.0,0.21892297027845084,0.0,4.497193768968087e-05,0.9748755776937117,-0.025812543957750456
2014-09-11,0.0,0.7792305227420505,0.0,0.0,0.0,0.22076947725794946,0.0,0.0006465981824011651,0.9755059304703156,-0.025182636119355672
2014-09-12,0.0,0.7650607256490143,0.0,0.0,0.0,0.2349392743509858,0.0,-0.003073773087461998,0.9725074465945763,-0.028179003497642685
2014-09-15,0.0,0.7523017607740748,0.0,0.0,0.0,0.24769823922592518,0.0,-0.0037341307233660446,0.9688759766595453,-0.031807910138294315
2014-09-16,0.0,0.7404531056938458,0.0,0.0,0.0,0.25954689430615424,0.0,0.0027507217916563007,0.9715410849219549,-0.029144683058202503
2014-09-17,0.0,0.7075281259393336,0.0,0.0,0.0,0.2924718740606664,0.0,-0.004309687446920507,0.9673540465040992,-0.03332876603040269
2014-09-18,0.0,0.7359696970342101,0.0,0.0,0.0,0.26403030296578983,0.0,0.00014570167639297844,0.9674949916103405,-0.03318792041109231
2014-09-19,0.0,0.7369506708036642,0.0,0.0,0.0,0.2630493291963359,0.0,0.00021823454135646986,0.9677061324360992,-0.03297692862032542
2014-09-22,0.0,0.7366378978750154,0.0,0.0,0.0,0.26336210212498457,0.0,0.0004728220040017818,0.9681636851889224,-0.03251969883379979
2014-09-23,0.0,0.7334519860013174,0.0,0.0,0.0,0.26654801399868244,0.0,-0.00027122147564641243,0.9679010984055582,-0.032782100268740955
2014-09-24,0.0,0.7276194168435033,0.0,0.0,0.0,0.27238058315649677,0.0,0.0024469618874513647,0.970269515504179,-0.030415354931237704
2014-09-25,0.0,0.723275066531783,0.0,0.0,0.0,0.27672493346821697,0.0,-0.003490004965503922,0.9668832700771923,-0.033799210157003934
2014-09-26,0.0,0.7208007849923151,0.0,0.0,0.0,0.2791992150076849,0.0,0.0013967402690265689,0.9682337548759571,-0.03244967860586512
2014-09-29,0.0,0.7047226202159467,0.0,0.0,0.0,0.2952773797840533,0.0,-0.0037734493295463593,0.9645801738627763,-0.03610068071743211
2014-09-30,0.0,0.7059251639395794,0.0,0.0,0.0,0.2940748360604206,0.0,0.0034262864845741956,0.9678851018757706,-0.032798085507284025
2014-10-01,0.0,0.7048622734489609,0.0,0.0,0.0,0.2951377265510391,0.0,0.000960172321814776,0.9688144383612884,-0.031869404999381956
2014-10-02,0.0,0.7082911619894585,0.0,0.0,0.0,0.2917088380105413,0.0,0.004267395703671985,0.9729487529332069,-0.027738008657682722
2014-10-03,0.0,0.687922696090627,0.0,0.0,0.0,0.31207730390937305,0.0,0.0009005079857482925,0.9738249010549471,-0.026862478970239523
2014-10-06,0.0,0.6869414291517072,0.0,0.0,0.0,0.31305857084829286,0.0,0.0013165947741164477,0.9751070338305806,-0.025581251195554988
2014-10-07,0.0,0.6728463806188881,0.0,0.0,0.0,0.3271536193811119,0.0,0.0009239019702797051,0.9760079371403704,-0.02468098379365702
2014-10-08,0.0,0.6710742763534178,0.0,0.0,0.0,0.32892572364658224,0.0,0.0016101750896715685,0.9775794808080756,-0.02311054940927848
2014-10-09,0.0,0.6784139959075625,0.0,0.0,0.0,0.32158600409243754,0.0,-0.002136502338706079,0.975490879961058,-0.025197676005122904
2014-10-10,0.0,0.6684362357039403,0.0,0.0,0.0,0.33156376429605966,0.0,-0.0018797487703266769,0.9736572021789863,-0.02703005947496384
2014-10-13,0.0,0.6766141347716841,0.0,0.0,0.0,0.3233858652283159,0.0,0.004892353490244613,0.9784206773903684,-0.022269946590533163
2014-10-14,0.0,0.6857603991382043,0.0,0.0,0.0,0.3142396008617957,0.0,0.0019027009162802082,0.9802823193097465,-0.020409618722036393
2014-10-15,0.0,0.6955245127936249,0.0,0.0,0.0,0.30447548720637513,0.0,0.003637488394367636,0.9838480848694396,-0.01684637007890344
2014-10-16,0.0,0.7140651053746123,0.0,0.0,0.0,0.2859348946253878,0.0,-0.0010982789760758784,0.982767545202175,-0.017926147040898455
2014-10-17,0.0,0.7152031953772138,0.0,0.0,0.0,0.2847968046227862,0.0,0.0008973450529801574,0.9836494267970916,-0.017044887927284536
2014-10-20,0.0,0.7163427070290965,0.0,0.0,0.0,0.2836572929709035,0.0,-0.0002836572929709035,0.9833704074634539,-0.017323710313487006
2014-10-21,0.0,0.716083531146148,0.0,0.0,0.0,0.28391646885385197,0.0,0.0,0.9833704074634539,-0.017323710313487006
2014-10-22,0.0,0.7160409723134263,0.0,0.0,0.0,0.28395902768657366,0.0,0.0,0.9833704074634539,-0.017323710313487006
2014-10-23,0.0,0.7155735916662139,0.0,0.0,0.0,0.2844264083337861,0.0,0.0,0.9833704074634539,-0.017323710313487006
2014-10-24,0.0,0.7152525394910487,0.0,0.0,0.0,0.2847474605089514,0.0,0.0,0.9833704074634539,-0.017323710313487006
2014-10-27,0.0,0.7146127206485743,0.0,0.0,0.0,0.2853872793514256,0.0,0.0,0.9833704074634539,-0.017323710313487006
2014-10-28,0.0,0.7138268829608376,0.0,0.0,0.0,0.2861731170391625,0.0,0.0,0.9833704074634539,-0.017323710313487006
2014-10-29,0.0,0.7134242794838092,0.0,0.0,0.0,0.2865757205161908,0.0,0.0,0.9833704074634539,-0.017323710313487006
2014-10-30,0.0,0.712855795965639,0.0,0.0,0.0,0.28714420403436103,0.0,0.0,0.9833704074634539,-0.017323710313487006
2014-10-31,0.0,0.7127332213310437,0.0,0.0,0.0,0.28726677866895634,0.0,0.0,0.9833704074634539,-0.017323710313487006
2014-11-03,0.0,0.7126363451314408,0.0,0.0,0.0,0.28736365486855914,0.0,0.0,0.9833704074634539,-0.017323710313487006
2014-11-04,0.0,0.7125736051052692,0.0,0.0,0.0,0.28742639489473076,0.0,0.0,0.9833704074634539,-0.017323710313487006
2014-11-05,0.0,0.7125736051052692,0.0,0.0,0.0,0.28742639489473076,0.0,0.0,0.9833704074634539,-0.017323710313487006
2014-11-06,0.0,0.7125736051052692,0.0,0.0,0.0,0.28742639489473076,0.0,0.0,0.9833704074634539,-0.017323710313487006
2014-11-07,0.0,0.7125736051052692,0.0,0.0,0.0,0.28742639489473076,0.0,0.0,0.9833704074634539,-0.017323710313487006
2014-11-10,0.0,0.7125736051052692,0.0,0.0,0.0,0.28742639489473076,0.0,0.0,0.9833704074634539,-0.017323710313487006
2014-11-11,0.0,0.7125736051052692,0.0,0.0,0.0,0.28742639489473076,0.0,0.0,0.9833704074634539,-0.017323710313487006
2014-11-12,0.0,0.7125736051052692,0.0,0.0,0.0,0.28742639489473076,0.0,0.0,0.9833704074634539,-0.017323710313487006
2014-11-13,0.0,0.7125736051052692,0.0,0.0,0.0,0.28742639489473076,0.0,0.0,0.9833704074634539,-0.017323710313487006
2014-11-14,0.0,0.7125736051052692,0.0,0.0,0.0,0.28742639489473076,0.0,0.0,0.9833704074634539,-0.017323710313487006
2014-11-17,0.0,0.7125736051052692,0.0,0.0,0.0,0.28742639489473076,0.0,0.0,0.9833704074634539,-0.017323710313487006
2014-11-18,0.0,0.7125736051052692,0.0,0.0,0.0,0.28742639489473076,0.0,0.0,0.9833704074634539,-0.017323710313487006
2014-11-19,0.0,0.7125736051052692,0.0,0.0,0.0,0.28742639489473076,0.0,0.0,0.9833704074634539,-0.017323710313487006
2014-11-20,0.0,0.7125736051052692,0.0,0.0,0.0,0.28742639489473076,0.0,0.0,0.9833704074634539,-0.017323710313487006
2014-11-21,0.0,0.7125736051052692,0.0,0.0,0.0,0.28742639489473076,0.0,0.0,0.9833704074634539,-0.017323710313487006
2014-11-24,0.0,0.7125736051052692,0.0,0.0,0.0,0.28742639489473076,0.0,0.0,0.9833704074634539,-0.017323710313487006
2014-11-25,0.0,0.7125736051052692,0.0,0.0,0.0,0.28742639489473076,0.0,0.0,0.9833704074634539,-0.017323710313487006
2014-11-26,0.0,0.7125736051052692,0.0,0.0,0.0,0.28742639489473076,0.0,0.0,0.9833704074634539,-0.017323710313487006
2014-11-28,0.0,0.7125736051052692,0.0,0.0,0.0,0.28742639489473076,0.0,0.0,0.9833704074634539,-0.017323710313487006
2014-12-01,0.0,0.7125278106695981,0.0,0.0,0.0,0.2874721893304019,0.0,0.0,0.9833704074634539,-0.017323710313487006
2014-12-02,0.0,0.7123126916148962,0.0,0.0,0.0,0.28768730838510387,0.0,0.0,0.9833704074634539,-0.017323710313487006
2014-12-03,0.0,0.7304537057649542,0.0,0.0,0.0,0.2695462942350459,0.0,0.0,0.9833704074634539,-0.017323710313487006
2014-12-04,0.0,0.7300548995184364,0.0,0.0,0.0,0.26994510048156367,0.0,0.0,0.9833704074634539,-0.017323710313487006
2014-12-05,0.0,0.7300406087112108,0.0,0.0,0.0,0.26995939128878926,0.0,0.0,0.9833704074634539,-0.017323710313487006
2014-12-08,0.0,0.7301712089925259,0.0,0.0,0.0,0.26982879100747414,0.0,0.0,0.9833704074634539,-0.017323710313487006
2014-12-09,0.0,0.7348557546186298,0.0,0.0,0.0,0.2651442453813701,0.0,0.0,0.9833704074634539,-0.017323710313487006
2014-12-10,0.0,0.7405051714799644,0.0,0.0,0.0,0.2594948285200356,0.0,0.0,0.9833704074634539,-0.017323710313487006
2014-12-11,0.0,0.7534945034239999,0.0,0.0,0.0,0.24650549657600013,0.0,0.0,0.9833704074634539,-0.017323710313487006
2014-12-12,0.0,0.7344033301747351,0.0,0.0,0.0,0.2655966698252648,0.0,0.0,0.9833704074634539,-0.017323710313487006
2014-12-15,0.0,0.734610261697461,0.0,0.0,0.0,0.265389738302539,0.0,0.0,0.9833704074634539,-0.017323710313487006
2014-12-16,0.0,0.7345569142763375,0.0,0.0,0.0,0.2654430857236626,0.0,0.0,0.9833704074634539,-0.017323710313487006
2014-12-17,0.0,0.7354024243257186,0.0,0.0,0.0,0.26459757567428144,0.0,0.0,0.9833704074634539,-0.017323710313487006
2014-12-18,0.0,0.7373514100591734,0.0,0.0,0.0,0.2626485899408267,0.0,0.0,0.9833704074634539,-0.017323710313487006
2014-12-19,0.0,0.7342856106319156,0.0,0.0,0.0,0.2657143893680844,0.0,0.0,0.9833704074634539,-0.017323710313487006
2014-12-22,0.0,0.7361313598427738,0.0,0.0,0.0,0.2638686401572262,0.0,0.0,0.9833704074634539,-0.017323710313487006
2014-12-23,0.0,0.7505898825095904,0.0,0.0,0.0,0.24941011749040964,0.0,0.0,0.9833704074634539,-0.017323710313487006
2014-12-24,0.0,0.7480185228272143,0.0,0.0,0.0,0.25198147717278563,0.0,0.0,0.9833704074634539,-0.017323710313487006
2014-12-26,0.0,0.752690671595747,0.0,0.0,0.0,0.24730932840425304,0.0,0.0,0.9833704074634539,-0.017323710313487006
2014-12-29,0.0,0.7501558172382402,0.0,0.0,0.0,0.24984418276175985,0.0,0.0,0.9833704074634539,-0.017323710313487006
2014-12-30,0.0,0.8000285669905567,0.0,0.0,0.0,0.19997143300944334,0.0,0.0,0.9833704074634539,-0.017323710313487006
2014-12-31,0.0,0.8044068542544935,0.0,0.0,0.0,0.19559314574550643,0.0,0.0,0.9833704074634539,-0.017323710313487006
2015-01-02,0.0,0.817210381579934,0.0,0.0,0.0,0.18278961842006608,0.0,0.0,0.9833704074634539,-0.017323710313487006
2015-01-05,0.0,0.8247978029959039,0.0,0.0,0.0,0.1752021970040961,0.0,0.0,0.9833704074634539,-0.017323710313487006
2015-01-06,0.0,0.8200741026544566,0.0,0.0,0.0,0.17992589734554335,0.0,0.0,0.9833704074634539,-0.017323710313487006
2015-01-07,0.0,0.8533977566375723,0.0,0.0,0.0,0.14660224336242766,0.0,0.0,0.9833704074634539,-0.017323710313487006
2015-01-08,0.0,0.847806150063263,0.0,0.0,0.0,0.15219384993673707,0.0,0.0,0.9833704074634539,-0.017323710313487006
2015-01-09,0.0,0.9386963563500347,0.0,0.0,0.0,0.061303643649965364,0.0,0.0,0.9833704074634539,-0.017323710313487006
2015-01-12,0.0,0.0,0.0,0.0,0.0,1.0,0.0,0.0,0.9833704074634539,-0.017323710313487006
2015-01-13,0.0,0.0,0.0,0.0,0.0,1.0,0.0,0.0,0.9833704074634539,-0.017323710313487006
2015-01-14,0.0,0.0,0.0,0.0,0.0,1.0,0.0,0.0,0.9833704074634539,-0.017323710313487006
2015-01-15,0.0,0.0,0.0,0.0,0.0,1.0,0.0,0.0,0.9833704074634539,-0.017323710313487006
2015-01-16,0.0,0.0,0.0,0.0,0.0,0.0,0.0,0.0,0.9833704074634539,-0.017323710313487006
2015-01-20,0.0,0.0,0.0,0.0,0.0,0.0,0.0,0.0,0.9833704074634539,-0.017323710313487006
2015-01-21,0.0,0.0,0.0,0.0,0.0,0.0,0.0,0.0,0.9833704074634539,-0.017323710313487006
2015-01-22,0.0,0.0,0.0,0.0,0.0,0.0,0.0,0.0,0.9833704074634539,-0.017323710313487006
2015-01-23,0.0,0.0,0.0,0.0,0.0,0.0,0.0,0.0,0.9833704074634539,-0.017323710313487006
2015-01-26,0.0,0.0,0.0,0.0,0.0,0.0,0.0,0.0,0.9833704074634539,-0.017323710313487006
2015-01-27,0.0,0.0,0.0,0.0,0.0,0.0,0.0,0.0,0.9833704074634539,-0.017323710313487006
2015-01-28,0.0,0.0,0.0,0.0,0.0,0.0,0.0,0.0,0.9833704074634539,-0.017323710313487006
2015-01-29,1.0,0.0,0.0,0.0,0.0,0.0,0.0,0.00019584155128101954,0.9835629922495355,-0.01713126146450772
2015-01-30,1.0,0.0,0.0,0.0,0.0,0.0,0.0,-0.001,0.9825794292572859,-0.0181141302030432
2015-02-02,1.0,0.0,0.0,0.0,0.0,0.0,0.0,0.0,0.9825794292572859,-0.0181141302030432
2015-02-03,1.0,0.0,0.0,0.0,0.0,0.0,0.0,0.0,0.9825794292572859,-0.0181141302030432
2015-02-04,1.0,0.0,0.0,0.0,0.0,0.0,0.0,0.0,0.9825794292572859,-0.0181141302030432
2015-02-05,1.0,0.0,0.0,0.0,0.0,0.0,0.0,0.0,0.9825794292572859,-0.0181141302030432
2015-02-06,1.0,0.0,0.0,0.0,0.0,0.0,0.0,0.0,0.9825794292572859,-0.0181141302030432
2015-02-09,1.0,0.0,0.0,0.0,0.0,0.0,0.0,0.0,0.9825794292572859,-0.0181141302030432
2015-02-10,1.0,0.0,0.0,0.0,0.0,0.0,0.0,0.0008463542028097721,0.9834110394868324,-0.01728310697046087
2015-02-11,1.0,0.0,0.0,0.0,0.0,0.0,0.0,-0.013540697676880842,0.970094967909034,-0.030589779320937538
2015-02-12,1.0,0.0,0.0,0.0,0.0,0.0,0.0,-0.0015152945313007403,0.9686249883093191,-0.03205872132691956
2015-02-13,1.0,0.0,0.0,0.0,0.0,0.0,0.0,-0.001,0.9676563633210098,-0.033026662605592616
2015-02-17,1.0,0.0,0.0,0.0,0.0,0.0,0.0,0.0,0.9676563633210098,-0.033026662605592616
2015-02-18,1.0,0.0,0.0,0.0,0.0,0.0,0.0,0.0,0.9676563633210098,-0.033026662605592616
2015-02-19,1.0,0.0,0.0,0.0,0.0,0.0,0.0,0.0,0.9676563633210098,-0.033026662605592616
2015-02-20,1.0,0.0,0.0,0.0,0.0,0.0,0.0,0.0,0.9676563633210098,-0.033026662605592616
2015-02-23,1.0,0.0,0.0,0.0,0.0,0.0,0.0,0.0,0.9676563633210098,-0.033026662605592616
2015-02-24,1.0,0.0,0.0,0.0,0.0,0.0,0.0,0.0,0.9676563633210098,-0.033026662605592616
2015-02-25,1.0,0.0,0.0,0.0,0.0,0.0,0.0,0.0,0.9676563633210098,-0.033026662605592616
2015-02-26,1.0,0.0,0.0,0.0,0.0,0.0,0.0,0.0,0.9676563633210098,-0.033026662605592616
2015-02-27,1.0,0.0,0.0,0.0,0.0,0.0,0.0,0.0,0.9676563633210098,-0.033026662605592616
2015-03-02,1.0,0.0,0.0,0.0,0.0,0.0,0.0,0.0,0.9676563633210098,-0.033026662605592616
2015-03-03,1.0,0.0,0.0,0.0,0.0,0.0,0.0,0.0,0.9676563633210098,-0.033026662605592616
2015-03-04,1.0,0.0,0.0,0.0,0.0,0.0,0.0,0.0,0.9676563633210098,-0.033026662605592616
2015-03-05,1.0,0.0,0.0,0.0,0.0,0.0,0.0,0.0,0.9676563633210098,-0.033026662605592616
2015-03-06,1.0,0.0,0.0,0.0,0.0,0.0,0.0,0.0,0.9676563633210098,-0.033026662605592616
2015-03-09,1.0,0.0,0.0,0.0,0.0,0.0,0.0,0.0,0.9676563633210098,-0.033026662605592616
2015-03-10,1.0,0.0,0.0,0.0,0.0,0.0,0.0,0.0,0.9676563633210098,-0.033026662605592616
2015-03-11,1.0,0.0,0.0,0.0,0.0,0.0,0.0,0.0,0.9676563633210098,-0.033026662605592616
2015-03-12,0.2759746223491048,0.724025377650895,0.0,0.0,0.0,0.0,0.0,0.004232626347479872,0.9717520911397088,-0.02893382578042658
2015-03-13,0.3660267573243887,0.6339732426756112,0.0,0.0,0.0,0.0,0.0,0.00048633076529828155,0.972224684077873,-0.028461566424763052
2015-03-16,0.3670860685000689,0.6329139314999311,0.0,0.0,0.0,0.0,0.0,-0.0006329139314999311,0.971609349530772,-0.029076466634360365
2015-03-17,0.3690040443816076,0.6309959556183923,0.0,0.0,0.0,0.0,0.0,0.0,0.971609349530772,-0.029076466634360365
2015-03-18,0.3690040443816076,0.6309959556183923,0.0,0.0,0.0,0.0,0.0,0.0,0.971609349530772,-0.029076466634360365
2015-03-19,0.3690040443816076,0.6309959556183923,0.0,0.0,0.0,0.0,0.0,0.0,0.971609349530772,-0.029076466634360365
2015-03-20,0.3690040443816076,0.6309959556183923,0.0,0.0,0.0,0.0,0.0,0.0,0.971609349530772,-0.029076466634360365
2015-03-23,0.3690040443816076,0.6309959556183923,0.0,0.0,0.0,0.0,0.0,0.0,0.971609349530772,-0.029076466634360365
2015-03-24,0.3690040443816076,0.6309959556183923,0.0,0.0,0.0,0.0,0.0,0.0,0.971609349530772,-0.029076466634360365
2015-03-25,0.3690040443816076,0.6309959556183923,0.0,0.0,0.0,0.0,0.0,0.0,0.971609349530772,-0.029076466634360365
2015-03-26,0.3690040443816076,0.6309959556183923,0.0,0.0,0.0,0.0,0.0,0.0,0.971609349530772,-0.029076466634360365
2015-03-27,0.3690040443816076,0.6309959556183923,0.0,0.0,0.0,0.0,0.0,0.0,0.971609349530772,-0.029076466634360365
2015-03-30,0.3690040443816076,0.6309959556183923,0.0,0.0,0.0,0.0,0.0,0.0,0.971609349530772,-0.029076466634360365
2015-03-31,0.3690040443816076,0.6309959556183923,0.0,0.0,0.0,0.0,0.0,0.0,0.971609349530772,-0.029076466634360365
2015-04-01,0.3690040443816076,0.6309959556183923,0.0,0.0,0.0,0.0,0.0,0.0,0.971609349530772,-0.029076466634360365
2015-04-02,0.3690040443816076,0.6309959556183923,0.0,0.0,0.0,0.0,0.0,0.0,0.971609349530772,-0.029076466634360365
2015-04-06,0.3690040443816076,0.6309959556183923,0.0,0.0,0.0,0.0,0.0,0.0,0.971609349530772,-0.029076466634360365
2015-04-07,0.3690040443816076,0.6309959556183923,0.0,0.0,0.0,0.0,0.0,0.0,0.971609349530772,-0.029076466634360365
2015-04-08,0.3690040443816076,0.6309959556183923,0.0,0.0,0.0,0.0,0.0,0.0,0.971609349530772,-0.029076466634360365
2015-04-09,0.3690040443816076,0.6309959556183923,0.0,0.0,0.0,0.0,0.0,0.0,0.971609349530772,-0.029076466634360365
2015-04-10,0.3690040443816076,0.6309959556183923,0.0,0.0,0.0,0.0,0.0,0.0,0.971609349530772,-0.029076466634360365
2015-04-13,0.3690040443816076,0.6309959556183923,0.0,0.0,0.0,0.0,0.0,0.0,0.971609349530772,-0.029076466634360365
2015-04-14,0.3690040443816076,0.6309959556183923,0.0,0.0,0.0,0.0,0.0,0.0,0.971609349530772,-0.029076466634360365
2015-04-15,0.3690040443816076,0.6309959556183923,0.0,0.0,0.0,0.0,0.0,0.0,0.971609349530772,-0.029076466634360365
2015-04-16,0.3690040443816076,0.6309959556183923,0.0,0.0,0.0,0.0,0.0,0.0,0.971609349530772,-0.029076466634360365
2015-04-17,0.3690040443816076,0.6309959556183923,0.0,0.0,0.0,0.0,0.0,0.0,0.971609349530772,-0.029076466634360365
2015-04-20,0.3690040443816076,0.6309959556183923,0.0,0.0,0.0,0.0,0.0,0.0,0.971609349530772,-0.029076466634360365
2015-04-21,0.3690040443816076,0.6309959556183923,0.0,0.0,0.0,0.0,0.0,0.0,0.971609349530772,-0.029076466634360365
2015-04-22,0.3690040443816076,0.6309959556183923,0.0,0.0,0.0,0.0,0.0,0.0,0.971609349530772,-0.029076466634360365
2015-04-23,0.3690040443816076,0.6309959556183923,0.0,0.0,0.0,0.0,0.0,0.0,0.971609349530772,-0.029076466634360365
2015-04-24,0.3690040443816076,0.6309959556183923,0.0,0.0,0.0,0.0,0.0,0.0,0.971609349530772,-0.029076466634360365
2015-04-27,0.3689943785936348,0.6310056214063652,0.0,0.0,0.0,0.0,0.0,0.0,0.971609349530772,-0.029076466634360365
2015-04-28,0.36908517010855957,0.6309148298914403,0.0,0.0,0.0,0.0,0.0,0.0,0.971609349530772,-0.029076466634360365
2015-04-29,0.36938705847116515,0.630612941528835,0.0,0.0,0.0,0.0,0.0,0.0,0.971609349530772,-0.029076466634360365
2015-04-30,0.36938705847116515,0.630612941528835,0.0,0.0,0.0,0.0,0.0,0.0,0.971609349530772,-0.029076466634360365
2015-05-01,0.36938705847116515,0.630612941528835,0.0,0.0,0.0,0.0,0.0,0.0,0.971609349530772,-0.029076466634360365
2015-05-04,0.36938705847116515,0.630612941528835,0.0,0.0,0.0,0.0,0.0,0.0,0.971609349530772,-0.029076466634360365
2015-05-05,0.36938705847116515,0.630612941528835,0.0,0.0,0.0,0.0,0.0,0.0,0.971609349530772,-0.029076466634360365
2015-05-06,0.36938705847116515,0.630612941528835,0.0,0.0,0.0,0.0,0.0,0.0,0.971609349530772,-0.029076466634360365
2015-05-07,0.36938705847116515,0.630612941528835,0.0,0.0,0.0,0.0,0.0,0.0,0.971609349530772,-0.029076466634360365
2015-05-08,0.3701242430791769,0.6298757569208232,0.0,0.0,0.0,0.0,0.0,0.0,0.971609349530772,-0.029076466634360365
2015-05-11,0.8162529711901627,0.1837470288098373,0.0,0.0,0.0,0.0,0.0,0.0,0.971609349530772,-0.029076466634360365
2015-05-12,0.888912808622946,0.11108719137705396,0.0,0.0,0.0,0.0,0.0,0.0,0.971609349530772,-0.029076466634360365
2015-05-13,0.0,1.0,0.0,0.0,0.0,0.0,0.0,0.0,0.971609349530772,-0.029076466634360365
2015-05-14,0.0,1.0,0.0,0.0,0.0,0.0,0.0,0.0,0.971609349530772,-0.029076466634360365
2015-05-15,0.0,1.0,0.0,0.0,0.0,0.0,0.0,0.0,0.971609349530772,-0.029076466634360365
2015-05-18,0.0,1.0,0.0,0.0,0.0,0.0,0.0,0.0,0.971609349530772,-0.029076466634360365
2015-05-19,0.0,1.0,0.0,0.0,0.0,0.0,0.0,0.0,0.971609349530772,-0.029076466634360365
2015-05-20,0.0,1.0,0.0,0.0,0.0,0.0,0.0,0.0,0.971609349530772,-0.029076466634360365
2015-05-21,0.0,1.0,0.0,0.0,0.0,0.0,0.0,0.0,0.971609349530772,-0.029076466634360365
2015-05-22,0.0,1.0,0.0,0.0,0.0,0.0,0.0,0.0,0.971609349530772,-0.029076466634360365
2015-05-26,0.0,1.0,0.0,0.0,0.0,0.0,0.0,0.0,0.971609349530772,-0.029076466634360365
2015-05-27,0.0,1.0,0.0,0.0,0.0,0.0,0.0,0.0,0.971609349530772,-0.029076466634360365
2015-05-28,0.0,1.0,0.0,0.0,0.0,0.0,0.0,0.0,0.971609349530772,-0.029076466634360365
2015-05-29,0.0,1.0,0.0,0.0,0.0,0.0,0.0,0.0,0.971609349530772,-0.029076466634360365
2015-06-01,0.0,1.0,0.0,0.0,0.0,0.0,0.0,0.0,0.971609349530772,-0.029076466634360365
2015-06-02,0.0,1.0,0.0,0.0,0.0,0.0,0.0,0.0,0.971609349530772,-0.029076466634360365
2015-06-03,0.0,1.0,0.0,0.0,0.0,0.0,0.0,0.0,0.971609349530772,-0.029076466634360365
2015-06-04,0.0,1.0,0.0,0.0,0.0,0.0,0.0,0.0,0.971609349530772,-0.029076466634360365
2015-06-05,0.0,1.0,0.0,0.0,0.0,0.0,0.0,0.0,0.971609349530772,-0.029076466634360365
2015-06-08,0.0,1.0,0.0,0.0,0.0,0.0,0.0,0.0,0.971609349530772,-0.029076466634360365
2015-06-09,0.0,1.0,0.0,0.0,0.0,0.0,0.0,0.0,0.971609349530772,-0.029076466634360365
2015-06-10,0.0,1.0,0.0,0.0,0.0,0.0,0.0,0.0,0.971609349530772,-0.029076466634360365
2015-06-11,0.0,0.0,0.0,0.0,0.0,0.0,0.0,0.0,0.971609349530772,-0.029076466634360365
2015-06-12,0.0,0.0,0.0,0.0,0.0,0.0,0.0,0.0,0.971609349530772,-0.029076466634360365
2015-06-15,0.0,0.0,0.0,0.0,0.0,0.0,0.0,0.0,0.971609349530772,-0.029076466634360365
2015-06-16,0.0,0.0,0.0,0.0,0.0,0.0,0.0,0.0,0.971609349530772,-0.029076466634360365
2015-06-17,0.0,0.0,0.0,0.0,0.0,0.0,0.0,0.0,0.971609349530772,-0.029076466634360365
2015-06-18,0.0,0.0,0.0,0.0,0.0,0.0,0.0,0.0,0.971609349530772,-0.029076466634360365
2015-06-19,0.0,0.0,0.0,0.0,0.0,0.0,0.0,0.0,0.971609349530772,-0.029076466634360365
2015-06-22,0.0,0.0,0.0,0.0,0.0,0.0,0.0,0.0,0.971609349530772,-0.029076466634360365
2015-06-23,0.0,0.0,0.0,0.0,0.0,0.0,0.0,0.0,0.971609349530772,-0.029076466634360365
2015-06-24,0.0,0.0,0.0,0.0,0.0,0.0,0.0,0.0,0.971609349530772,-0.029076466634360365
2015-06-25,0.0,0.0,0.0,0.0,0.0,0.0,0.0,0.0,0.971609349530772,-0.029076466634360365
2015-06-26,0.0,0.0,0.0,0.0,0.0,0.0,0.0,0.0,0.971609349530772,-0.029076466634360365
2015-06-29,0.0,0.0,0.0,0.0,0.0,0.0,0.0,0.0,0.971609349530772,-0.029076466634360365
2015-06-30,0.0,0.0,0.0,0.0,0.0,1.0,0.0,0.004530752006041601,0.9760114705402474,-0.02467745288785106
2015-07-01,0.0,0.0,0.0,0.0,0.0,1.0,0.0,0.007395617782592228,0.9832296783277888,-0.017464340114665244
2015-07-02,0.0,0.0,0.0,0.0,0.0,1.0,0.0,0.00021021266761484423,0.9834363656613483,-0.017257798672573932
2015-07-06,0.0,0.0,0.0,0.0,0.0,1.0,0.0,-0.007961579564664388,0.9756066587893512,-0.02508197889999564
2015-07-07,0.0,0.0,0.0,0.0,0.0,1.0,0.0,0.0023156514948384525,0.977865823807151,-0.022824408527090445
2015-07-08,0.0,0.0,0.0,0.0,0.0,1.0,0.0,-0.001,0.9768879579833439,-0.023801584118563368
2015-07-09,0.0,0.0,0.0,0.0,0.0,1.0,0.0,0.0,0.9768879579833439,-0.023801584118563368
2015-07-10,0.0,0.0,0.0,0.0,0.0,1.0,0.0,0.0,0.9768879579833439,-0.023801584118563368
2015-07-13,0.0,0.0,0.0,0.0,0.0,1.0,0.0,0.0,0.9768879579833439,-0.023801584118563368
2015-07-14,0.0,0.0,0.0,0.0,0.0,1.0,0.0,0.0,0.9768879579833439,-0.023801584118563368
2015-07-15,0.0,0.0,0.0,0.0,0.0,1.0,0.0,0.0,0.9768879579833439,-0.023801584118563368
2015-07-16,0.0,0.0,0.0,0.0,0.0,1.0,0.0,0.0,0.9768879579833439,-0.023801584118563368
2015-07-17,0.0,0.0,0.0,0.0,0.0,1.0,0.0,0.0,0.9768879579833439,-0.023801584118563368
2015-07-20,0.0,0.0,0.0,0.0,0.0,1.0,0.0,0.0,0.9768879579833439,-0.023801584118563368
2015-07-21,0.0,0.0,0.0,0.0,0.0,1.0,0.0,0.0,0.9768879579833439,-0.023801584118563368
2015-07-22,0.0,0.0,0.0,0.0,0.0,1.0,0.0,0.0,0.9768879579833439,-0.023801584118563368
2015-07-23,0.0,0.0,0.0,0.0,0.0,1.0,0.0,0.0,0.9768879579833439,-0.023801584118563368
2015-07-24,0.0,0.0,0.0,0.0,0.0,1.0,0.0,0.0,0.9768879579833439,-0.023801584118563368
2015-07-27,0.0,0.0,0.0,0.0,0.0,1.0,0.0,0.0,0.9768879579833439,-0.023801584118563368
2015-07-28,0.0,0.0,0.0,0.0,0.0,1.0,0.0,0.0,0.9768879579833439,-0.023801584118563368
2015-07-29,0.0,0.0,0.0,0.0,0.0,1.0,0.0,0.0,0.9768879579833439,-0.023801584118563368
2015-07-30,0.0,0.0,0.0,0.0,0.0,1.0,0.0,0.0,0.9768879579833439,-0.023801584118563368
2015-07-31,0.0,0.0,0.0,0.0,0.0,1.0,0.0,0.0,0.9768879579833439,-0.023801584118563368
2015-08-03,0.0,0.0,0.0,0.0,0.0,1.0,0.0,0.0,0.9768879579833439,-0.023801584118563368
2015-08-04,0.0,0.0,0.0,0.0,0.0,1.0,0.0,0.0,0.9768879579833439,-0.023801584118563368
2015-08-05,0.0,0.0,0.0,0.0,0.0,1.0,0.0,0.0,0.9768879579833439,-0.023801584118563368
2015-08-06,0.0,0.0,0.0,0.0,0.0,1.0,0.0,0.0,0.9768879579833439,-0.023801584118563368
2015-08-07,0.0,0.0,0.0,0.0,0.0,1.0,0.0,0.0,0.9768879579833439,-0.023801584118563368
2015-08-10,0.0,0.0,0.0,0.0,0.0,1.0,0.0,0.0,0.9768879579833439,-0.023801584118563368
2015-08-11,0.0,0.0,0.0,0.0,0.0,1.0,0.0,0.0,0.9768879579833439,-0.023801584118563368
2015-08-12,0.0,0.0,0.0,0.0,0.0,1.0,0.0,0.0,0.9768879579833439,-0.023801584118563368
2015-08-13,0.0,0.0,0.0,0.0,0.0,1.0,0.0,0.0,0.9768879579833439,-0.023801584118563368
2015-08-14,0.0,0.0,0.0,0.0,0.0,1.0,0.0,0.0,0.9768879579833439,-0.023801584118563368
2015-08-17,0.0,0.0,0.0,0.0,0.0,1.0,0.0,0.0,0.9768879579833439,-0.023801584118563368
2015-08-18,0.0,0.0,0.0,0.0,0.0,1.0,0.0,0.0,0.9768879579833439,-0.023801584118563368
2015-08-19,0.0,0.0,0.0,0.0,0.0,1.0,0.0,0.0,0.9768879579833439,-0.023801584118563368
2015-08-20,0.0,0.0,0.0,0.0,0.0,1.0,0.0,0.0,0.9768879579833439,-0.023801584118563368
2015-08-21,0.0,0.0,0.0,0.0,0.0,1.0,0.0,0.0,0.9768879579833439,-0.023801584118563368
2015-08-24,0.0,0.0,0.0,0.0,0.0,1.0,0.0,0.0,0.9768879579833439,-0.023801584118563368
2015-08-25,0.0,0.0,0.0,0.0,0.0,1.0,0.0,0.0,0.9768879579833439,-0.023801584118563368
2015-08-26,0.0,0.0,0.0,0.0,0.0,1.0,0.0,0.0,0.9768879579833439,-0.023801584118563368
2015-08-27,0.0,0.0,0.0,0.0,0.0,0.48189312557839104,0.5181068744216089,0.0042113712729572,0.9810019958664928,-0.019690450153213912
2015-08-28,0.0,0.0,0.0,0.0,0.0,0.531604841923302,0.4683951580766979,0.0033823478361066374,0.9843200858444281,-0.01637470226857507
2015-08-31,0.0,0.0,0.0,0.0,0.0,0.5589823660143982,0.4410176339856016,-0.0038370649012521713,0.980543185791437,-0.020148936374484006
2015-09-01,0.0,0.0,0.0,0.0,0.0,0.595545452103503,0.40445454789649715,-0.006612572037983366,0.9740592733390374,-0.026628272119202268
2015-09-02,0.0,0.0,0.0,0.0,0.0,0.6675397371709012,0.3324602628290987,0.0016257579065741554,0.9756428579041402,-0.02504580533656431
2015-09-03,0.0,0.0,0.0,0.0,0.0,0.6718146377990163,0.3281853622009836,0.0010365185500273667,0.9766541298245596,-0.024035247228368695
2015-09-04,0.0,0.0,0.0,0.0,0.0,0.6734403631519726,0.3265596368480274,-0.0032361141927187156,0.973493565533657,-0.0271935806164062
2015-09-08,0.0,0.0,0.0,0.0,0.0,0.689576371053932,0.31042362894606806,-0.0004057461125477297,0.9730985743038515,-0.027588293039332523
2015-09-09,0.0,0.0,0.0,0.0,0.0,0.6898236664595438,0.3101763335404561,0.0015414303239946255,0.9745985379545195,-0.02608938814681594
2015-09-10,0.0,0.0,0.0,0.0,0.0,0.6933794482401416,0.30662055175985836,-0.0019189996581227466,0.9727282836933778,-0.02795832227800421
2015-09-11,0.0,0.0,0.0,0.0,0.0,0.6987854182149271,0.30121458178507277,0.00014469714035441407,0.9728690346943701,-0.027817670626932522
2015-09-14,0.0,0.0,0.0,0.0,0.0,0.6988217549990728,0.3011782450009272,0.00016259946259422907,0.973027222676586,-0.027659594302632873
2015-09-15,0.0,0.0,0.0,0.0,0.0,0.6988656377868923,0.3011343622131078,0.0007729602894021532,0.9737793340802223,-0.02690801378124752
2015-09-16,0.0,0.0,0.0,0.0,0.0,0.6997467378742964,0.3002532621257036,0.0010059362146932567,0.9747588939774935,-0.025929145312082347
2015-09-17,0.0,0.0,0.0,0.0,0.0,0.7011824563664115,0.29881754363358853,-0.0009484320685212358,0.973834401383369,-0.026852985347680214
2015-09-18,0.0,0.0,0.0,0.0,0.0,0.7025170605081413,0.2974829394918586,-0.0010039758498302334,0.9728566951626462,-0.027830001448725605
2015-09-21,0.0,0.0,0.0,0.0,0.0,0.7039530619052287,0.29604693809477134,0.0019553631234269946,0.9747589832687463,-0.025929056083856317
2015-09-22,0.0,0.0,0.0,0.0,0.0,0.7092566464078183,0.2907433535921818,0.002104124177049584,0.9768099972122384,-0.023879489860600844
2015-09-23,0.0,0.0,0.0,0.0,0.0,0.715034267084355,0.284965732915645,-5.298241388520733e-05,0.9767582434606789,-0.023931207081470895
2015-09-24,0.0,0.0,0.0,0.0,0.0,0.7163088335451764,0.2836911664548236,-0.0009243033994171597,0.9758554224958393,-0.02483339078483049
2015-09-25,0.0,0.0,0.0,0.0,0.0,0.7324629845836791,0.26753701541632097,0.0032152681108702052,0.97899305931661,-0.021697968683435542
2015-09-28,0.0,0.0,0.0,0.0,0.0,0.7975030586015641,0.2024969413984358,-0.0015865962084853484,0.9774397926405648,-0.02325013897707595
2015-09-29,0.0,0.0,0.0,0.0,0.0,0.8023598883615888,0.19764011163841114,-0.0017321217226303942,0.9757467479431687,-0.024941988628929934
2015-09-30,0.0,0.0,0.0,0.0,0.0,0.9327013865475989,0.06729861345240111,0.00047292618772463513,0.9762082041328581,-0.02448085816080192
2015-10-01,0.0,0.0,0.0,0.0,0.0,0.9728677107680938,0.02713228923190624,0.00020629274308479266,0.9764095888011106,-0.02427961564110015
2015-10-02,0.0,0.0,0.0,0.0,0.0,0.0,1.0,0.0014682762756540514,0.9778432278356686,-0.022846988549073743
2015-10-05,0.0,0.0,0.0,0.0,0.0,0.0,1.0,0.0072883001415065315,0.9849700427714745,-0.015725204117442493
2015-10-06,0.0,0.0,0.0,0.0,0.0,0.0,1.0,-0.00836200707819079,0.9767337163020136,-0.023955716927497206
2015-10-07,0.0,0.0,0.0,0.0,0.0,0.0,1.0,0.0042731636147276125,0.980907459279793,-0.019784920010708862
2015-10-08,0.0,0.0,0.0,0.0,0.0,0.0,1.0,-0.0017925914438198806,0.9791490929611089,-0.021542045176200952
2015-10-09,0.0,0.0,0.0,0.0,0.0,0.0,1.0,-0.002089277971522382,0.9771033783303491,-0.023586315827275217
2015-10-12,0.0,0.0,0.0,0.0,0.0,0.0,1.0,0.0012648963278583966,0.9783393128055371,-0.02235125374369451
2015-10-13,0.0,0.0,0.0,0.0,0.0,0.0,1.0,-0.0024583647085597965,0.9759341979659394,-0.024754670918858634
2015-10-14,0.0,0.0,0.0,0.0,0.0,0.0,1.0,-0.001,0.9749582637679735,-0.025729916247939744
2015-10-15,0.0,0.0,0.0,0.0,0.0,0.0,1.0,0.0,0.9749582637679735,-0.025729916247939744
2015-10-16,0.0,0.0,0.0,0.0,0.0,0.0,1.0,0.0037404745707136965,0.9786050703611048,-0.022085683774658027
2015-10-19,0.0,0.0,0.0,0.0,0.0,0.0,1.0,-0.001,0.9776264652907437,-0.02306359809088343
2015-10-20,0.0,0.0,0.0,0.0,0.0,0.0,1.0,0.0,0.9776264652907437,-0.02306359809088343
2015-10-21,0.0,0.0,0.0,0.0,0.0,0.0,1.0,0.004818443546647789,0.982337103223456,-0.01835628518961907
2015-10-22,0.0,0.0,0.0,0.0,0.0,0.0,1.0,-0.0008965448403878512,0.9814563939620395,-0.01923637279723145
2015-10-23,0.0,0.0,0.0,0.0,0.0,0.0,1.0,-0.001,0.9804749375680775,-0.020217136424434234
2015-10-26,0.0,0.0,0.0,0.0,0.0,0.0,1.0,0.0,0.9804749375680775,-0.020217136424434234
2015-10-27,0.0,0.0,0.0,0.0,0.0,0.0,1.0,-0.0006816414208005433,0.9798066052385742,-0.020884997007637907
2015-10-28,0.0,0.0,0.0,0.0,0.0,0.0,1.0,0.0017046924025540288,0.9814768741144967,-0.019215907100810115
2015-10-29,0.0,0.0,0.0,0.0,0.0,0.0,1.0,-0.0046290188867178115,0.9769335991273439,-0.023755975190632883
2015-10-30,0.0,0.0,0.0,0.0,0.0,0.0,1.0,-0.003642493937165223,0.9733751244155096,-0.02731193813219479
2015-11-02,0.0,0.0,0.0,0.0,0.0,0.0,1.0,-0.003144025996455157,0.9703148077200444,-0.03037009468514873
2015-11-03,0.0,0.0,0.0,0.0,0.0,0.0,1.0,0.002761162562871683,0.972994004641321,-0.02769278889075255
2015-11-04,0.0,0.0,0.0,0.0,0.0,0.0,1.0,0.005561173135894851,0.9784049927613191,-0.022285620148495
2015-11-05,0.0,0.0,0.0,0.0,0.0,0.0,1.0,0.0028439922276549917,0.9811875689562312,-0.019505008051330708
2015-11-06,0.0,0.0,0.0,0.0,0.0,0.0,1.0,-0.0014826961017620714,0.9797327659726424,-0.020958784153690235
2015-11-09,0.0,0.0,0.0,0.0,0.0,0.0,1.0,0.005426090516740063,0.985048884643026,-0.01564641789688903
2015-11-10,0.0,0.0,0.0,0.0,0.0,0.0,1.0,-0.001,0.984063835758383,-0.016630771478992057
2015-11-11,0.0,0.0,0.0,0.0,0.0,0.0,1.0,0.0,0.984063835758383,-0.016630771478992057
2015-11-12,0.0,0.0,0.0,0.0,0.0,0.0,1.0,0.0,0.984063835758383,-0.016630771478992057
2015-11-13,0.0,0.0,0.0,0.0,0.0,0.0,1.0,0.0,0.984063835758383,-0.016630771478992057
2015-11-16,0.0,0.0,0.0,0.0,0.0,0.0,1.0,0.0,0.984063835758383,-0.016630771478992057
2015-11-17,0.0,0.0,0.0,0.0,0.0,0.0,1.0,0.0,0.984063835758383,-0.016630771478992057
2015-11-18,0.0,0.0,0.0,0.0,0.0,0.0,1.0,0.0,0.984063835758383,-0.016630771478992057
2015-11-19,0.0,0.0,0.0,0.0,0.0,0.0,1.0,0.0,0.984063835758383,-0.016630771478992057
2015-11-20,0.0,0.0,0.0,0.0,0.0,0.0,1.0,0.0,0.984063835758383,-0.016630771478992057
2015-11-23,0.0,0.0,0.0,0.0,0.0,0.0,1.0,0.0,0.984063835758383,-0.016630771478992057
2015-11-24,0.0,0.0,0.0,0.0,0.0,0.0,1.0,0.0,0.984063835758383,-0.016630771478992057
2015-11-25,0.0,0.0,0.0,0.0,0.0,0.0,1.0,0.0,0.984063835758383,-0.016630771478992057
2015-11-27,0.0,0.0,0.0,0.0,0.0,0.0,1.0,0.0,0.984063835758383,-0.016630771478992057
2015-11-30,0.0,0.0,0.0,0.0,0.0,0.0,1.0,0.0,0.984063835758383,-0.016630771478992057
2015-12-01,0.0,0.0,0.0,0.0,0.0,0.0,1.0,0.0,0.984063835758383,-0.016630771478992057
2015-12-02,0.0,0.0,0.0,0.0,0.0,0.0,1.0,0.0,0.984063835758383,-0.016630771478992057
2015-12-03,0.0,0.0,0.0,0.0,0.0,0.0,1.0,0.0,0.984063835758383,-0.016630771478992057
2015-12-04,0.0,0.0,0.0,0.0,0.0,0.0,1.0,0.0,0.984063835758383,-0.016630771478992057
2015-12-07,0.0,0.0,0.0,0.0,0.0,0.0,1.0,0.0,0.984063835758383,-0.016630771478992057
2015-12-08,0.0,0.0,0.0,0.0,0.0,0.0,1.0,0.0,0.984063835758383,-0.016630771478992057
2015-12-09,0.0,0.0,0.0,0.0,0.0,0.0,1.0,0.0,0.984063835758383,-0.016630771478992057
2015-12-10,0.0,0.0,0.0,0.0,0.0,0.0,1.0,0.0,0.984063835758383,-0.016630771478992057
2015-12-11,0.0,0.0,0.0,0.0,0.0,0.0,1.0,0.0,0.984063835758383,-0.016630771478992057
2015-12-14,0.0,0.0,0.0,0.0,0.0,0.0,1.0,0.0,0.984063835758383,-0.016630771478992057
2015-12-15,0.0,0.0,0.0,0.0,0.0,0.0,1.0,0.0,0.984063835758383,-0.016630771478992057
2015-12-16,0.0,0.0,0.0,0.0,0.0,0.0,1.0,0.0,0.984063835758383,-0.016630771478992057
2015-12-17,0.0,0.0,0.0,0.0,0.0,0.0,1.0,0.0,0.984063835758383,-0.016630771478992057
2015-12-18,0.0,0.0,0.0,0.0,0.0,0.0,1.0,0.0,0.984063835758383,-0.016630771478992057
2015-12-21,0.0,0.0,0.0,0.0,0.0,0.0,1.0,0.0,0.984063835758383,-0.016630771478992057
2015-12-22,0.0,0.0,0.0,0.0,0.0,0.0,1.0,0.0,0.984063835758383,-0.016630771478992057
2015-12-23,0.0,0.0,0.0,0.0,0.0,0.0,1.0,0.0,0.984063835758383,-0.016630771478992057
2015-12-24,0.0,0.0,0.0,0.0,0.0,0.0,1.0,0.0058312572543682125,0.9898021651394104,-0.010896492531456525
2015-12-28,0.0,0.0,0.0,0.0,0.0,0.0,1.0,-0.0009999999999999998,0.988812362974271,-0.011885596038925028
2015-12-29,0.0,0.0,0.0,0.0,0.0,0.0,1.0,0.0,0.988812362974271,-0.011885596038925028
2015-12-30,0.0,0.0,0.0,0.0,0.0,0.0,1.0,0.0,0.988812362974271,-0.011885596038925028
2015-12-31,0.0,0.0,0.0,0.0,0.0,0.0,1.0,0.0,0.988812362974271,-0.011885596038925028
2016-01-04,0.0,0.0,0.0,0.0,0.0,0.0,1.0,0.0,0.988812362974271,-0.011885596038925028
2016-01-05,0.0,0.0,0.0,0.0,0.0,0.0,1.0,0.0,0.988812362974271,-0.011885596038925028
2016-01-06,0.0,0.0,0.0,0.0,0.0,0.0,1.0,0.0,0.988812362974271,-0.011885596038925028
2016-01-07,0.0,0.0,0.0,0.0,0.0,0.0,1.0,0.0,0.988812362974271,-0.011885596038925028
2016-01-08,0.0,0.0,0.0,0.0,0.0,0.0,1.0,0.0,0.988812362974271,-0.011885596038925028
2016-01-11,0.0,0.0,0.0,0.0,0.0,0.0,1.0,0.0,0.988812362974271,-0.011885596038925028
2016-01-12,0.0,0.0,0.0,0.0,0.0,0.0,1.0,0.0,0.988812362974271,-0.011885596038925028
2016-01-13,0.0,0.0,0.0,0.0,0.0,0.0,1.0,0.0,0.988812362974271,-0.011885596038925028
2016-01-14,0.0,0.0,0.0,0.0,0.0,0.0,1.0,0.0,0.988812362974271,-0.011885596038925028
2016-01-15,0.0,0.0,0.0,0.0,0.0,0.0,1.0,0.0,0.988812362974271,-0.011885596038925028
2016-01-19,0.0,0.0,0.0,0.0,0.0,0.0,1.0,0.0,0.988812362974271,-0.011885596038925028
2016-01-20,0.0,0.0,0.0,0.0,0.0,0.0,1.0,0.0,0.988812362974271,-0.011885596038925028
2016-01-21,0.0,0.0,0.0,0.0,0.0,0.0,1.0,0.0,0.988812362974271,-0.011885596038925028
2016-01-22,0.0,0.0,0.0,0.0,0.0,0.0,1.0,0.0,0.988812362974271,-0.011885596038925028
2016-01-25,0.0,0.0,0.0,0.0,0.0,0.0,1.0,0.0,0.988812362974271,-0.011885596038925028
2016-01-26,0.0,0.0,0.0,0.0,0.0,0.0,1.0,0.0,0.988812362974271,-0.011885596038925028
2016-01-27,0.0,0.0,0.9234163810478522,0.0,0.0,0.0,0.07658361895214781,-0.002481837209698565,0.9863582916584315,-0.014337935134114854
2016-01-28,0.0,0.0,0.8032770980182324,0.0,0.0,0.0,0.19672290198176753,0.004937723940299127,0.9912286566088659,-0.009471007959381716
2016-01-29,0.0,0.0,0.6175780261096941,0.0,0.0,0.0,0.3824219738903058,-0.009446728371111449,0.9818647887362203,-0.018828266290900286
2016-02-01,0.0,0.0,0.3845867734201978,0.0,0.0,0.0,0.6154132265798022,-0.00040035864908267337,0.98147169067582,-0.019221086880726213
2016-02-02,0.0,0.0,0.3775940335702329,0.0,0.0,0.0,0.6224059664297671,-0.0019197675480864972,0.9795874931746948,-0.021103954409980252
2016-02-03,0.0,0.0,0.33125455862073255,0.0,0.0,0.0,0.6687454413792675,-0.0017122952459766192,0.9779101501671137,-0.022780113455149298
2016-02-04,0.0,0.0,0.31200942485066435,0.0,0.0,0.0,0.6879905751493356,0.0014910476328084126,0.9793682607816198,-0.021323032056583258
2016-02-05,0.0,0.0,0.29946898815506956,0.0,0.0,0.0,0.7005310118449305,-0.00011910983356187838,0.9792516083910823,-0.021439602107345856
2016-02-08,0.0,0.0,0.2421620157483538,0.0,0.0,0.0,0.7578379842516463,0.004842690530878242,0.9839938208823851,-0.01670073693457863
2016-02-09,0.0,0.0,0.17619916050165016,0.0,0.0,0.0,0.8238008394983498,0.0003535182370641138,0.9843416806432255,-0.01635312271259315
2016-02-10,0.0,0.0,0.17582204146301253,0.0,0.0,0.0,0.8241779585369875,-0.0015289078804385642,0.9828367128906459,-0.01785702817484669
2016-02-11,0.0,0.0,0.16911220148971956,0.0,0.0,0.0,0.8308877985102805,0.0013356360069542294,0.9841494249933392,-0.016545242657699966
2016-02-12,0.0,0.0,0.16406297864141953,0.0,0.0,0.0,0.8359370213585805,-0.00040232344287199516,0.9837534786083755,-0.016940909561582673
2016-02-16,0.0,0.0,0.16360503419903172,0.0,0.0,0.0,0.8363949658009683,0.00011554552083453252,0.9838671469164342,-0.01682732148696675
2016-02-17,0.0,0.0,0.16356609029100092,0.0,0.0,0.0,0.836433909708999,-0.000622514287134936,0.983254675560836,-0.017439360526061876
2016-02-18,0.0,0.0,0.16250408012320747,0.0,0.0,0.0,0.8374959198767925,0.00012263446038731523,0.9833752564673967,-0.0173188647322422
2016-02-19,0.0,0.0,0.16245493328389116,0.0,0.0,0.0,0.8375450667161088,0.00020312871556623437,0.9835750082201624,-0.01711925397542413
2016-02-22,0.0,0.0,0.16233095089651492,0.0,0.0,0.0,0.837669049103485,-0.001219847015888914,0.9823751971814821,-0.01831821812043688
2016-02-23,0.0,0.0,0.15842944506489617,0.0,0.0,0.0,0.8415705549351039,-6.877643701107383e-05,0.982307632915612,-0.018385734695673284
2016-02-24,0.0,0.0,0.15842633417448648,0.0,0.0,0.0,0.8415736658255136,0.0005410900134812733,0.982839149765949,-0.01785459301962633
2016-02-25,0.0,0.0,0.15757245655238067,0.0,0.0,0.0,0.8424275434476193,-0.0010544570207145641,0.9818027881242452,-0.01889022313937938
2016-02-26,0.0,0.0,0.15479806206196448,0.0,0.0,0.0,0.8452019379380356,0.0007715186948481974,0.9825602673299372,-0.018133278604832936
2016-02-29,0.0,0.0,0.15313755680863023,0.0,0.0,0.0,0.8468624431913698,-6.185302756236625e-05,0.9824994930026404,-0.018194010034213948
2016-03-01,0.0,0.0,0.1531346439330026,0.0,0.0,0.0,0.8468653560669974,-0.00043285152687053477,0.9820742165969446,-0.018618986256061287
2016-03-02,0.0,0.0,0.1527060440500079,0.0,0.0,0.0,0.8472939559499921,0.00025266053141592546,0.9823223479903999,-0.018371030007607314
2016-03-03,0.0,0.0,0.15250416356135435,0.0,0.0,0.0,0.8474958364386457,0.0003561117531015496,0.9826721645238534,-0.018021460394208155
2016-03-04,0.0,0.0,0.152134593126459,0.0,0.0,0.0,0.8478654068735411,0.00022810798338634446,0.9828963198896329,-0.01779746324981002
2016-03-07,0.0,0.0,0.15197937167702721,0.0,0.0,0.0,0.8480206283229728,0.0011085286441893329,0.9839858886144989,-0.016708663603426932
2016-03-08,0.0,0.0,0.14886648173332895,0.0,0.0,0.0,0.851133518266671,0.0005649553937329237,0.9845417967496288,-0.01615314785931876
2016-03-09,0.0,0.0,0.1480883287729414,0.0,0.0,0.0,0.8519116712270586,0.00015851016140356036,0.9846978566287403,-0.01599719813598932
2016-03-10,0.0,0.0,0.14803607432726065,0.0,0.0,0.0,0.8519639256727394,0.00035161412365519767,0.985044090302664,-0.015651208853137644
2016-03-11,0.0,0.0,0.14775805111743626,0.0,0.0,0.0,0.8522419488825638,-0.000529431517850727,0.9845225769147853,-0.016172354127728994
2016-03-14,0.0,0.0,0.1470187684950176,0.0,0.0,0.0,0.8529812315049823,0.00036498378948220903,0.9848819116957384,-0.015813272985341187
2016-03-15,0.0,0.0,0.1467151295910305,0.0,0.0,0.0,0.8532848704089695,-0.00016710520871929453,0.9847173327983205,-0.015977735713777808
2016-03-16,0.0,0.0,0.14663216970318643,0.0,0.0,0.0,0.8533678302968135,-0.00010363237002722918,0.9846152842073158,-0.016079712273185276
2016-03-17,0.0,0.0,0.14659821284711946,0.0,0.0,0.0,0.8534017871528806,4.153340477871205e-05,0.9846561786324661,-0.016038846713605115
2016-03-18,0.0,0.0,0.14659675540451061,0.0,0.0,0.0,0.8534032445954893,-0.0001468782240190112,0.9845115540816792,-0.016183369180303497
2016-03-21,0.0,0.0,0.14653392545988603,0.0,0.0,0.0,0.8534660745401139,3.471408754606867e-05,0.9845457305019577,-0.016149216883652007
2016-03-22,0.0,0.0,0.14653298204594234,0.0,0.0,0.0,0.8534670179540575,0.0005419155050101304,0.9850792710987083,-0.015616052889664833
2016-03-23,0.0,0.0,0.14585451741151653,0.0,0.0,0.0,0.8541454825884834,-0.0008630538987656673,0.9842290945931934,-0.016465629293100692
2016-03-24,0.0,0.0,0.02757111540988078,0.0,0.0,0.0,0.9724288845901192,-7.809288541638203e-05,0.9841522333032858,-0.016542436330015398
2016-03-28,0.0,0.0,0.09899536361589548,0.0,0.9010046363841044,0.0,0.0,-0.001104993626951418,0.9830647513575357,-0.01762915067024795
2016-03-29,0.0,0.0,0.10166972998319819,0.0,0.8983302700168018,0.0,0.0,0.010151881685607593,0.9930447084026087,-0.007656238036462315
2016-03-30,0.0,0.0,0.25645579397028173,0.0,0.7435442060297183,0.0,0.0,-0.0023322050783682272,0.9907287244906255,-0.009970587197600689
2016-03-31,0.0,0.0,0.25464870481423996,0.0,0.7453512951857602,0.0,0.0,0.0013559516871961,0.9920721047761523,-0.008628155144937422
2016-04-01,0.0,0.0,0.2524621140367983,0.0,0.7475378859632018,0.0,0.0,0.006664898844490931,0.9986841650009264,-0.002020762081702321
2016-04-04,0.0,0.0,0.2983645490708589,0.0,0.701635450929141,0.0,0.0,-0.0023123115810991983,0.9963748960403344,-0.004328401031237328
2016-04-05,0.0,0.0,0.29701485945918743,0.0,0.7029851405408126,0.0,0.0,-0.0040560519994102704,0.9923335476510877,-0.008366896810990565
2016-04-06,0.0,0.0,0.31832830994956646,0.0,0.6816716900504336,0.0,0.0,-0.009632434078711616,0.9827749601692446,-0.017918737307726973
2016-04-07,0.0,0.0,0.37437442990684794,0.0,0.625625570093152,0.0,0.0,0.0009203079800268376,0.9836794158076589,-0.017014920084636453
2016-04-08,0.0,0.0,0.11746956251044342,0.0,0.19589316012831184,0.0,0.6866372773612447,-0.0076808438140949795,0.9761239278517001,-0.024565074955052002
2016-04-11,0.0,0.0,0.17749826277597877,0.0,0.2956703969656163,0.0,0.5268313402584047,-0.0017370316802353563,0.974428369665186,-0.026259436321863006
2016-04-12,0.0,0.0,0.1958925024011912,0.0,0.2705005402355301,0.0,0.5336069573632787,-0.005054578900264463,0.9695030445880571,-0.03118128482936222
2016-04-13,0.0,0.0,0.2140703996618626,0.0,0.295502002523921,0.0,0.4904275978142164,-0.0037453743687626204,0.9658718927344196,-0.03480987361313992
2016-04-14,0.0,0.0,0.2393837533651942,0.0,0.3153379738958243,0.0,0.4452782727389815,-0.0002651808377834781,0.9656157620167128,-0.035065823539475516
2016-04-15,0.0,0.0,0.23896792054883162,0.0,0.3154394365040814,0.0,0.44559264294708695,0.0013061269985253107,0.9668769788336844,-0.03380549695980073
2016-04-18,0.0,0.0,0.24208516488753043,0.0,0.3212921413949156,0.0,0.43662269371755397,0.001149654059852643,0.9679885528777785,-0.03269470752677328
2016-04-19,0.0,0.0,0.2401876058827748,0.0,0.3220599775105309,0.0,0.43775241660669434,-0.0008927241585358354,0.9671244061114385,-0.03355824433004373
2016-04-20,0.0,0.0,0.24005632438396,0.0,0.3221525141860404,0.0,0.4377911614299995,-0.0017901963066045887,0.9653930635715906,-0.035288364791592475
2016-04-21,0.0,0.0,0.24098320815885696,0.0,0.3232481806445609,0.0,0.4357686111965821,-0.000935458277527405,0.964489978639205,-0.036190812276175155
2016-04-22,0.0,0.0,0.24110745545281173,0.0,0.32339038178456464,0.0,0.43550216276262366,-0.005602058048717293,0.9590868497914622,-0.04159012729369105
2016-04-25,0.0,0.0,0.2379954690440705,0.0,0.3320261335737385,0.0,0.42997839738219096,8.724494688923607e-05,0.9591705252727344,-0.0415065108752487
2016-04-26,0.0,0.0,0.24025867663038375,0.0,0.3321716298045769,0.0,0.42756969356503927,0.001210522130947563,0.9603316224209296,-0.04034623329429399
2016-04-27,0.0,0.0,0.2560540963017702,0.0,0.3272859176190377,0.0,0.4166599860791922,-0.0012746511053673294,0.9591075346568916,-0.04156945702879533
2016-04-28,0.0,0.0,0.2553841226463465,0.0,0.32754462719158667,0.0,0.41707125016206675,-0.0006168014213220297,0.9585159557663145,-0.04216061834993845
2016-04-29,0.0,0.0,0.2567504935730629,0.0,0.32694358245240207,0.0,0.41630592397453503,-0.0006044968255655425,0.9579365359137999,-0.042739629215547525
2016-05-02,0.0,0.0,0.2582429647632453,0.0,0.3262870682221122,0.0,0.4154699670146425,-0.00025824296476324526,0.9576891555427105,-0.042986834971749266
2016-05-03,0.0,0.0,0.2601495146636777,0.0,0.32544840738321273,0.0,0.4144020779531096,-0.0009017433703184465,0.956825565695874,-0.04384981524862097
2016-05-04,0.0,0.0,0.2593895820714099,0.0,0.325782689588569,0.0,0.41482772834002113,-0.0002593895820714099,0.9565773751122729,-0.04409783064544115
2016-05-05,0.0,0.0,0.30088266140703107,0.0,0.30753054695320314,0.0,0.3915867916397658,0.0,0.9565773751122729,-0.04409783064544115
2016-05-06,0.0,0.0,0.3017696109521381,0.0,0.30714039201973287,0.0,0.3910899970281291,0.0,0.9565773751122729,-0.04409783064544115
2016-05-09,0.0,0.0,0.3104077407064172,0.0,0.30334061675835455,0.0,0.3862516425352282,0.0006815710723842736,0.9572293505796466,-0.04344631537877974
2016-05-10,0.0,0.0,0.3201056720784518,0.0,0.2990746516985282,0.0,0.38081967622302004,0.0006875491784826405,0.9578874928332571,-0.04278863767874397
2016-05-11,0.0,0.0,0.3193826890070761,0.0,0.29939268040001277,0.0,0.3812246305929112,-0.0003193826890070761,0.9575815601500298,-0.04309435441759024
2016-05-12,0.0,0.0,0.31964012285436755,0.0,0.29927943936379253,0.0,0.3810804377818399,0.0,0.9575815601500298,-0.04309435441759024
2016-05-13,0.0,0.0,0.3211957307187866,0.0,0.29859515231928535,0.0,0.38020911696192805,-0.001860649473516948,0.9557998365242871,-0.04487482040324853
2016-05-16,0.0,0.0,0.31733920661094334,0.0,0.30029157565590314,0.0,0.38236921773315347,-0.00031733920661094334,0.9554965237624856,-0.04517791906995594
2016-05-17,0.0,0.0,0.31791408067232674,0.0,0.3000386977414714,0.0,0.3820472215862018,0.0,0.9554965237624856,-0.04517791906995594
2016-05-18,0.0,0.0,0.325365214919037,0.0,0.29676106283840314,0.0,0.3778737222425599,0.0,0.9554965237624856,-0.04517791906995594
2016-05-19,0.0,0.0,0.3253101873815428,0.0,0.2967852685729328,0.0,0.37790454404552437,0.0,0.9554965237624856,-0.04517791906995594
2016-05-20,0.0,0.0,0.3280019178759717,0.0,0.2956012193361218,0.0,0.37639686278790646,0.0,0.9554965237624856,-0.04517791906995594
2016-05-23,0.0,0.0,0.3345420840011576,0.0,0.29272430475452793,0.0,0.3727336112443145,0.0,0.9554965237624856,-0.04517791906995594
2016-05-24,0.0,0.0,0.3403450137737246,0.0,0.29017168866510273,0.0,0.36948329756117276,0.0,0.9554965237624856,-0.04517791906995594
2016-05-25,0.0,0.0,0.340279316205379,0.0,0.29020058797572124,0.0,0.3695200958188997,0.0,0.9554965237624856,-0.04517791906995594
2016-05-26,0.0,0.0,0.3411902006209954,0.0,0.2897999044751383,0.0,0.3690098949038663,0.0,0.9554965237624856,-0.04517791906995594
2016-05-27,0.0,0.0,0.342113221736759,0.0,0.2893938822340773,0.0,0.36849289602916374,0.0,0.9554965237624856,-0.04517791906995594
2016-05-31,0.0,0.0,0.34378330294254444,0.0,0.28865924019572486,0.0,0.3675574568617307,0.0,0.9554965237624856,-0.04517791906995594
2016-06-01,0.0,0.0,0.3446344701895096,0.0,0.28828482532348804,0.0,0.3670807044870024,0.0,0.9554965237624856,-0.04517791906995594
2016-06-02,0.0,0.0,0.35857767790025297,0.0,0.2821514310320563,0.0,0.35927089106769067,0.0,0.9554965237624856,-0.04517791906995594
2016-06-03,0.0,0.0,0.3635289346765299,0.0,0.27997345228591525,0.0,0.35649761303755484,0.0,0.9554965237624856,-0.04517791906995594
2016-06-06,0.0,0.0,0.36426474514594376,0.0,0.2796497810169861,0.0,0.3560854738370701,0.0,0.9554965237624856,-0.04517791906995594
2016-06-07,0.0,0.0,0.36673700383975777,0.0,0.27856227391860894,0.0,0.3547007222416333,0.0,0.9554965237624856,-0.04517791906995594
2016-06-08,0.0,0.0,0.368428322068855,0.0,0.27781829005302067,0.0,0.3537533878781244,0.0,0.9554965237624856,-0.04517791906995594
2016-06-09,0.0,0.0,0.37116764133901864,0.0,0.2766133072741236,0.0,0.3522190513868578,0.0,0.9554965237624856,-0.04517791906995594
2016-06-10,0.0,0.0,0.37098351887960734,0.0,0.2766942998021634,0.0,0.35232218131822923,0.0,0.9554965237624856,-0.04517791906995594
2016-06-13,0.0,0.0,0.3707942810200069,0.0,0.2767775425130141,0.0,0.35242817646697905,-0.0006194311455099382,0.9549046594562407,-0.045769365605304535
2016-06-14,0.0,0.0,0.3712167627683574,0.0,0.2761797112225173,0.0,0.35260352600912537,-0.00013967552753758972,0.9547712826441831,-0.04590264827255608
2016-06-15,0.0,0.0,0.37103540173896515,0.0,0.27625412321157466,0.0,0.35271047504946024,-0.001665832905854375,0.9531807932239896,-0.04749201503645217
2016-06-16,0.0,0.0,0.37324941563627567,0.0,0.2721188002113272,0.0,0.35463178415239716,-0.0018259554111580325,0.9514403275967904,-0.04923125214576751
2016-06-17,0.0,0.0,0.3811529596624164,0.0,0.2650913259927467,0.0,0.3537557143448368,0.002439115267262624,0.9537610002257212,-0.04691221757724007
2016-06-20,0.0,0.0,0.39338055218090473,0.0,0.25248772199128994,0.0,0.3541317258278054,0.00040171234063880425,0.9541441377895319,-0.04652935045332873
2016-06-21,0.0,0.0,0.39374129602081703,0.0,0.2534116836757814,0.0,0.35284702030340165,-0.0021301152767169277,0.9521117007854365,-0.04856035284982929
2016-06-22,0.0,0.0,0.3978930708637993,0.0,0.2468677249079557,0.0,0.35523920422824495,-0.00016591723436350838,0.951953729045237,-0.04871821308474833
2016-06-23,0.0,0.0,0.39169293767448904,0.0,0.26119586857683813,0.0,0.3471111937486729,-0.001019252002321236,0.9509834483007905,-0.049687808950833356
2016-06-24,0.0,0.0,0.40233998237289537,0.0,0.2557437954723526,0.0,0.34191622215475204,0.0012035550104880794,0.9521280091948842,-0.04854405595176825
2016-06-27,0.0,0.0,0.4165539117171075,0.0,0.24739263901453923,0.0,0.3360534492683533,0.003655709187553923,0.9556087123058253,-0.04506580971555829
2016-06-28,0.0,0.0,0.42442981908159666,0.0,0.23466745711718928,0.0,0.34090272380121406,-0.00230198382384736,0.9534089165081697,-0.04726405277443191
2016-06-29,0.0,0.0,0.43767119948138455,0.0,0.22391179239810372,0.0,0.3384170081205118,-0.0006669876561880017,0.9527730045295592,-0.04789951589083796
2016-06-30,0.0,0.0,0.4423815852537181,0.0,0.2243191153785026,0.0,0.3332992993677793,-0.002613896146762481,0.95028255484428,-0.050388207677581565
2016-07-01,0.0,0.0,0.44001640749025117,0.0,0.22838655701473878,0.0,0.33159703549501,0.0006170643282866811,0.9508689403106677,-0.04980223611481893
2016-07-05,0.0,0.0,0.4351098051602232,0.0,0.22513036620632715,0.0,0.33975982863344967,-0.00022513036620632715,0.9506548708379213,-0.05001615448537078
2016-07-06,0.0,0.0,0.41419369856066335,0.0,0.214308153784257,0.0,0.3714981476550797,0.0,0.9506548708379213,-0.05001615448537078
2016-07-07,0.0,0.0,0.3968865820165109,0.0,0.23049159297245517,0.0,0.3726218250110339,0.0,0.9506548708379213,-0.05001615448537078
2016-07-08,0.0,0.0,0.37640714947687504,0.0,0.21864808002649916,0.0,0.4049447704966258,0.0,0.9506548708379213,-0.05001615448537078
2016-07-11,0.0,0.0,0.30392993929334705,0.0,0.18495448896151898,0.0,0.511115571745134,0.0,0.9506548708379213,-0.05001615448537078
2016-07-12,0.0,0.0,0.30623715684613556,0.0,0.18342080108245187,0.0,0.5103420420714126,0.0,0.9506548708379213,-0.05001615448537078
2016-07-13,0.0,0.0,0.28544017275030664,0.0,0.16701077338611264,0.0,0.5475490538635807,0.0,0.9506548708379213,-0.05001615448537078
2016-07-14,0.0,0.0,0.2993561962767361,0.0,0.1637599765560417,0.0,0.5368838271672222,-0.0008212172703542698,0.9498741766398429,-0.050796297625864906
2016-07-15,0.0,0.0,0.301244330658577,0.0,0.1607938695458927,0.0,0.5379617997955303,-0.001035971540713534,0.9488901340255853,-0.051779645647864414
2016-07-18,0.0,0.0,0.28954527417888937,0.0,0.15118154250700747,0.0,0.5592731833141031,0.0013509907826778674,0.9501720758504278,-0.05049860868918721
2016-07-19,0.0,0.0,0.2881346569990525,0.0,0.1428451327075665,0.0,0.569020210293381,0.0005266456588356161,0.9506724798493212,-0.049998557903395024
2016-07-20,0.0,0.0,0.24020815485865188,0.0,0.07986614456670035,0.0,0.6799257005746477,-0.00017800058995987256,0.9505032595870494,-0.050167658720550956
2016-07-21,0.0,0.0,0.23055212929495353,0.0,0.06838013060362899,0.0,0.7010677401014175,0.0005543073996989899,0.9510301305772765,-0.04964115962530635
2016-07-22,0.0,0.0,0.09885035029115911,0.0,0.027703924314350793,0.0,0.8734457253944901,0.000140350833763834,0.9511636084490376,-0.04950777596968492
2016-07-25,0.0,0.0,0.7944701949481102,0.0,0.2055298050518899,0.0,0.0,0.0013840010097837265,0.9524800198436005,-0.048192293771835426
2016-07-26,0.0,0.0,0.8040779148580818,0.0,0.19592208514191833,0.0,0.0,0.0010395855459106476,0.9534702043049986,-0.04720280823795431
2016-07-27,0.0,0.0,0.8122533792634993,0.0,0.18774662073650075,0.0,0.0,0.0010561022412034307,0.9544771663246858,-0.046196556988322035
2016-07-28,0.0,0.0,0.8153159206199013,0.0,0.18468407938009862,0.0,0.0,0.0024045141220146496,0.956772220150254,-0.043903123139974354
2016-07-29,0.0,0.0,0.8407650118140156,0.0,0.15923498818598436,0.0,0.0,-0.00011456592139775262,0.9566626066592846,-0.04401265925961739
2016-08-01,0.0,0.0,0.8421000179454102,0.0,0.15789998205458974,0.0,0.0,0.0008623480042910457,0.9574875827489171,-0.043188265484202404
2016-08-02,0.0,0.0,0.8434120673565975,0.0,0.15658793264340257,0.0,0.0,0.001365989387145092,0.9587955006252754,-0.041881270809357884
2016-08-03,0.0,0.0,0.846707630353925,0.0,0.1532923696460749,0.0,0.0,-0.001999771052229052,0.9568781291381175,-0.0437972889085918
2016-08-04,0.0,0.0,0.8621031366533551,0.0,0.13789686334664486,0.0,0.0,-0.0012861211929037638,0.9556474678972069,-0.04502708148003853
2016-08-05,0.0,0.0,0.8733195078612684,0.0,0.1266804921387315,0.0,0.0,0.00036316716804990116,0.9559945276817773,-0.04468026666965519
2016-08-08,0.981069198937412,0.0,0.016560057821881934,0.0,0.0023707432407060417,0.0,0.0,-4.740033135480492e-05,0.9559492132243919,-0.04472554914156479
2016-08-09,0.980390252271905,0.0,0.017193906867661517,0.0,0.00241584086043345,0.0,0.0,-0.00039879038972877773,0.9555679898650892,-0.045106503412120524
2016-08-10,0.7013773579908976,0.0,0.29163363426440536,0.0,0.006989007744696978,0.0,0.0,-0.0012755124344674962,0.9543491510120372,-0.04632448194061045
2016-08-11,0.9564822054758637,0.0,0.0,0.0,0.04351779452413634,0.0,0.0,-0.001769581569100002,0.9526603523439201,-0.04801208856027017
2016-08-12,0.9557333824805624,0.0,0.0,0.0,0.044266617519437564,0.0,0.0,-0.006995444531400617,0.9459960696918336,-0.054671667189310824
2016-08-15,0.12390131065315095,0.8584906316371876,0.0,0.0,0.017608057709661337,0.0,0.0,-0.003650531290218387,0.9425426814389999,-0.05812261784776629
2016-08-16,0.29356036691081316,0.6592522275507874,0.0,0.0,0.047187405538399355,0.0,0.0,0.00277090990093067,0.9451543822870491,-0.05551276048409792
2016-08-17,0.2407684307019566,0.7056638138277052,0.0,0.0,0.053567755470338256,0.0,0.0,-0.0029660019630453564,0.9423510525338048,-0.058314111490573306
2016-08-18,0.2597372602723812,0.6786150586818502,0.0,0.0,0.061647681045768545,0.0,0.0,-0.0025671736125926618,0.9399318737779412,-0.060731582654905525
2016-08-19,0.2863664774687036,0.6459979452747555,0.0,0.0,0.06763557725654089,0.0,0.0,-0.001315717394890667,0.9386951890615993,-0.06196739445007793
2016-08-22,0.28853999236497907,0.6434907502158072,0.0,0.0,0.06796925741921378,0.0,0.0,0.002176854072463319,0.9407385915067098,-0.05992543435258313
2016-08-23,0.30259042628575,0.6285957649101318,0.0,0.0,0.0688138088041182,0.0,0.0,-0.00020245185101980931,0.9405481372375335,-0.06011575418849513
2016-08-24,0.3026166703220402,0.6286342832335853,0.0,0.0,0.06874904644437448,0.0,0.0,-0.0008916919182430757,0.9397094580648402,-0.06095384137456927
2016-08-25,0.30667086293968426,0.6236566069043846,0.0,0.0,0.06967253015593107,0.0,0.0,-0.000749518921296641,0.9390051280454992,-0.06165767423842994
2016-08-26,0.30978788051048384,0.6198314343474337,0.0,0.0,0.0703806851420825,0.0,0.0,0.001295273303015196,0.9402213963192508,-0.06044226447478185
2016-08-29,0.32201286440969323,0.6048290572808109,0.0,0.0,0.07315807830949586,0.0,0.0,-0.0006452944172796432,0.9396146767011991,-0.06104855583622815
2016-08-30,0.32416739726253174,0.6021850362720962,0.0,0.0,0.07364756646537214,0.0,0.0,0.00014215035546625855,0.9397482432614934,-0.06091508355467479
2016-08-31,0.32442229055403926,0.6018722337929701,0.0,0.0,0.07370547565299065,0.0,0.0,0.0024711009047141117,0.9420704559956203,-0.058594509968043496
2016-09-01,0.3590519627754687,0.5593750489588016,0.0,0.0,0.08157298826572976,0.0,0.0,0.00025932866687735994,0.9423147618710781,-0.05835037653732256
2016-09-02,0.3594758312886706,0.5588548817901451,0.0,0.0,0.08166928692118441,0.0,0.0,-0.0005533925928893714,0.9417932918616884,-0.058871478464043836
2016-09-06,0.3609745952513425,0.557015613756154,0.0,0.0,0.08200979099250344,0.0,0.0,-0.0012926228997759762,0.9405759082857725,-0.06008800274261361
2016-09-07,0.3690671775532385,0.5470844782931803,0.0,0.0,0.0838483441535812,0.0,0.0,-0.002251642986325192,0.9384580671387744,-0.06220434899900107
2016-09-08,0.39109637618977905,0.5200125549677547,0.0,0.0,0.08889106884246621,0.0,0.0,-0.0013279117045304001,0.9372118776872099,-0.06344965882042297
2016-09-09,0.39786715113468213,0.511707988246792,0.0,0.0,0.0904248606185257,0.0,0.0,0.002019961597330638,0.9391050096887003,-0.06155786309727329
2016-09-12,0.41573449371214644,0.48926364169165343,0.0,0.0,0.09500186459620019,0.0,0.0,-0.0014853435031042808,0.9377101161638265,-0.062951772028361
2016-09-13,0.4231917695472006,0.47940012233289764,0.0,0.0,0.09740810811990168,0.0,0.0,0.002159710764886043,0.9397352987960481,-0.06092801888319321
2016-09-14,0.44025372347180886,0.45664138776001434,0.0,0.0,0.10310488876817675,0.0,0.0,0.001082592113458453,0.9407526488192633,-0.05991138696246623
2016-09-15,0.44465923124896767,0.45112133635149454,0.0,0.0,0.10421943239953776,0.0,0.0,-0.0015925638207631072,0.9392544401864668,-0.06140853807590119
2016-09-16,0.4521456741107101,0.4405839407003728,0.0,0.0,0.10727038518891707,0.0,0.0,0.001606432031103576,0.9407632886045385,-0.059900754687346014
2016-09-19,0.46093201890615426,0.4297143875340549,0.0,0.0,0.10935359355979082,0.0,0.0,-0.0009525328016698867,0.9398671807135359,-0.0607962300553313
2016-09-20,0.463472180423641,0.42630103354343574,0.0,0.0,0.11022678603292335,0.0,0.0,-0.002135439286976935,0.9378601514113,-0.06280184268414801
2016-09-21,0.4759688432863241,0.41026212024439934,0.0,0.0,0.11376903646927661,0.0,0.0,-0.0027853704027908295,0.935247863503602,-0.06541228669308574
2016-09-22,0.49233885513348996,0.3841154474934192,0.0,0.0,0.12354569737309085,0.0,0.0,-0.0002564676724659686,0.9350080026608705,-0.06565197822863278
2016-09-23,0.49118693204172537,0.3831894993076054,0.0,0.0,0.12562356865066931,0.0,0.0,0.0014132239083246042,0.9363293783247058,-0.06433153526556967
2016-09-26,0.4971191349298077,0.37556054620638835,0.0,0.0,0.12732031886380382,0.0,0.0,0.00012322577932696486,0.9364447582420564,-0.06421623678981114
2016-09-27,0.49529301921032676,0.3739795908449972,0.0,0.0,0.13072738994467606,0.0,0.0,-6.222772765965548e-05,0.9363864854126722,-0.0642744684869766
2016-09-28,0.4951367933889458,0.37390240167026345,0.0,0.0,0.1309608049407909,0.0,0.0,0.0007586505746721089,0.9370968755579459,-0.06356457977475871
2016-09-29,0.49696499350890483,0.37157568773059835,0.0,0.0,0.13145931876049682,0.0,0.0,0.0009139708802000583,0.9379533548141322,-0.062708705069485
2016-09-30,0.4994414016375839,0.36844420946655515,0.0,0.0,0.13211438889586097,0.0,0.0,-0.001752298521072741,0.9363097805376562,-0.06435111921940606
2016-10-03,0.5062980797474195,0.35977377335554805,0.0,0.0,0.1339281468970326,0.0,0.0,0.00047315619020828924,0.9367528013062701,-0.06390841115960333
2016-10-04,0.5070516398388323,0.3588208783058259,0.0,0.0,0.13412748185534182,0.0,0.0,0.0007930702227569167,0.9374957120590703,-0.06316602479472078
2016-10-05,0.5088759152067215,0.3565140377668951,0.0,0.0,0.13461004702638332,0.0,0.0,-0.00048183128397716503,0.9370439972964059,-0.06361742071186727
2016-10-06,0.5092667662959827,0.356019797065484,0.0,0.0,0.13471343663853344,0.0,0.0,0.00016161626491627333,0.9371954388473112,-0.06346608605686999
2016-10-07,0.5093900157657164,0.35586394511561487,0.0,0.0,0.1347460391186687,0.0,0.0,-0.0007305197542189262,0.9365107990656694,-0.06415024258150137
2016-10-10,0.5100031678993655,0.35432867038779065,0.0,0.0,0.1356681617128439,0.0,0.0,-0.00016178419490711098,0.9363592864200208,-0.06430164828105933
2016-10-11,0.5093087550451679,0.3538572952468025,0.0,0.0,0.13683394970802965,0.0,0.0,-0.0003538572952468025,0.9360279488555489,-0.06463275196896556
2016-10-12,0.5079713485395129,0.3526454730523314,0.0,0.0,0.13938317840815576,0.0,0.0,0.0,0.9360279488555489,-0.06463275196896556
2016-10-13,0.5076845335867008,0.35244635947042624,0.0,0.0,0.13986910694287297,0.0,0.0,0.0,0.9360279488555489,-0.06463275196896556
2016-10-14,0.5076130042570236,0.3523967021533872,0.0,0.0,0.13999029358958925,0.0,0.0,0.0,0.9360279488555489,-0.06463275196896556
2016-10-17,0.5062514402506397,0.35145147289094403,0.0,0.0,0.1422970868584162,0.0,0.0,0.0,0.9360279488555489,-0.06463275196896556
2016-10-18,0.5056539676527578,0.3510366935780524,0.0,0.0,0.1433093387691898,0.0,0.0,0.0,0.9360279488555489,-0.06463275196896556
2016-10-19,0.5045756641620186,0.350288110324924,0.0,0.0,0.1451362255130574,0.0,0.0,0.0,0.9360279488555489,-0.06463275196896556
2016-10-20,0.5038357267907255,0.3497744286673286,0.0,0.0,0.14638984454194587,0.0,0.0,-0.0010979162928378052,0.9350002685199488,-0.06565970691036571
2016-10-21,0.50528143554447,0.34617422525370817,0.0,0.0,0.14854433920182186,0.0,0.0,0.00027780309809850856,0.9352600144912666,-0.06540014428226715
2016-10-24,0.5009082109657629,0.3425369345124439,0.0,0.0,0.15655485452179319,0.0,0.0,-0.0016428985940714251,0.9337234771283677,-0.06693559707124519
2016-10-25,0.5062173602193962,0.3356151498852542,0.0,0.0,0.15816748989534954,0.0,0.0,0.0005503806824236647,0.9342373804929045,-0.06642205644841603
2016-10-26,0.5060933974592113,0.3335443162166495,0.0,0.0,0.16036228632413918,0.0,0.0,-7.74877127372325e-05,0.9341649885751365,-0.06649439726792372
2016-10-27,0.503229367135476,0.3317140804281682,0.0,0.0,0.1650565524363559,0.0,0.0,-0.0016720944806494053,0.9326029764537241,-0.06805530683390737
2016-10-28,0.5035659120075795,0.32175072881855066,0.0,0.0,0.17468335917386976,0.0,0.0,0.01014405272332022,0.9420633502167962,-0.05860161073121184
2016-10-31,0.5941420709539543,0.19342793293259133,0.0,0.0,0.21242999611345442,0.0,0.0,0.002558701837183089,0.9444738094417388,-0.05619285294306864
2016-11-01,0.6000147444633694,0.18417494358758554,0.0,0.0,0.215810311949045,0.0,0.0,0.001079664418778295,0.9454935242082609,-0.05517385794820273
2016-11-02,0.598244753091422,0.18184520013130404,0.0,0.0,0.21991004677727383,0.0,0.0,-0.0006728710036044922,0.9448573290317254,-0.05580960406263691
2016-11-03,0.598839177664397,0.1810816429363085,0.0,0.0,0.22007917939929456,0.0,0.0,-0.0002403609722925115,0.9446302222054416,-0.056036550584233624
2016-11-04,0.5905771872599728,0.17656579506735268,0.0,0.0,0.2328570176726745,0.0,0.0,-0.00039627279264573776,0.9442558909492706,-0.056410617616489134
2016-11-07,0.559679705426837,0.16659967535478123,0.0,0.0,0.2737206192183818,0.0,0.0,-0.00036737317326009436,0.9439089966662431,-0.056757267042149895
2016-11-08,0.5789472145895136,0.14294825095894695,0.0,0.0,0.2781045344515395,0.0,0.0,-0.00025455174395724325,0.9436687229850047,-0.05699737112479941
2016-11-09,0.5807549063677312,0.13008622932946148,0.0,0.0,0.28915886430280724,0.0,0.0,-0.0005429634613169264,0.9431563453488363,-0.057509387096204345
2016-11-10,0.7203635096580935,0.08081576990965812,0.0,0.0,0.19882072043224822,0.0,0.0,-0.00033677243090729183,0.9428387162936875,-0.05782679195101925
2016-11-11,0.8907345356242313,0.03129369408624539,0.0,0.0,0.07797177028952326,0.0,0.0,9.646512583151556e-05,0.9429296673490937,-0.05773590509394966
2016-11-14,0.9153618714441089,0.02262939390273488,0.0,0.0,0.0620087346531562,0.0,0.0,-2.2629393902734875e-05,0.9429083294222287,-0.057757227959313706
2016-11-15,0.0,0.2511479934028059,0.0,0.0,0.7488520065971941,0.0,0.0,-0.003238217794621783,0.9398549868911965,-0.060808415270589666
2016-11-16,0.0,0.06942137509881627,0.0,0.0,0.9305786249011837,0.0,0.0,0.000768152454567001,0.9405769388063141,-0.06008697294947096
2016-11-17,0.0,0.022271478518954987,0.0,0.0,0.977728521481045,0.0,0.0,-2.2271478518954984e-05,0.9405559907672261,-0.060107906202262584
2016-11-18,0.0,1.0,0.0,0.0,0.0,0.0,0.0,-0.0001447481720707055,0.9404198470068325,-0.06024395386478343
2016-11-21,0.0,1.0,0.0,0.0,0.0,0.0,0.0,-0.010990230509965898,0.9300844161120805,-0.07057208943494364
2016-11-22,0.0,1.0,0.0,0.0,0.0,0.0,0.0,-0.001,0.9291543316959684,-0.07150151734550869
2016-11-23,0.0,1.0,0.0,0.0,0.0,0.0,0.0,0.0,0.9291543316959684,-0.07150151734550869
2016-11-25,0.0,1.0,0.0,0.0,0.0,0.0,0.0,0.0,0.9291543316959684,-0.07150151734550869
2016-11-28,0.0,1.0,0.0,0.0,0.0,0.0,0.0,0.0,0.9291543316959684,-0.07150151734550869
2016-11-29,0.0,1.0,0.0,0.0,0.0,0.0,0.0,0.0,0.9291543316959684,-0.07150151734550869
2016-11-30,0.0,1.0,0.0,0.0,0.0,0.0,0.0,0.0,0.9291543316959684,-0.07150151734550869
2016-12-01,0.0,1.0,0.0,0.0,0.0,0.0,0.0,0.0,0.9291543316959684,-0.07150151734550869
2016-12-02,0.0,1.0,0.0,0.0,0.0,0.0,0.0,0.0,0.9291543316959684,-0.07150151734550869
2016-12-05,0.0,1.0,0.0,0.0,0.0,0.0,0.0,0.0,0.9291543316959684,-0.07150151734550869
2016-12-06,0.0,1.0,0.0,0.0,0.0,0.0,0.0,0.0,0.9291543316959684,-0.07150151734550869
2016-12-07,0.0,1.0,0.0,0.0,0.0,0.0,0.0,0.0,0.9291543316959684,-0.07150151734550869
2016-12-08,0.0,1.0,0.0,0.0,0.0,0.0,0.0,0.0,0.9291543316959684,-0.07150151734550869
2016-12-09,0.0,1.0,0.0,0.0,0.0,0.0,0.0,0.0,0.9291543316959684,-0.07150151734550869
2016-12-12,0.0,1.0,0.0,0.0,0.0,0.0,0.0,0.0,0.9291543316959684,-0.07150151734550869
2016-12-13,0.0,1.0,0.0,0.0,0.0,0.0,0.0,0.0,0.9291543316959684,-0.07150151734550869
2016-12-14,0.0,1.0,0.0,0.0,0.0,0.0,0.0,0.0,0.9291543316959684,-0.07150151734550869
2016-12-15,0.0,1.0,0.0,0.0,0.0,0.0,0.0,0.0,0.9291543316959684,-0.07150151734550869
2016-12-16,0.0,1.0,0.0,0.0,0.0,0.0,0.0,0.0,0.9291543316959684,-0.07150151734550869
2016-12-19,0.0,1.0,0.0,0.0,0.0,0.0,0.0,0.0,0.9291543316959684,-0.07150151734550869
2016-12-20,0.0,1.0,0.0,0.0,0.0,0.0,0.0,0.0,0.9291543316959684,-0.07150151734550869
2016-12-21,0.0,1.0,0.0,0.0,0.0,0.0,0.0,0.0,0.9291543316959684,-0.07150151734550869
2016-12-22,0.0,1.0,0.0,0.0,0.0,0.0,0.0,0.0,0.9291543316959684,-0.07150151734550869
2016-12-23,0.0,1.0,0.0,0.0,0.0,0.0,0.0,0.0,0.9291543316959684,-0.07150151734550869
2016-12-27,0.0,1.0,0.0,0.0,0.0,0.0,0.0,0.0,0.9291543316959684,-0.07150151734550869
2016-12-28,0.0,1.0,0.0,0.0,0.0,0.0,0.0,0.0,0.9291543316959684,-0.07150151734550869
2016-12-29,0.0,1.0,0.0,0.0,0.0,0.0,0.0,0.0,0.9291543316959684,-0.07150151734550869
2016-12-30,0.0,1.0,0.0,0.0,0.0,0.0,0.0,0.0,0.9291543316959684,-0.07150151734550869
2017-01-03,0.0,1.0,0.0,0.0,0.0,0.0,0.0,0.0,0.9291543316959684,-0.07150151734550869
2017-01-04,0.0,1.0,0.0,0.0,0.0,0.0,0.0,0.0,0.9291543316959684,-0.07150151734550869
2017-01-05,0.0,1.0,0.0,0.0,0.0,0.0,0.0,0.0,0.9291543316959684,-0.07150151734550869
2017-01-06,0.0,1.0,0.0,0.0,0.0,0.0,0.0,0.0,0.9291543316959684,-0.07150151734550869
2017-01-09,0.0,1.0,0.0,0.0,0.0,0.0,0.0,0.0,0.9291543316959684,-0.07150151734550869
2017-01-10,0.0,1.0,0.0,0.0,0.0,0.0,0.0,0.0,0.9291543316959684,-0.07150151734550869
2017-01-11,0.0,1.0,0.0,0.0,0.0,0.0,0.0,0.0,0.9291543316959684,-0.07150151734550869
2017-01-12,0.0,1.0,0.0,0.0,0.0,0.0,0.0,0.0,0.9291543316959684,-0.07150151734550869
2017-01-13,0.0,1.0,0.0,0.0,0.0,0.0,0.0,0.0,0.9291543316959684,-0.07150151734550869
2017-01-17,0.0,1.0,0.0,0.0,0.0,0.0,0.0,0.0,0.9291543316959684,-0.07150151734550869
2017-01-18,0.0,1.0,0.0,0.0,0.0,0.0,0.0,0.0,0.9291543316959684,-0.07150151734550869
2017-01-19,0.0,1.0,0.0,0.0,0.0,0.0,0.0,0.0,0.9291543316959684,-0.07150151734550869
2017-01-20,0.0,1.0,0.0,0.0,0.0,0.0,0.0,0.0,0.9291543316959684,-0.07150151734550869
2017-01-23,0.0,1.0,0.0,0.0,0.0,0.0,0.0,0.0,0.9291543316959684,-0.07150151734550869
2017-01-24,0.0,1.0,0.0,0.0,0.0,0.0,0.0,0.0,0.9291543316959684,-0.07150151734550869
2017-01-25,0.0,1.0,0.0,0.0,0.0,0.0,0.0,0.0,0.9291543316959684,-0.07150151734550869
2017-01-26,0.0,1.0,0.0,0.0,0.0,0.0,0.0,0.0,0.9291543316959684,-0.07150151734550869
2017-01-27,0.0,1.0,0.0,0.0,0.0,0.0,0.0,0.0,0.9291543316959684,-0.07150151734550869
2017-01-30,0.0,1.0,0.0,0.0,0.0,0.0,0.0,0.0,0.9291543316959684,-0.07150151734550869
2017-01-31,0.0,1.0,0.0,0.0,0.0,0.0,0.0,0.0,0.9291543316959684,-0.07150151734550869
2017-02-01,0.0,1.0,0.0,0.0,0.0,0.0,0.0,0.0,0.9291543316959684,-0.07150151734550869
2017-02-02,0.0,1.0,0.0,0.0,0.0,0.0,0.0,0.0,0.9291543316959684,-0.07150151734550869
2017-02-03,0.0,1.0,0.0,0.0,0.0,0.0,0.0,0.0,0.9291543316959684,-0.07150151734550869
2017-02-06,0.0,1.0,0.0,0.0,0.0,0.0,0.0,0.0,0.9291543316959684,-0.07150151734550869
2017-02-07,0.0,1.0,0.0,0.0,0.0,0.0,0.0,0.0,0.9291543316959684,-0.07150151734550869
2017-02-08,0.0,1.0,0.0,0.0,0.0,0.0,0.0,0.0,0.9291543316959684,-0.07150151734550869
2017-02-09,0.0,0.14437631598595366,0.0,0.8556236840140463,0.0,0.0,0.0,0.00026485882967568756,0.9294004264248494,-0.07125559632403722
2017-02-10,0.0,0.14670157767866523,0.0,0.8532984223213347,0.0,0.0,0.0,0.0010418087353197087,0.9303686839077087,-0.0702880222914084
2017-02-13,0.0,0.15472124398762357,0.0,0.8452787560123765,0.0,0.0,0.0,0.001999525671558003,0.9322289799751957,-0.06842903932482514
2017-02-14,0.0,0.2191790760412531,0.0,0.7808209239587469,0.0,0.0,0.0,-0.0009084724595637294,0.931382075620881,-0.0692753458867279
2017-02-15,0.0,0.2933369437774352,0.0,0.7066630562225648,0.0,0.0,0.0,-0.0024189515554152064,0.9291291075003721,-0.07152672373645841
2017-02-16,0.0,0.3415067673682172,0.0,0.6584932326317828,0.0,0.0,0.0,-0.0012319291801053058,0.9279844862407572,-0.0726705370584354
2017-02-17,0.0,0.35217422865941694,0.0,0.6478257713405831,0.0,0.0,0.0,-0.0005968636802705436,0.9274306060050655,-0.07322402633451008
2017-02-21,0.0,0.8580534495193793,0.0,0.14194655048062052,0.0,0.0,0.0,-0.0002823046648776433,0.92716878801864,-0.07348565951517239
2017-02-22,0.0,0.0,0.0,1.0,0.0,0.0,0.0,-0.0036575143753705412,0.923777654848067,-0.07687439903448257
2017-02-23,0.0,0.0,0.0,1.0,0.0,0.0,0.0,-0.0065077141147634925,0.917765973964709,-0.08288183653758541
2017-02-24,0.0,0.0,0.0,1.0,0.0,0.0,0.0,-0.0071734399620291996,0.9111824348512799,-0.08946072862126953
2017-02-27,0.0,0.0,0.0,1.0,0.0,0.0,0.0,-0.007874152562818404,0.9040076453467005,-0.09663045375854329
2017-02-28,0.0,0.0,0.0,1.0,0.0,0.0,0.0,-0.0006582742893512049,0.903412560356392,-0.09722511870461681
2017-03-01,0.0,0.0,0.0,0.13929487899910453,0.0,0.0,0.8607051210008955,0.003764974096775199,0.9068138852448351,-0.09382619466132047
2017-03-02,0.0,0.0,0.0,0.24561418408775687,0.0,0.0,0.7543858159122431,-0.003873464777241346,0.9033013736008259,-0.09733622697835853
2017-03-03,0.0,0.0,0.0,0.3262602076524312,0.0,0.0,0.6737397923475689,-0.00037654138996577927,0.9029612432460522,-0.09767611725012382
2017-03-06,0.0,0.0,0.0,0.32833286090731423,0.0,0.0,0.6716671390926857,-5.318560839649566e-05,0.9029132187029717,-0.09772410789479857
2017-03-07,0.0,0.0,0.0,0.32845664453097284,0.0,0.0,0.6715433554690271,0.0013074476663361137,0.904093730483669,-0.09654442938527419
2017-03-08,0.0,0.0,0.0,0.31462115685939046,0.0,0.0,0.6853788431406095,0.0003062412098197065,0.9043706012414828,-0.09626775405831078
2017-03-09,0.0,0.0,0.0,0.31079296694225345,0.0,0.0,0.6892070330577467,-0.0007731749294731769,0.9036713645656503,-0.09696649717382932
2017-03-10,0.0,0.0,0.0,0.3155234981470496,0.0,0.0,0.6844765018529504,0.0029441390412695357,0.9063318987105453,-0.09430784098258449
2017-03-13,0.0,0.0,0.0,0.31797613701210115,0.0,0.0,0.682023862987899,0.003152347350251188,0.9091889716698937,-0.09145278470496265
2017-03-14,0.0,0.0,0.0,0.3354461824438209,0.0,0.0,0.664553817556179,-0.0029898888754441456,0.9064705976778213,-0.09416923991678905
2017-03-15,0.0,0.0,0.0,0.34890795519274354,0.0,0.0,0.6510920448072566,0.0028640828331909824,0.9090668045554228,-0.09157486558705841
2017-03-16,0.0,0.0,0.0,0.3613101507302238,0.0,0.0,0.6386898492697761,-0.0042501851420325976,0.9052031023295863,-0.09543584059598909
2017-03-17,0.0,0.0,0.0,0.3668558731330317,0.0,0.0,0.6331441268669683,0.000983860373450195,0.9060936957918926,-0.09454587576430828
2017-03-20,0.0,0.0,0.0,0.3755541347477099,0.0,0.0,0.6244458652522901,-0.00012036197240878179,0.9059846365674799,-0.09465485800862705
2017-03-21,0.0,0.0,0.0,0.3757066301215867,0.0,0.0,0.6242933698784132,-0.001890833365989075,0.9042715705875846,-0.09636671481084047
2017-03-22,0.0,0.0,0.0,0.3735276977879053,0.0,0.0,0.6264723022120947,-0.0007614764647465636,0.9035829890688427,-0.09705481029027352
2017-03-23,0.0,0.0,0.0,0.3727229555765588,0.0,0.0,0.6272770444234411,-0.00038644908847443196,0.9032338002463561,-0.09740375263577916
2017-03-24,0.0,0.0,0.0,0.37269253311764755,0.0,0.0,0.6273074668823525,-0.0008658186404265018,0.9024517635854397,-0.09818523729152606
2017-03-27,0.0,0.0,0.0,0.3716423523374469,0.0,0.0,0.628357647662553,0.0001490736080093655,0.9025862953258919,-0.09805080051109294
2017-03-28,0.0,0.0,0.0,0.37144487256726466,0.0,0.0,0.6285551274327353,-0.0009592275551483798,0.9017205096805159,-0.09891597503658678
2017-03-29,0.0,0.0,0.0,0.37012580118118144,0.0,0.0,0.6298741988188186,-0.00036382542523201574,0.9013924408326409,-0.0992438123151389
2017-03-30,0.0,0.0,0.0,0.3701764062423844,0.0,0.0,0.6298235937576154,0.0008098997236807041,0.9021224783213991,-0.09851429012762924
2017-03-31,0.0,0.0,0.0,0.36776799651798187,0.0,0.0,0.6322320034820181,0.000304174255228447,0.9023968807543675,-0.0982400813832296
2017-04-03,0.0,0.0,0.0,0.36725378084302057,0.0,0.0,0.6327462191569794,-0.00016965400797044382,0.9022437855067675,-0.09839306856764996
2017-04-04,0.0,0.0,0.0,0.36734424875354565,0.0,0.0,0.6326557512464542,0.00019984386605605638,0.9024240933929882,-0.09821288795280969
2017-04-05,0.0,0.0,0.0,0.3670588007163302,0.0,0.0,0.6329411992836699,9.079061423697471e-05,0.9025060250307295,-0.09813101414699599
2017-04-06,0.0,0.0,0.0,0.3669543212653765,0.0,0.0,0.6330456787346235,0.0011466754665180928,0.9035409065480171,-0.09709686310690469
2017-04-07,0.0,0.0,0.0,0.3628383899358751,0.0,0.0,0.6371616100641249,-0.0007117847049290248,0.9028977799504585,-0.09773953574977767
2017-04-10,0.0,0.0,0.0,0.36222914320679345,0.0,0.0,0.6377708567932064,0.0004919056562205067,0.9033419204754051,-0.09729570872402882
2017-04-11,0.0,0.0,0.0,0.36124381064528754,0.0,0.0,0.6387561893547125,-0.001744126899524411,0.9017663775324358,-0.0988701395607594
2017-04-12,0.0,0.0,0.0,0.35574174402048486,0.0,0.0,0.6442582559795152,-0.0012498289225880484,0.9006393238323783,-0.09999639772334412
2017-04-13,0.0,0.0,0.0,0.3533681357298341,0.0,0.0,0.6466318642701658,-0.0014190135320189244,0.8993613044443919,-0.10127351501384041
2017-04-17,0.0,0.0,0.0,0.350302548710582,0.0,0.0,0.6496974512894181,0.0005764474889110663,0.8998797390099628,-0.10075544638835221
2017-04-18,0.0,0.0,0.0,0.34895061303506253,0.0,0.0,0.6510493869649374,-0.0019268813571430108,0.8981457775171937,-0.10248818395421888
2017-04-19,0.0,0.0,0.0,0.34292906726528133,0.0,0.0,0.6570709327347188,-0.0003354841569806353,0.8978444638381777,-0.10278928494920503
2017-04-20,0.0,0.0,0.0,0.3430638113195883,0.0,0.0,0.6569361886804117,8.867793799365179e-05,0.8979240828338699,-0.10270972215304852
2017-04-21,0.0,0.0,0.0,0.3429452064271813,0.0,0.0,0.6570547935728188,-0.0006856940907450052,0.8973083815963331,-0.10332498879425112
2017-04-24,0.0,0.0,0.0,0.34271713443989343,0.0,0.0,0.6572828655601066,0.0005137725854887194,0.8977693940435265,-0.10286430175540084
2017-04-25,0.0,0.0,0.0,0.3415472082572741,0.0,0.0,0.6584527917427259,-0.00044467306850673856,0.8973701801722658,-0.10326323383920621
2017-04-26,0.0,0.0,0.0,0.3416323714863689,0.0,0.0,0.6583676285136312,-0.0011881931980066021,0.8963039310280911,-0.10432873036516088
2017-04-27,0.0,0.0,0.0,0.3400248721259721,0.0,0.0,0.6599751278740279,-0.0005157764185438005,0.8958416385966187,-0.10479069648480577
2017-04-28,0.0,0.0,0.0,0.3401028580791998,0.0,0.0,0.6598971419208001,0.0005748504525235891,0.8963566135679555,-0.1042760850115767
2017-05-01,0.0,0.0,0.0,0.33867497261923085,0.0,0.0,0.6613250273807691,0.0006125676032410724,0.8969056925903781,-0.10372739355980654
2017-05-02,0.0,0.0,0.0,0.3371437034841053,0.0,0.0,0.6628562965158946,0.00020274730432796688,0.8970875378017873,-0.10354567670490766
2017-05-03,0.0,0.0,0.0,0.33682071899656796,0.0,0.0,0.663179281003432,0.0028921366551336483,0.8996820375527274,-0.10095300829685294
2017-05-04,0.0,0.0,0.0,0.3179994174092592,0.0,0.0,0.6820005825907407,0.0011805290260489718,0.9007441383122732,-0.09989165722736548
2017-05-05,0.0,0.0,0.0,0.3144241511948712,0.0,0.0,0.6855758488051289,0.0009861469879704023,0.9016324044312019,-0.09900401809629322
2017-05-08,0.0,0.0,0.0,0.3134945717717774,0.0,0.0,0.6865054282282227,0.0005036168207971415,0.9020864816762493,-0.09855026136433576
2017-05-09,0.0,0.0,0.0,0.31279668763193386,0.0,0.0,0.6872033123680661,0.0013943875276243324,0.9033443398151372,-0.09729329109200191
2017-05-10,0.0,0.0,0.0,0.3089210031088245,0.0,0.0,0.6910789968911755,-0.0003089210031088245,0.9030652777755288,-0.09757215615403081
2017-05-11,0.0,0.0,0.0,0.3102844301428344,0.0,0.0,0.6897155698571655,0.0,0.9030652777755288,-0.09757215615403081
2017-05-12,0.0,0.0,0.0,0.31033525900381426,0.0,0.0,0.6896647409961858,0.0,0.9030652777755288,-0.09757215615403081
2017-05-15,0.0,0.0,0.0,0.311949866459488,0.0,0.0,0.6880501335405119,0.0,0.9030652777755288,-0.09757215615403081
2017-05-16,0.0,0.0,0.0,0.31233522423259974,0.0,0.0,0.6876647757674001,0.0,0.9030652777755288,-0.09757215615403081
2017-05-17,0.0,0.0,0.0,0.31237110829540987,0.0,0.0,0.6876288917045901,0.0,0.9030652777755288,-0.09757215615403081
2017-05-18,0.0,0.0,0.0,0.3128617434331554,0.0,0.0,0.6871382565668445,0.0,0.9030652777755288,-0.09757215615403081
2017-05-19,0.0,0.0,0.0,0.3149942309907239,0.0,0.0,0.685005769009276,0.0,0.9030652777755288,-0.09757215615403081
2017-05-22,0.0,0.0,0.0,0.3229196243168297,0.0,0.0,0.6770803756831701,0.0,0.9030652777755288,-0.09757215615403081
2017-05-23,0.0,0.0,0.0,0.3340075952803873,0.0,0.0,0.6659924047196126,0.0,0.9030652777755288,-0.09757215615403081
2017-05-24,0.0,0.0,0.0,0.34991770463754174,0.0,0.0,0.6500822953624583,0.0,0.9030652777755288,-0.09757215615403081
2017-05-25,0.0,0.0,0.0,0.34537786086827693,0.0,0.0,0.6546221391317231,0.0,0.9030652777755288,-0.09757215615403081
2017-05-26,0.0,0.0,0.0,0.32936978552998647,0.0,0.0,0.6706302144700136,0.0,0.9030652777755288,-0.09757215615403081
2017-05-30,0.0,0.0,0.0,0.2977658357328228,0.0,0.0,0.7022341642671772,0.0,0.9030652777755288,-0.09757215615403081
2017-05-31,0.0,0.0,0.0,0.29388106157522037,0.0,0.0,0.7061189384247796,0.0,0.9030652777755288,-0.09757215615403081
2017-06-01,0.0,0.0,0.0,0.29390297635738705,0.0,0.0,0.7060970236426131,0.0,0.9030652777755288,-0.09757215615403081
2017-06-02,0.0,0.0,0.0,0.30021655168658573,0.0,0.0,0.6997834483134142,0.0,0.9030652777755288,-0.09757215615403081
2017-06-05,0.0,0.0,0.0,0.301555470297599,0.0,0.0,0.698444529702401,0.0,0.9030652777755288,-0.09757215615403081
2017-06-06,0.0,0.0,0.0,0.2961641544334501,0.0,0.0,0.7038358455665499,0.0,0.9030652777755288,-0.09757215615403081
2017-06-07,0.0,0.0,0.0,0.2936264954639354,0.0,0.0,0.7063735045360646,0.0,0.9030652777755288,-0.09757215615403081
2017-06-08,0.0,0.0,0.0,0.2731210965753253,0.0,0.0,0.7268789034246748,0.0,0.9030652777755288,-0.09757215615403081
2017-06-09,0.0,0.0,0.0,0.2481640378687118,0.0,0.0,0.7518359621312882,0.0,0.9030652777755288,-0.09757215615403081
2017-06-12,0.0,0.0,0.0,0.21771429867819855,0.0,0.0,0.7822857013218014,0.0,0.9030652777755288,-0.09757215615403081
2017-06-13,0.0,0.0,0.0,0.1626202016739258,0.0,0.0,0.8373797983260742,0.0,0.9030652777755288,-0.09757215615403081
2017-06-14,0.0,0.0,0.0,0.06552902866924384,0.0,0.0,0.9344709713307562,0.0,0.9030652777755288,-0.09757215615403081
2017-06-15,0.0,0.0,0.0,0.05534624522188124,0.0,0.0,0.9446537547781187,0.0,0.9030652777755288,-0.09757215615403081
2017-06-16,0.0,0.0,0.0,1.0,0.0,0.0,0.0,0.0,0.9030652777755288,-0.09757215615403081
2017-06-19,0.0,0.0,0.0,1.0,0.0,0.0,0.0,0.0,0.9030652777755288,-0.09757215615403081
2017-06-20,0.0,0.0,0.0,1.0,0.0,0.0,0.0,0.0,0.9030652777755288,-0.09757215615403081
2017-06-21,0.0,0.0,0.0,1.0,0.0,0.0,0.0,0.0,0.9030652777755288,-0.09757215615403081
2017-06-22,0.0,0.0,0.0,1.0,0.0,0.0,0.0,0.0,0.9030652777755288,-0.09757215615403081
2017-06-23,0.0,0.0,0.0,1.0,0.0,0.0,0.0,0.0,0.9030652777755288,-0.09757215615403081
2017-06-26,0.0,0.0,0.0,1.0,0.0,0.0,0.0,0.0,0.9030652777755288,-0.09757215615403081
2017-06-27,0.0,0.0,0.0,1.0,0.0,0.0,0.0,0.0,0.9030652777755288,-0.09757215615403081
2017-06-28,0.0,0.0,0.0,1.0,0.0,0.0,0.0,0.0,0.9030652777755288,-0.09757215615403081
2017-06-29,0.0,0.0,0.0,1.0,0.0,0.0,0.0,0.0,0.9030652777755288,-0.09757215615403081
2017-06-30,0.0,0.0,0.0,1.0,0.0,0.0,0.0,0.0,0.9030652777755288,-0.09757215615403081
2017-07-03,0.0,0.0,0.0,1.0,0.0,0.0,0.0,0.0,0.9030652777755288,-0.09757215615403081
2017-07-05,0.0,0.0,0.0,1.0,0.0,0.0,0.0,0.0,0.9030652777755288,-0.09757215615403081
2017-07-06,0.0,0.0,0.0,1.0,0.0,0.0,0.0,0.0,0.9030652777755288,-0.09757215615403081
2017-07-07,0.0,0.0,0.0,1.0,0.0,0.0,0.0,0.0,0.9030652777755288,-0.09757215615403081
2017-07-10,0.0,0.0,0.0,1.0,0.0,0.0,0.0,0.0,0.9030652777755288,-0.09757215615403081
2017-07-11,0.0,0.0,0.0,1.0,0.0,0.0,0.0,0.0,0.9030652777755288,-0.09757215615403081
2017-07-12,0.0,0.0,0.0,1.0,0.0,0.0,0.0,0.0,0.9030652777755288,-0.09757215615403081
2017-07-13,0.0,0.0,0.0,1.0,0.0,0.0,0.0,0.0,0.9030652777755288,-0.09757215615403081
2017-07-14,0.0,0.0,0.0,1.0,0.0,0.0,0.0,0.0,0.9030652777755288,-0.09757215615403081
2017-07-17,0.0,0.0,0.0,1.0,0.0,0.0,0.0,0.0,0.9030652777755288,-0.09757215615403081
2017-07-18,0.0,0.0,0.0,1.0,0.0,0.0,0.0,0.0,0.9030652777755288,-0.09757215615403081
2017-07-19,0.0,0.0,0.0,1.0,0.0,0.0,0.0,0.0,0.9030652777755288,-0.09757215615403081
2017-07-20,0.0,0.0,0.0,1.0,0.0,0.0,0.0,0.0,0.9030652777755288,-0.09757215615403081
2017-07-21,0.0,0.0,0.0,1.0,0.0,0.0,0.0,0.0,0.9030652777755288,-0.09757215615403081
2017-07-24,0.0,0.0,0.0,1.0,0.0,0.0,0.0,0.0,0.9030652777755288,-0.09757215615403081
2017-07-25,0.0,0.0,0.0,1.0,0.0,0.0,0.0,0.0,0.9030652777755288,-0.09757215615403081
2017-07-26,0.0,0.0,0.0,1.0,0.0,0.0,0.0,0.0,0.9030652777755288,-0.09757215615403081
2017-07-27,0.0,0.0,0.0,1.0,0.0,0.0,0.0,0.0,0.9030652777755288,-0.09757215615403081
2017-07-28,0.0,0.0,0.0,1.0,0.0,0.0,0.0,0.0,0.9030652777755288,-0.09757215615403081
2017-07-31,0.0,0.0,0.0,1.0,0.0,0.0,0.0,0.0,0.9030652777755288,-0.09757215615403081
2017-08-01,0.0,0.0,0.0,1.0,0.0,0.0,0.0,-0.0011264220074066018,0.9020480451725177,-0.09858867073743538
2017-08-02,0.0,0.0,0.0,1.0,0.0,0.0,0.0,-0.0005154628631176943,0.9015830729044834,-0.09905331480206381
2017-08-03,0.0,0.0,0.0,1.0,0.0,0.0,0.0,0.0020644986940773834,0.903444389981097,-0.09719331154703925
2017-08-04,0.0,0.0,0.0,1.0,0.0,0.0,0.0,0.00038665435779940426,0.9037937106915127,-0.09684423740669845
2017-08-07,0.0,0.0,0.0,1.0,0.0,0.0,0.0,0.0010031714555673507,0.9047003707437997,-0.0959382173257336
2017-08-08,0.0,0.0,0.0,1.0,0.0,0.0,0.0,0.0011849159424239927,0.9057723646362109,-0.09486698010650674
2017-08-09,0.0,0.0,0.0,1.0,0.0,0.0,0.0,0.0027894881779424153,0.9082990059392706,-0.09234212224804839
2017-08-10,0.0,0.0,0.0,1.0,0.0,0.0,0.0,-0.002166086924555908,0.9063315513389184,-0.09430818810901709
2017-08-11,0.0,0.0,0.0,1.0,0.0,0.0,0.0,0.002134446984760581,0.9082660679858672,-0.092375036952004
2017-08-14,0.0,0.0,0.0,1.0,0.0,0.0,0.0,-0.00011503113822447394,0.9081615891062561,-0.09247944208458436
2017-08-15,0.0,0.0,0.0,1.0,0.0,0.0,0.0,-0.001197891202346042,0.9070737103283572,-0.09356655297685934
2017-08-16,0.0,0.0,0.0,1.0,0.0,0.0,0.0,-0.0028125277169106836,0.9045225403767777,-0.09611592217014675
2017-08-17,0.0,0.0,0.0,1.0,0.0,0.0,0.0,0.004098437574054625,0.9082296695428373,-0.09241140970297912
2017-08-18,0.0,0.0,0.0,1.0,0.0,0.0,0.0,0.0004039984634026228,0.9085965929337493,-0.09204474530709739
2017-08-21,0.0,0.0,0.0,1.0,0.0,0.0,0.0,-0.003043484452194854,0.9058312933298382,-0.09480809300804383
2017-08-22,0.0,0.0,0.0,1.0,0.0,0.0,0.0,0.0001552285793483507,0.905971904234631,-0.09466758135428388
2017-08-23,0.0,0.0,0.0,1.0,0.0,0.0,0.0,3.444254941233792e-05,0.9060031082167088,-0.09463639939772006
2017-08-24,0.0,0.0,0.0,1.0,0.0,0.0,0.0,-0.003368660684394618,0.9029510911661199,-0.09768626216415088
2017-08-25,0.0,0.0,0.0,1.0,0.0,0.0,0.0,0.00157909223466092,0.904376934222459,-0.09626142554750639
2017-08-28,0.0,0.0,0.0,1.0,0.0,0.0,0.0,-0.001559946559683417,0.9029661545352616,-0.09767120942757679
2017-08-29,0.0,0.0,0.0,1.0,0.0,0.0,0.0,-0.003658264072713744,0.8996628658932488,-0.10097216642390305
2017-08-30,0.0,0.0,0.0,1.0,0.0,0.0,0.0,0.003221808357127617,0.9025614072331811,-0.09807567103639725
2017-08-31,0.0,0.0,0.0,1.0,0.0,0.0,0.0,6.371846022286957e-05,0.9026189170563066,-0.09801820180691811
2017-09-01,0.0,0.0,0.0,1.0,0.0,0.0,0.0,0.0004463624508772432,0.903021812248332,-0.09761559100083006
2017-09-05,0.0,0.0,0.0,1.0,0.0,0.0,0.0,0.00023935270932231987,0.9032379529656708,-0.0973996028476859
2017-09-06,0.0,0.0,0.0,1.0,0.0,0.0,0.0,0.0017370929379945837,0.9048069612350961,-0.09583170207196157
2017-09-07,0.0,0.0,0.0,1.0,0.0,0.0,0.0,-0.0007204826092585962,0.90415506355479,-0.09648313960646171
2017-09-08,0.0,0.0,0.0,1.0,0.0,0.0,0.0,0.0024309606346537933,0.9063530289219146,-0.09428672568609897
2017-09-11,0.0,0.0,0.0,1.0,0.0,0.0,0.0,-0.0002783257130981491,0.9061007675688212,-0.09453880897903488
2017-09-12,0.0,0.0,0.0,1.0,0.0,0.0,0.0,0.00044354864856749554,0.9065026673397423,-0.0941371928914273
2017-09-13,0.0,0.0,0.0,1.0,0.0,0.0,0.0,0.0010801044244411649,0.9074817848815036,-0.09315876646553278
2017-09-14,0.0,0.0,0.0,1.0,0.0,0.0,0.0,0.0008343256965165386,0.908238920253751,-0.09240216552173408
2017-09-15,0.0,0.0,0.0,1.0,0.0,0.0,0.0,-4.9610372703727704e-05,0.9081938621824132,-0.09244719178856764
2017-09-18,0.0,0.0,0.0,1.0,0.0,0.0,0.0,-0.0006838449948524557,0.907572798355404,-0.09306781723402724
2017-09-19,0.0,0.0,0.0,1.0,0.0,0.0,0.0,-0.00030989736266694867,0.9072915439387654,-0.09334887312558426
2017-09-20,0.0,0.0,0.0,1.0,0.0,0.0,0.0,-0.00045589015496574616,0.9068779186562002,-0.09376220644831479
2017-09-21,0.0,0.0,0.0,1.0,0.0,0.0,0.0,-0.0009556325387527545,0.9060112766084559,-0.09462823677168031
2017-09-22,0.0,0.0,0.0,1.0,0.0,0.0,0.0,-0.000714776635501873,0.9053636809164349,-0.09527537535447905
2017-09-25,0.0,0.0,0.0,1.0,0.0,0.0,0.0,0.0018346730915418709,0.9070247272998717,-0.09361550143038655
2017-09-26,0.0,0.0,0.0,1.0,0.0,0.0,0.0,-0.000719201230298753,0.9063723940000862,-0.09426737427688159
2017-09-27,0.0,0.0,0.0,1.0,0.0,0.0,0.0,-0.0011374516402458685,0.9053414392338571,-0.09529760133763465
2017-09-28,0.0,0.0,0.0,1.0,0.0,0.0,0.0,-0.0012273124495076205,0.9042303024144303,-0.09640795385461232
2017-09-29,0.0,0.0,0.0,1.0,0.0,0.0,0.0,-0.0005621394583676146,0.9037219988819915,-0.09691589859801775
2017-10-02,0.0,0.0,0.0,1.0,0.0,0.0,0.0,-0.005759578502464579,0.8985169410850264,-0.10211728237437012
2017-10-03,0.0,0.0,0.0,1.0,0.0,0.0,0.0,-0.003015209428970484,0.8958077243321771,-0.10482458681066464
2017-10-04,0.0,0.0,0.0,1.0,0.0,0.0,0.0,-0.0001478586837066835,0.8956752713812031,-0.10495694626894536
2017-10-05,0.0,0.0,0.0,1.0,0.0,0.0,0.0,-0.001,0.8947795961098218,-0.10585198932267648
2017-10-06,0.0,0.0,0.0,1.0,0.0,0.0,0.0,0.0,0.8947795961098218,-0.10585198932267648
2017-10-09,0.0,0.0,0.0,1.0,0.0,0.0,0.0,0.0,0.8947795961098218,-0.10585198932267648
2017-10-10,0.0,0.0,0.0,1.0,0.0,0.0,0.0,0.0,0.8947795961098218,-0.10585198932267648
2017-10-11,0.0,0.0,0.0,1.0,0.0,0.0,0.0,0.0,0.8947795961098218,-0.10585198932267648
2017-10-12,0.0,0.0,0.0,1.0,0.0,0.0,0.0,0.0,0.8947795961098218,-0.10585198932267648
2017-10-13,0.0,0.0,0.0,1.0,0.0,0.0,0.0,0.0,0.8947795961098218,-0.10585198932267648
2017-10-16,0.0,0.0,0.0,1.0,0.0,0.0,0.0,0.0,0.8947795961098218,-0.10585198932267648
2017-10-17,0.0,0.0,0.0,1.0,0.0,0.0,0.0,0.0,0.8947795961098218,-0.10585198932267648
2017-10-18,0.0,0.0,0.0,1.0,0.0,0.0,0.0,0.0,0.8947795961098218,-0.10585198932267648
2017-10-19,0.0,0.0,0.0,1.0,0.0,0.0,0.0,0.0,0.8947795961098218,-0.10585198932267648
2017-10-20,0.0,0.0,0.0,1.0,0.0,0.0,0.0,0.0,0.8947795961098218,-0.10585198932267648
2017-10-23,0.0,0.0,0.0,1.0,0.0,0.0,0.0,0.0,0.8947795961098218,-0.10585198932267648
2017-10-24,0.0,0.0,0.0,1.0,0.0,0.0,0.0,0.0,0.8947795961098218,-0.10585198932267648
2017-10-25,0.0,0.0,0.0,1.0,0.0,0.0,0.0,0.0,0.8947795961098218,-0.10585198932267648
2017-10-26,0.0,0.0,0.0,1.0,0.0,0.0,0.0,0.0,0.8947795961098218,-0.10585198932267648
2017-10-27,0.0,0.0,0.0,1.0,0.0,0.0,0.0,0.0,0.8947795961098218,-0.10585198932267648
2017-10-30,0.0,0.0,0.0,1.0,0.0,0.0,0.0,0.0,0.8947795961098218,-0.10585198932267648
2017-10-31,0.0,0.0,0.0,1.0,0.0,0.0,0.0,0.0,0.8947795961098218,-0.10585198932267648
2017-11-01,0.0,0.0,0.0,1.0,0.0,0.0,0.0,0.0,0.8947795961098218,-0.10585198932267648
2017-11-02,0.0,0.0,0.0,1.0,0.0,0.0,0.0,0.0,0.8947795961098218,-0.10585198932267648
2017-11-03,0.0,0.0,0.0,1.0,0.0,0.0,0.0,0.0,0.8947795961098218,-0.10585198932267648
2017-11-06,0.0,0.0,0.0,1.0,0.0,0.0,0.0,0.0,0.8947795961098218,-0.10585198932267648
2017-11-07,0.0,0.0,0.0,1.0,0.0,0.0,0.0,0.0,0.8947795961098218,-0.10585198932267648
2017-11-08,0.0,0.0,0.0,1.0,0.0,0.0,0.0,0.0,0.8947795961098218,-0.10585198932267648
2017-11-09,0.0,0.0,0.0,1.0,0.0,0.0,0.0,0.0,0.8947795961098218,-0.10585198932267648
2017-11-10,0.0,0.0,0.0,1.0,0.0,0.0,0.0,0.0,0.8947795961098218,-0.10585198932267648
2017-11-13,0.0,0.0,0.0,1.0,0.0,0.0,0.0,0.0,0.8947795961098218,-0.10585198932267648
2017-11-14,0.0,0.0,0.0,1.0,0.0,0.0,0.0,0.0,0.8947795961098218,-0.10585198932267648
2017-11-15,0.0,0.0,0.0,1.0,0.0,0.0,0.0,0.0,0.8947795961098218,-0.10585198932267648
2017-11-16,0.0,0.0,0.0,1.0,0.0,0.0,0.0,0.0,0.8947795961098218,-0.10585198932267648
2017-11-17,0.0,0.0,0.0,1.0,0.0,0.0,0.0,0.0,0.8947795961098218,-0.10585198932267648
2017-11-20,0.0,0.0,0.0,1.0,0.0,0.0,0.0,0.0,0.8947795961098218,-0.10585198932267648
2017-11-21,0.0,0.0,0.0,1.0,0.0,0.0,0.0,0.0,0.8947795961098218,-0.10585198932267648
2017-11-22,0.0,0.0,0.0,1.0,0.0,0.0,0.0,0.0,0.8947795961098218,-0.10585198932267648
2017-11-24,0.0,0.0,0.0,1.0,0.0,0.0,0.0,0.0,0.8947795961098218,-0.10585198932267648
2017-11-27,0.0,0.0,0.0,1.0,0.0,0.0,0.0,0.0,0.8947795961098218,-0.10585198932267648
2017-11-28,0.0,0.0,0.0,1.0,0.0,0.0,0.0,0.0,0.8947795961098218,-0.10585198932267648
2017-11-29,0.0,0.0,0.0,1.0,0.0,0.0,0.0,0.0,0.8947795961098218,-0.10585198932267648
2017-11-30,0.0,0.0,0.0,1.0,0.0,0.0,0.0,0.0,0.8947795961098218,-0.10585198932267648
2017-12-01,0.0,0.0,0.0,1.0,0.0,0.0,0.0,0.0,0.8947795961098218,-0.10585198932267648
2017-12-04,0.0,0.0,0.0,1.0,0.0,0.0,0.0,0.0,0.8947795961098218,-0.10585198932267648
2017-12-05,0.0,0.0,0.0,1.0,0.0,0.0,0.0,0.0010225881358101542,0.8956945871089688,-0.1049376441752996
2017-12-06,0.0,0.0,0.0,1.0,0.0,0.0,0.0,-0.002234858262588353,0.8936928366602126,-0.10693798167674629
2017-12-07,0.0,0.0,0.0,1.0,0.0,0.0,0.0,0.00786130278930583,0.900718426649832,-0.09991735074107866
2017-12-08,0.0,0.0,0.0,1.0,0.0,0.0,0.0,0.001371189564730457,0.9019534823572146,-0.09868316680501998
2017-12-11,0.0,0.0,0.0,1.0,0.0,0.0,0.0,0.0005255184802873839,0.902427475580553,-0.09820950815258178
2017-12-12,0.0,0.0,0.0,1.0,0.0,0.0,0.0,-0.0020810556945179215,0.9005494737436067,-0.100086184390903
2017-12-13,0.0,0.0,0.0,1.0,0.0,0.0,0.0,0.0038199996078431813,0.9039895723801507,-0.09664851396818352
2017-12-14,0.0,0.0,0.0,1.0,0.0,0.0,0.0,-0.001,0.9030855828077705,-0.09755186545421535
2017-12-15,0.0,0.0,0.0,1.0,0.0,0.0,0.0,0.0,0.9030855828077705,-0.09755186545421535
2017-12-18,0.0,0.0,0.0,1.0,0.0,0.0,0.0,0.0,0.9030855828077705,-0.09755186545421535
2017-12-19,0.0,0.0,0.0,1.0,0.0,0.0,0.0,0.0,0.9030855828077705,-0.09755186545421535
2017-12-20,0.0,0.0,0.0,1.0,0.0,0.0,0.0,0.0,0.9030855828077705,-0.09755186545421535
2017-12-21,0.0,0.0,0.0,1.0,0.0,0.0,0.0,0.0,0.9030855828077705,-0.09755186545421535
2017-12-22,0.0,0.0,0.0,1.0,0.0,0.0,0.0,0.0,0.9030855828077705,-0.09755186545421535
2017-12-26,0.0,0.0,0.0,1.0,0.0,0.0,0.0,0.0,0.9030855828077705,-0.09755186545421535
2017-12-27,0.0,0.0,0.0,1.0,0.0,0.0,0.0,0.0,0.9030855828077705,-0.09755186545421535
2017-12-28,0.0,0.0,0.0,1.0,0.0,0.0,0.0,0.0,0.9030855828077705,-0.09755186545421535
2017-12-29,0.0,0.0,0.0,1.0,0.0,0.0,0.0,0.0,0.9030855828077705,-0.09755186545421535
2018-01-02,0.0,0.0,0.0,1.0,0.0,0.0,0.0,0.0,0.9030855828077705,-0.09755186545421535
2018-01-03,0.0,0.0,0.0,1.0,0.0,0.0,0.0,0.0,0.9030855828077705,-0.09755186545421535
2018-01-04,0.0,0.0,0.0,1.0,0.0,0.0,0.0,0.0,0.9030855828077705,-0.09755186545421535
2018-01-05,0.0,0.0,0.0,1.0,0.0,0.0,0.0,0.0,0.9030855828077705,-0.09755186545421535
2018-01-08,0.0,0.0,0.0,1.0,0.0,0.0,0.0,0.0,0.9030855828077705,-0.09755186545421535
2018-01-09,0.0,0.0,0.0,1.0,0.0,0.0,0.0,0.0,0.9030855828077705,-0.09755186545421535
2018-01-10,0.0,0.0,0.0,1.0,0.0,0.0,0.0,0.0,0.9030855828077705,-0.09755186545421535
2018-01-11,0.0,0.0,0.0,1.0,0.0,0.0,0.0,0.0,0.9030855828077705,-0.09755186545421535
2018-01-12,0.0,0.0,0.9158601259003363,0.08413987409966361,0.0,0.0,0.0,-0.003183187122380955,0.9002108924101689,-0.10042452673471824
2018-01-16,0.0,0.0,0.7266244553357397,0.27337554466426023,0.0,0.0,0.0,0.0009648269150269548,0.9010794401083666,-0.09955659210601386
2018-01-17,0.0,0.0,0.7121886567772537,0.28781134322274626,0.0,0.0,0.0,3.6118743443568814e-05,0.9011119859654863,-0.09952406922157864
2018-01-18,0.0,0.0,0.7121345307295665,0.2878654692704335,0.0,0.0,0.0,0.0006448299459327955,0.9016930499586757,-0.09894341537582096
2018-01-19,0.0,0.0,0.70593349022247,0.29406650977753,0.0,0.0,0.0,-0.004106127076791981,0.8979905837112853,-0.10264326821566805
2018-01-22,0.0,0.0,0.5752950641507559,0.4247049358492441,0.0,0.0,0.0,0.0011727943088488298,0.8990437419572618,-0.10159085334762408
2018-01-23,0.0,0.0,0.5640767926730389,0.435923207326961,0.0,0.0,0.0,0.002565231604054459,0.9013499973775579,-0.09928622581125979
2018-01-24,0.0,0.0,0.5222155725935322,0.47778442740646776,0.0,0.0,0.0,7.158744481937842e-05,0.9014145227207582,-0.09922174601365197
2018-01-25,0.0,0.0,0.5221745000732473,0.4778254999267527,0.0,0.0,0.0,-0.0011598600415654592,0.9003690080349676,-0.10026652271676195
2018-01-26,0.0,0.0,0.5143924662022862,0.4856075337977138,0.0,0.0,0.0,-0.0005274363184846349,0.8998941207200919,-0.10074107482963757
2018-01-29,0.0,0.0,0.5129461726564551,0.4870538273435448,0.0,0.0,0.0,-0.0001969398846583012,0.8997168956757526,-0.10091817477863851
2018-01-30,0.0,0.0,0.5128075085738512,0.48719249142614884,0.0,0.0,0.0,-0.0004888912190816979,0.8992770319857973,-0.10135772798822518
2018-01-31,0.4320814184369289,0.0,0.2905771261670257,0.27734145539604543,0.0,0.0,0.0,0.0006104574728605315,0.8998260023701449,-0.10080914509784722
2018-02-01,0.4178778025099477,0.0,0.29713332775168205,0.28498886973837023,0.0,0.0,0.0,-0.0009432010853509916,0.8989772855080823,-0.10165726288812871
2018-02-02,0.4047639956891178,0.0,0.3038270238123489,0.29140898049853325,0.0,0.0,0.0,-0.0034041914480755207,0.8959169947207416,-0.1047153935512456
2018-02-05,0.301652634429297,0.0,0.3564582789547195,0.3418890866159834,0.0,0.0,0.0,-0.006556069474973804,0.8900433006595427,-0.11058494163099819
2018-02-06,0.16199437968707925,0.0,0.42774420853869916,0.4102614117742217,0.0,0.0,0.0,-0.00030787702696952006,0.8897692767742615,-0.11085877209491068
2018-02-07,0.1618456267247532,0.0,0.4278201366907253,0.41033423658452145,0.0,0.0,0.0,-0.00028590779779712796,0.8895148847997915,-0.11111298450531171
2018-02-08,0.161748759580036,0.0,0.4278695807029684,0.4103816597169957,0.0,0.0,0.0,-0.00016174875958003602,0.889371006870547,-0.11125676087747483
2018-02-09,0.16179071979744264,0.0,0.4278481628991378,0.4103611173034195,0.0,0.0,0.0,0.0,0.889371006870547,-0.11125676087747483
2018-02-12,0.16179071979744264,0.0,0.4278481628991378,0.4103611173034195,0.0,0.0,0.0,0.0,0.889371006870547,-0.11125676087747483
2018-02-13,0.16179071979744264,0.0,0.4278481628991378,0.4103611173034195,0.0,0.0,0.0,0.0,0.889371006870547,-0.11125676087747483
2018-02-14,0.16179071979744264,0.0,0.4278481628991378,0.4103611173034195,0.0,0.0,0.0,0.0,0.889371006870547,-0.11125676087747483
2018-02-15,0.16179071979744264,0.0,0.4278481628991378,0.4103611173034195,0.0,0.0,0.0,0.0,0.889371006870547,-0.11125676087747483
2018-02-16,0.16179071979744264,0.0,0.4278481628991378,0.4103611173034195,0.0,0.0,0.0,0.0,0.889371006870547,-0.11125676087747483
2018-02-20,0.16179071979744264,0.0,0.4278481628991378,0.4103611173034195,0.0,0.0,0.0,0.0,0.889371006870547,-0.11125676087747483
2018-02-21,0.16179071979744264,0.0,0.4278481628991378,0.4103611173034195,0.0,0.0,0.0,-0.00025420542866542154,0.889144923932503,-0.11148268423354946
2018-02-22,0.16188143328109966,0.0,0.42752736646291967,0.41059120025598056,0.0,0.0,0.0,0.0007413645781817913,0.8898041044839766,-0.11082396896853908
2018-02-23,0.16328394606228114,0.0,0.4225675624314212,0.41414849150629773,0.0,0.0,0.0,-0.002409805102946114,0.8876598500123688,-0.11296670990553603
2018-02-26,0.17383870252968836,0.0,0.3852420389988052,0.4409192584715065,0.0,0.0,0.0,-0.0011407506996087516,0.8866472514174526,-0.11397859375178754
2018-02-27,0.17593224180279696,0.0,0.37783850965761956,0.4462292485395834,0.0,0.0,0.0,0.00045163533742637415,0.8870476926480247,-0.11357843517500954
2018-02-28,0.17645896009222678,0.0,0.375975838935163,0.44756520097261027,0.0,0.0,0.0,0.0006084157216755594,0.8875873864101077,-0.11303912235893787
2018-03-01,0.17731416577656647,0.0,0.37295151526563086,0.44973431895780275,0.0,0.0,0.0,0.0025101325168064353,0.8898153483702429,-0.11081273301883598
2018-03-02,0.18740997663670472,0.0,0.33724899327992763,0.47534103008336764,0.0,0.0,0.0,0.000616914272871952,0.8903642881588731,-0.11026418070257915
2018-03-05,0.18804576359382735,0.0,0.3350006154002946,0.47695362100587807,0.0,0.0,0.0,0.0009712312366942095,0.8912290377675701,-0.10940004148247173
2018-03-06,0.18912002467356703,0.0,0.32916493208233627,0.4817150432440967,0.0,0.0,0.0,0.0005260173136159838,0.8916978396718331,-0.10893157048478586
2018-03-07,0.18646173619948034,0.0,0.3223914472407738,0.49114681655974585,0.0,0.0,0.0,2.3681523209071377e-05,0.8917189564349188,-0.10891046862709142
2018-03-08,0.12787999661476337,0.0,0.22110310360177518,0.6510168997834613,0.0,0.0,0.0,-0.0003779548219998875,0.8913819269554656,-0.10924726021230735
2018-03-09,0.12456873132914763,0.0,0.21371818841043647,0.6617130802604159,0.0,0.0,0.0,-0.00038034038409257503,0.8910428984109942,-0.10958604945148975
2018-03-12,0.1242477358253745,0.0,0.21147241420518276,0.6642798499694427,0.0,0.0,0.0,-7.090574737169276e-05,0.8909797183483421,-0.10964918491812348
2018-03-13,0.11403087797975027,0.0,0.1940385006364192,0.6919306213838304,0.0,0.0,0.0,0.0002733869684322528,0.8912233005924759,-0.1094057746079472
2018-03-14,0.03737948890662401,0.0,0.06327660207118485,0.8993439090221912,0.0,0.0,0.0,5.619135379026819e-05,0.8912733796362655,-0.10935573091274475
2018-03-15,0.3718260918048253,0.0,0.6281739081951747,0.0,0.0,0.0,0.0,-0.0013073355496557694,0.8901081862626051,-0.11052010182781968
2018-03-16,0.37430325181133195,0.0,0.625696748188668,0.0,0.0,0.0,0.0,-0.00104949441644365,0.8891740226910917,-0.11145360601449039
2018-03-19,0.37582293079910806,0.0,0.624177069200892,0.0,0.0,0.0,0.0,0.0010714479882025204,0.890126726408866,-0.11050157476822997
2018-03-20,0.3775755280253675,0.0,0.6224244719746326,0.0,0.0,0.0,0.0,-0.002290082414575537,0.8880882628459734,-0.11253859946964584
2018-03-21,0.38471890981020646,0.0,0.6152810901897935,0.0,0.0,0.0,0.0,0.002404800524547961,0.8902239379663104,-0.11040443182813431
2018-03-22,0.3928416119780341,0.0,0.607158388021966,0.0,0.0,0.0,0.0,0.0020327254831480437,0.8920335188507229,-0.10859612824701581
2018-03-23,0.39833577029330053,0.0,0.6016642297066995,0.0,0.0,0.0,0.0,0.0035297022944049783,0.8951821316088965,-0.10544973795564772
2018-03-26,0.4135308208810012,0.0,0.5864691791189989,0.0,0.0,0.0,0.0,-0.003153019341442046,0.8923596050338203,-0.10827027223376573
2018-03-27,0.42571150103946076,0.0,0.5742884989605392,0.0,0.0,0.0,0.0,0.0027789144222005913,0.8948393960100379,-0.10579223163257112
2018-03-28,0.43428729908227703,0.0,0.565712700917723,0.0,0.0,0.0,0.0,-0.000565712700917723,0.8943331739984335,-0.10629809632439591
2018-03-29,0.4347322691680735,0.0,0.5652677308319265,0.0,0.0,0.0,0.0,-0.0060979951335426615,0.8888795346556252,-0.11174788618384768
2018-04-02,0.4715604829550568,0.0,0.5284395170449432,0.0,0.0,0.0,0.0,-0.0005284395170449432,0.8884098155836206,-0.11221727370188683
2018-04-03,0.47178686082833493,0.0,0.528213139171665,0.0,0.0,0.0,0.0,0.0,0.8884098155836206,-0.11221727370188683
2018-04-04,0.47178686082833493,0.0,0.528213139171665,0.0,0.0,0.0,0.0,0.0,0.8884098155836206,-0.11221727370188683
2018-04-05,0.47178686082833493,0.0,0.528213139171665,0.0,0.0,0.0,0.0,0.0,0.8884098155836206,-0.11221727370188683
2018-04-06,0.47178686082833493,0.0,0.528213139171665,0.0,0.0,0.0,0.0,0.0,0.8884098155836206,-0.11221727370188683
2018-04-09,0.47178686082833493,0.0,0.528213139171665,0.0,0.0,0.0,0.0,0.0,0.8884098155836206,-0.11221727370188683
2018-04-10,0.47178686082833493,0.0,0.528213139171665,0.0,0.0,0.0,0.0,0.0,0.8884098155836206,-0.11221727370188683
2018-04-11,0.4716208924075871,0.0,0.528379107592413,0.0,0.0,0.0,0.0,0.0,0.8884098155836206,-0.11221727370188683
2018-04-12,0.4683615953496308,0.0,0.5316384046503693,0.0,0.0,0.0,0.0,0.0,0.8884098155836206,-0.11221727370188683
2018-04-13,0.4678376310110047,0.0,0.5321623689889953,0.0,0.0,0.0,0.0,0.0,0.8884098155836206,-0.11221727370188683
2018-04-16,0.4678355748060281,0.0,0.5321644251939719,0.0,0.0,0.0,0.0,0.0,0.8884098155836206,-0.11221727370188683
2018-04-17,0.46757550662456204,0.0,0.532424493375438,0.0,0.0,0.0,0.0,0.0,0.8884098155836206,-0.11221727370188683
2018-04-18,0.45765471609050007,0.0,0.5423452839095,0.0,0.0,0.0,0.0,0.0,0.8884098155836206,-0.11221727370188683
2018-04-19,0.45639887924129174,0.0,0.5436011207587081,0.0,0.0,0.0,0.0,0.0,0.8884098155836206,-0.11221727370188683
2018-04-20,0.44973371384021327,0.0,0.5502662861597867,0.0,0.0,0.0,0.0,0.0,0.8884098155836206,-0.11221727370188683
2018-04-23,0.44972083763817294,0.0,0.5502791623618271,0.0,0.0,0.0,0.0,0.0,0.8884098155836206,-0.11221727370188683
2018-04-24,0.448190605059256,0.0,0.5518093949407439,0.0,0.0,0.0,0.0,0.0,0.8884098155836206,-0.11221727370188683
2018-04-25,0.4478651578936662,0.0,0.5521348421063337,0.0,0.0,0.0,0.0,0.0,0.8884098155836206,-0.11221727370188683
2018-04-26,0.44782145708688315,0.0,0.5521785429131169,0.0,0.0,0.0,0.0,0.0,0.8884098155836206,-0.11221727370188683
2018-04-27,0.4540805392290552,0.0,0.5459194607709447,0.0,0.0,0.0,0.0,-0.006684905376463259,0.882470880030923,-0.11815201722204827
2018-04-30,0.4170226074982754,0.0,0.5829773925017246,0.0,0.0,0.0,0.0,-0.000331387093328592,0.8821784405710424,-0.1184442502618187
2018-05-01,0.4173527316598432,0.0,0.5826472683401567,0.0,0.0,0.0,0.0,-0.00041735273165984313,0.8818102609890587,-0.11881216996208233
2018-05-02,0.14010496958122048,0.6723071847694395,0.18758784564934014,0.0,0.0,0.0,0.0,0.001941454073738777,0.8835222551125206,-0.11710138425972616
2018-05-03,0.23766847487407203,0.58025413425429,0.18207739087163802,0.0,0.0,0.0,0.0,0.002085607886955757,0.8853649360960842,-0.1152600039433559
2018-05-04,0.2579781203944378,0.545441431785793,0.19658044781976933,0.0,0.0,0.0,0.0,-0.002428129800920616,0.8832151551100591,-0.11740826749384747
2018-05-07,0.2847031731965663,0.4993758943593357,0.215920932444098,0.0,0.0,0.0,0.0,-0.004499508353534439,0.8792411211416732,-0.12137949636701928
2018-05-08,0.3395804420814399,0.4031395559052065,0.25728000201335377,0.0,0.0,0.0,0.0,0.00037972077029917184,0.8795749872574717,-0.12104586591257926
2018-05-09,0.33999462339445646,0.40241157392571536,0.2575938026798281,0.0,0.0,0.0,0.0,-0.004405083240690997,0.8757003862221728,-0.12491773203798384
2018-05-10,0.3777667251913921,0.33602178623733625,0.28621148857127165,0.0,0.0,0.0,0.0,-0.005106514783441407,0.871228609254064,-0.12938635257605924
2018-05-11,0.413699023407892,0.27286571240872853,0.3134352641833796,0.0,0.0,0.0,0.0,-0.00021593735536560275,0.8710404784522627,-0.1295743505846293
2018-05-14,0.4136887051773226,0.2728838481518888,0.3134274466707885,0.0,0.0,0.0,0.0,-0.0009177873025918637,0.8702410485610957,-0.13037321619351294
2018-05-15,0.4146025357217806,0.2712776622913329,0.31411980198688655,0.0,0.0,0.0,0.0,-0.00033780559018828035,0.8699470762700805,-0.1306669809824602
2018-05-16,0.4146297701057982,0.27122979402648295,0.31414043586771884,0.0,0.0,0.0,0.0,-0.0006496236811354875,0.8693819380480008,-0.13123172029840713
2018-05-17,0.4149744025229834,0.2706240540247626,0.314401543452254,0.0,0.0,0.0,0.0,0.0009806514867067276,0.8702344987380636,-0.1303797613933141
2018-05-18,0.4167768038877544,0.2672957013837046,0.3159274947285409,0.0,0.0,0.0,0.0,0.00026565769079755813,0.8704656832254507,-0.13014874008885502
2018-05-21,0.4164622249836386,0.26658270913211424,0.31695506588424716,0.0,0.0,0.0,0.0,-0.001237099452728412,0.8693888306051136,-0.13122483260644613
2018-05-22,0.4118981455528106,0.25957787666578463,0.3285239777814048,0.0,0.0,0.0,0.0,0.0006691891174521354,0.8699706161493891,-0.13064345771891372
2018-05-23,0.41088670314035664,0.2566843069752034,0.33242898988444,0.0,0.0,0.0,0.0,-0.0008171468952561336,0.8692597223614386,-0.1313538497183092
2018-05-24,0.41128034421956605,0.25540325002296066,0.3333164057574734,0.0,0.0,0.0,0.0,0.0027222582079872875,0.8716260717755098,-0.12898917060586834
2018-05-25,0.4211283468652377,0.23637858536546963,0.3424930677692927,0.0,0.0,0.0,0.0,-0.00023637858536546964,0.8714200380376957,-0.12919505891355865
2018-05-29,0.4102643736989032,0.23025247605993765,0.3594831502411592,0.0,0.0,0.0,0.0,0.0,0.8714200380376957,-0.12919505891355865
2018-05-30,0.4093400446196948,0.22973371529779033,0.36092624008251484,0.0,0.0,0.0,0.0,0.0,0.8714200380376957,-0.12919505891355865
2018-05-31,0.40692576185986806,0.22837874855196488,0.36469548958816705,0.0,0.0,0.0,0.0,0.0,0.8714200380376957,-0.12919505891355865
2018-06-01,0.4061112080188473,0.22792159689366173,0.36596719508749087,0.0,0.0,0.0,0.0,0.0,0.8714200380376957,-0.12919505891355865
2018-06-04,0.4061045612767775,0.22791786654582405,0.36597757217739846,0.0,0.0,0.0,0.0,0.0,0.8714200380376957,-0.12919505891355865
2018-06-05,0.40538189433861854,0.22751228452958033,0.3671058211318012,0.0,0.0,0.0,0.0,0.0,0.8714200380376957,-0.12919505891355865
2018-06-06,0.4045549981030901,0.22704820595517602,0.3683967959417339,0.0,0.0,0.0,0.0,0.0,0.8714200380376957,-0.12919505891355865
2018-06-07,0.40453475989554877,0.22703684767574417,0.3684283924287071,0.0,0.0,0.0,0.0,0.0,0.8714200380376957,-0.12919505891355865
2018-06-08,0.40389903818230033,0.226680061886033,0.3694208999316666,0.0,0.0,0.0,0.0,0.0,0.8714200380376957,-0.12919505891355865
2018-06-11,0.4036209282999092,0.22652397841122393,0.3698550932888669,0.0,0.0,0.0,0.0,0.0,0.8714200380376957,-0.12919505891355865
2018-06-12,0.40244015411480466,0.22586129308630343,0.3716985527988919,0.0,0.0,0.0,0.0,0.0,0.8714200380376957,-0.12919505891355865
2018-06-13,0.40164601332930194,0.2254155978372775,0.3729383888334207,0.0,0.0,0.0,0.0,0.0,0.8714200380376957,-0.12919505891355865
2018-06-14,0.4006971793862862,0.22488308422226538,0.37441973639144843,0.0,0.0,0.0,0.0,0.0,0.8714200380376957,-0.12919505891355865
2018-06-15,0.3964980544524601,0.22252641136622048,0.3809755341813194,0.0,0.0,0.0,0.0,0.0,0.8714200380376957,-0.12919505891355865
2018-06-18,0.3912248924546311,0.2195669572081161,0.3892081503372529,0.0,0.0,0.0,0.0,0.0,0.8714200380376957,-0.12919505891355865
2018-06-19,0.38691520483045483,0.2171482333068306,0.3959365618627146,0.0,0.0,0.0,0.0,0.0,0.8714200380376957,-0.12919505891355865
2018-06-20,0.37171036565408444,0.20861482876846385,0.4196748055774516,0.0,0.0,0.0,0.0,0.0,0.8714200380376957,-0.12919505891355865
2018-06-21,0.35793400003321735,0.20088312575288675,0.441182874213896,0.0,0.0,0.0,0.0,0.0,0.8714200380376957,-0.12919505891355865
2018-06-22,0.3423553870109716,0.1921399482997448,0.4655046646892836,0.0,0.0,0.0,0.0,0.0,0.8714200380376957,-0.12919505891355865
2018-06-25,0.34194751727308204,0.19191103976398213,0.46614144296293586,0.0,0.0,0.0,0.0,0.0,0.8714200380376957,-0.12919505891355865
2018-06-26,0.06132284474030536,0.03441619049978012,0.9042609647599145,0.0,0.0,0.0,0.0,0.0,0.8714200380376957,-0.12919505891355865
2018-06-27,0.6405208135482628,0.35947918645173715,0.0,0.0,0.0,0.0,0.0,0.0,0.8714200380376957,-0.12919505891355865
2018-06-28,0.6405208135482628,0.35947918645173715,0.0,0.0,0.0,0.0,0.0,0.0,0.8714200380376957,-0.12919505891355865
2018-06-29,0.6405208135482628,0.35947918645173715,0.0,0.0,0.0,0.0,0.0,0.0,0.8714200380376957,-0.12919505891355865
2018-07-02,0.6405208135482628,0.35947918645173715,0.0,0.0,0.0,0.0,0.0,0.0,0.8714200380376957,-0.12919505891355865
2018-07-03,0.6405208135482628,0.35947918645173715,0.0,0.0,0.0,0.0,0.0,0.0,0.8714200380376957,-0.12919505891355865
2018-07-05,0.6405208135482628,0.35947918645173715,0.0,0.0,0.0,0.0,0.0,0.0,0.8714200380376957,-0.12919505891355865
2018-07-06,0.6405208135482628,0.35947918645173715,0.0,0.0,0.0,0.0,0.0,0.0,0.8714200380376957,-0.12919505891355865
2018-07-09,0.6405208135482628,0.35947918645173715,0.0,0.0,0.0,0.0,0.0,0.0,0.8714200380376957,-0.12919505891355865
2018-07-10,0.6405208135482628,0.35947918645173715,0.0,0.0,0.0,0.0,0.0,0.0,0.8714200380376957,-0.12919505891355865
2018-07-11,0.6405208135482628,0.35947918645173715,0.0,0.0,0.0,0.0,0.0,0.0,0.8714200380376957,-0.12919505891355865
2018-07-12,0.6405208135482628,0.35947918645173715,0.0,0.0,0.0,0.0,0.0,0.0,0.8714200380376957,-0.12919505891355865
2018-07-13,0.6405208135482628,0.35947918645173715,0.0,0.0,0.0,0.0,0.0,0.0,0.8714200380376957,-0.12919505891355865
2018-07-16,0.6405208135482628,0.35947918645173715,0.0,0.0,0.0,0.0,0.0,0.0,0.8714200380376957,-0.12919505891355865
2018-07-17,0.15185763768098334,0.0852269885620653,0.0,0.0,0.0,0.0,0.7629153737569513,0.001980258798835677,0.8731456752355017,-0.12747063976690254
2018-07-18,0.18891530248282998,0.10602484385887094,0.0,0.0,0.0,0.0,0.705059853658299,-0.0009371239623358303,0.8723274295006286,-0.12828830793821855
2018-07-19,0.1960728938730802,0.11004189541363237,0.0,0.0,0.0,0.0,0.6938852107132875,0.0016977754860873627,0.8738084456262764,-0.1268083371965003
2018-07-20,0.21720681542729162,0.12190287598779495,0.0,0.0,0.0,0.0,0.6608903085849135,0.0018160157178208206,0.8753952954978983,-0.12522260741217894
2018-07-23,0.23746447129659928,0.13327207039535383,0.0,0.0,0.0,0.0,0.629263458308047,0.0011909833366994071,0.8764378767078613,-0.12418076211428553
2018-07-24,0.25135596603725324,0.14037998201794336,0.0,0.0,0.0,0.0,0.6082640519448035,-0.0015636552970438307,0.8750674299794172,-0.1255502415048585
2018-07-25,0.7983458117398965,0.03644699791929681,0.0,0.0,0.0,0.0,0.16520719034080666,-1.595249193105626e-05,0.8750534704733013,-0.125564191157575
2018-07-26,0.8341130411248111,0.029970324380680046,0.0,0.0,0.0,0.0,0.1359166344945089,0.0001113202329749449,0.8751508816294999,-0.125466848759613
2018-07-27,0.0,0.1906384029839758,0.0,0.0,0.0,0.0,0.8093615970160243,0.005486973364221215,0.8799528112066757,-0.12066830865262856
2018-07-30,0.0,0.15007598973246822,0.0,0.0,0.0,0.0,0.8499240102675317,-0.00344697658081227,0.8769196344742264,-0.12369934439946906
2018-07-31,0.0,0.18194524282491048,0.0,0.0,0.0,0.0,0.8180547571750896,-0.004148190568564385,0.8732820047171115,-0.12733440651425787
2018-08-01,0.0,0.20529746834773444,0.0,0.0,0.0,0.0,0.7947025316522655,0.007313546929503929,0.8796687936413015,-0.12095212574253644
2018-08-02,0.0,0.24229539335347633,0.0,0.0,0.0,0.0,0.7577046066465236,0.0021531619129722076,0.8815628629838002,-0.11905939334000604
2018-08-03,0.0,0.24599347845855812,0.0,0.0,0.0,0.0,0.7540065215414419,-0.0013994398223675058,0.8803291688074204,-0.12029221670610657
2018-08-06,0.0,0.25508166428814183,0.0,0.0,0.0,0.0,0.7449183357118583,-0.001970650226998035,0.878594347931077,-0.12202581304894655
2018-08-07,0.0,0.28051641258331256,0.0,0.0,0.0,0.0,0.7194835874166875,-0.0005128812700993745,0.878143733346008,-0.1224761095650645
2018-08-08,0.0,0.2775821574617213,0.0,0.0,0.0,0.0,0.7224178425382787,0.0008935775956625333,0.8789284229118974,-0.12169197387691333
2018-08-09,0.0,0.27842435514935415,0.0,0.0,0.0,0.0,0.7215756448506458,-0.0011095664990419664,0.8779531933787786,-0.12266651503853909
2018-08-10,0.0,0.2809286105100489,0.0,0.0,0.0,0.0,0.7190713894899511,0.0034158503196474637,0.8809521500750171,-0.11966967517349592
2018-08-13,0.0,0.2888776643132934,0.0,0.0,0.0,0.0,0.7111223356867066,0.0005842872691054349,0.8814668792009971,-0.1191553093720924
2018-08-14,0.0,0.28867294095190776,0.0,0.0,0.0,0.0,0.7113270590480922,4.240680798131113e-05,0.8815042593976853,-0.11911795556043547
2018-08-15,0.0,0.2889580993359693,0.0,0.0,0.0,0.0,0.7110419006640307,0.000794299625328282,0.8822044379006502,-0.11841827128257876
2018-08-16,0.0,0.2908731685766059,0.0,0.0,0.0,0.0,0.709126831423394,-0.0002908731685766059,0.8819478283004657,-0.11867469975336997
2018-08-17,0.0,0.29107019387947985,0.0,0.0,0.0,0.0,0.7089298061205203,0.0,0.8819478283004657,-0.11867469975336997
2018-08-20,0.0,0.29231617835657064,0.0,0.0,0.0,0.0,0.7076838216434294,0.0,0.8819478283004657,-0.11867469975336997
2018-08-21,0.0,0.3028217381480661,0.0,0.0,0.0,0.0,0.6971782618519339,0.0,0.8819478283004657,-0.11867469975336997
2018-08-22,0.0,0.10663790970065352,0.0,0.0,0.0,0.6480632256846129,0.24529886461473355,-0.0030000572100475987,0.879301934359287,-0.12131872607477223
2018-08-23,0.0,0.12686360174608163,0.0,0.0,0.0,0.5813124347440742,0.291823963509844,-0.004171804855200499,0.8756336582803398,-0.12498441287950723
2018-08-24,0.0,0.15342320202768372,0.0,0.0,0.0,0.49365786540328194,0.3529189325690342,0.0014296923708925738,0.8768855450412799,-0.1237334097701891
2018-08-27,0.0,0.15716196934834942,0.0,0.0,0.0,0.4813188228015982,0.36151920785005226,0.00034612668356571595,0.8771890585268518,-0.1234301105213933
2018-08-28,0.0,0.15746538251109288,0.0,0.0,0.0,0.4803174692484339,0.36221714824047313,-0.0004803174692484339,0.8767677292982077,-0.12385114235232719
2018-08-29,0.0,0.1576563285996196,0.0,0.0,0.0,0.47968729044379627,0.36265638095658426,0.0,0.8767677292982077,-0.12385114235232719
2018-08-30,0.0,0.1576563285996196,0.0,0.0,0.0,0.47968729044379627,0.36265638095658426,0.0,0.8767677292982077,-0.12385114235232719
2018-08-31,0.0,0.1576563285996196,0.0,0.0,0.0,0.47968729044379627,0.36265638095658426,0.0,0.8767677292982077,-0.12385114235232719
2018-09-04,0.0,0.1576563285996196,0.0,0.0,0.0,0.47968729044379627,0.36265638095658426,0.0,0.8767677292982077,-0.12385114235232719
2018-09-05,0.0,0.1576563285996196,0.0,0.0,0.0,0.47968729044379627,0.36265638095658426,0.0,0.8767677292982077,-0.12385114235232719
2018-09-06,0.0,0.1576563285996196,0.0,0.0,0.0,0.47968729044379627,0.36265638095658426,0.0,0.8767677292982077,-0.12385114235232719
2018-09-07,0.0,0.1576563285996196,0.0,0.0,0.0,0.47968729044379627,0.36265638095658426,0.0,0.8767677292982077,-0.12385114235232719
2018-09-10,0.0,0.1576563285996196,0.0,0.0,0.0,0.47968729044379627,0.36265638095658426,0.0,0.8767677292982077,-0.12385114235232719
2018-09-11,0.0,0.1576563285996196,0.0,0.0,0.0,0.47968729044379627,0.36265638095658426,0.0,0.8767677292982077,-0.12385114235232719
2018-09-12,0.0,0.1576563285996196,0.0,0.0,0.0,0.47968729044379627,0.36265638095658426,0.0,0.8767677292982077,-0.12385114235232719
2018-09-13,0.0,0.1576563285996196,0.0,0.0,0.0,0.47968729044379627,0.36265638095658426,0.0,0.8767677292982077,-0.12385114235232719
2018-09-14,0.0,0.1576563285996196,0.0,0.0,0.0,0.47968729044379627,0.36265638095658426,0.0,0.8767677292982077,-0.12385114235232719
2018-09-17,0.0,0.1576563285996196,0.0,0.0,0.0,0.47968729044379627,0.36265638095658426,0.0,0.8767677292982077,-0.12385114235232719
2018-09-18,0.0,0.1576563285996196,0.0,0.0,0.0,0.47968729044379627,0.36265638095658426,0.0,0.8767677292982077,-0.12385114235232719
2018-09-19,0.0,0.1576563285996196,0.0,0.0,0.0,0.47968729044379627,0.36265638095658426,0.0,0.8767677292982077,-0.12385114235232719
2018-09-20,0.0,0.1576563285996196,0.0,0.0,0.0,0.47968729044379627,0.36265638095658426,0.0,0.8767677292982077,-0.12385114235232719
2018-09-21,0.0,0.1576563285996196,0.0,0.0,0.0,0.47968729044379627,0.36265638095658426,0.0,0.8767677292982077,-0.12385114235232719
2018-09-24,0.0,0.1576563285996196,0.0,0.0,0.0,0.47968729044379627,0.36265638095658426,0.0,0.8767677292982077,-0.12385114235232719
2018-09-25,0.0,0.1576563285996196,0.0,0.0,0.0,0.47968729044379627,0.36265638095658426,0.0,0.8767677292982077,-0.12385114235232719
2018-09-26,0.0,0.1576563285996196,0.0,0.0,0.0,0.47968729044379627,0.36265638095658426,0.0,0.8767677292982077,-0.12385114235232719
2018-09-27,0.0,0.1576563285996196,0.0,0.0,0.0,0.47968729044379627,0.36265638095658426,0.0,0.8767677292982077,-0.12385114235232719
2018-09-28,0.0,0.1576563285996196,0.0,0.0,0.0,0.47968729044379627,0.36265638095658426,0.0,0.8767677292982077,-0.12385114235232719
2018-10-01,0.0,0.1576563285996196,0.0,0.0,0.0,0.47968729044379627,0.36265638095658426,0.0,0.8767677292982077,-0.12385114235232719
2018-10-02,0.0,0.1576563285996196,0.0,0.0,0.0,0.47968729044379627,0.36265638095658426,0.0,0.8767677292982077,-0.12385114235232719
2018-10-03,0.0,0.1576563285996196,0.0,0.0,0.0,0.47968729044379627,0.36265638095658426,0.0,0.8767677292982077,-0.12385114235232719
2018-10-04,0.0,0.1576563285996196,0.0,0.0,0.0,0.47968729044379627,0.36265638095658426,0.0,0.8767677292982077,-0.12385114235232719
2018-10-05,0.0,0.1576563285996196,0.0,0.0,0.0,0.47968729044379627,0.36265638095658426,0.0,0.8767677292982077,-0.12385114235232719
2018-10-08,0.0,0.1576563285996196,0.0,0.0,0.0,0.47968729044379627,0.36265638095658426,0.0,0.8767677292982077,-0.12385114235232719
2018-10-09,0.0,0.1576563285996196,0.0,0.0,0.0,0.47968729044379627,0.36265638095658426,0.0,0.8767677292982077,-0.12385114235232719
2018-10-10,0.0,0.1561547274244063,0.0,0.0,0.0,0.4751184982775488,0.36872677429804496,0.0,0.8767677292982077,-0.12385114235232719
2018-10-11,0.0,0.15516988710728533,0.0,0.0,0.0,0.4721220097290979,0.3727081031636168,0.0,0.8767677292982077,-0.12385114235232719
2018-10-12,0.0,0.15480378163677505,0.0,0.0,0.0,0.4710080922433513,0.3741881261198736,0.0,0.8767677292982077,-0.12385114235232719
2018-10-15,0.0,0.1538729664333255,0.0,0.0,0.0,0.468175981240814,0.37795105232586057,0.0,0.8767677292982077,-0.12385114235232719
2018-10-16,0.0,0.15258786037403219,0.0,0.0,0.0,0.46426590005986235,0.3831462395661056,0.0,0.8767677292982077,-0.12385114235232719
2018-10-17,0.0,0.15217123751663753,0.0,0.0,0.0,0.46022252070122466,0.3876062417821378,0.0,0.8767677292982077,-0.12385114235232719
2018-10-18,0.0,0.1584874821501895,0.0,0.0,0.0,0.4566081374514468,0.3849043803983636,0.0,0.8767677292982077,-0.12385114235232719
2018-10-19,0.0,0.15933222940032413,0.0,0.0,0.0,0.455966008622535,0.3847017619771409,0.0,0.8767677292982077,-0.12385114235232719
2018-10-22,0.0,0.16368996596464988,0.0,0.0,0.0,0.44907540360719456,0.38723463042815554,0.0,0.8767677292982077,-0.12385114235232719
2018-10-23,0.0,0.26878499594100186,0.0,0.0,0.0,0.3919684234780849,0.3392465805809133,0.0,0.8767677292982077,-0.12385114235232719
2018-10-24,0.0,0.2722070464500412,0.0,0.0,0.0,0.3723059693082676,0.3554869842416911,0.0,0.8767677292982077,-0.12385114235232719
2018-10-25,0.0,0.2619493155587379,0.0,0.0,0.0,0.3564270581532509,0.3816236262880113,0.0,0.8767677292982077,-0.12385114235232719
2018-10-26,0.0,0.25903872255738664,0.0,0.0,0.0,0.28941353912264756,0.4515477383199658,0.0,0.8767677292982077,-0.12385114235232719
2018-10-29,0.0,0.24991493824264588,0.0,0.0,0.0,0.27858208592753164,0.47150297582982237,0.0,0.8767677292982077,-0.12385114235232719
2018-10-30,0.0,0.251190130312274,0.0,0.0,0.0,0.2748973301225954,0.4739125395651306,0.0,0.8767677292982077,-0.12385114235232719
2018-10-31,0.0,0.23551843576427647,0.0,0.0,0.0,0.25744948057797806,0.5070320836577454,0.0,0.8767677292982077,-0.12385114235232719
2018-11-01,0.0,0.2956927961688791,0.0,0.0,0.0,0.21838663410155004,0.4859205697295709,0.0,0.8767677292982077,-0.12385114235232719
2018-11-02,0.0,0.30122557562458147,0.0,0.0,0.0,0.2159891060350697,0.4827853183403489,0.0,0.8767677292982077,-0.12385114235232719
2018-11-05,0.0,0.28902031017636587,0.0,0.0,0.0,0.206689881942682,0.504289807880952,0.0,0.8767677292982077,-0.12385114235232719
2018-11-06,0.0,0.18344035324050928,0.0,0.0,0.0,0.12484810067249812,0.6917115460869926,0.0,0.8767677292982077,-0.12385114235232719
2018-11-07,0.0,0.1890719728499584,0.0,0.0,0.0,0.0710791120346917,0.7398489151153499,0.0,0.8767677292982077,-0.12385114235232719
2018-11-08,0.0,0.7796989914076152,0.0,0.0,0.0,0.2203010085923847,0.0,0.0,0.8767677292982077,-0.12385114235232719
2018-11-09,0.0,0.9123484333320255,0.0,0.0,0.0,0.0876515666679746,0.0,0.0,0.8767677292982077,-0.12385114235232719
2018-11-12,0.0,0.0,0.0,0.0,0.0,1.0,0.0,0.0,0.8767677292982077,-0.12385114235232719
2018-11-13,0.0,0.0,0.0,0.0,0.0,1.0,0.0,0.0,0.8767677292982077,-0.12385114235232719
2018-11-14,0.0,0.0,0.0,0.0,0.0,1.0,0.0,0.0,0.8767677292982077,-0.12385114235232719
2018-11-15,0.0,0.0,0.0,0.0,0.0,1.0,0.0,0.0,0.8767677292982077,-0.12385114235232719
2018-11-16,0.0,0.0,0.0,0.0,0.0,1.0,0.0,0.0,0.8767677292982077,-0.12385114235232719
2018-11-19,0.0,0.0,0.0,0.0,0.0,1.0,0.0,0.0,0.8767677292982077,-0.12385114235232719
2018-11-20,0.0,0.0,0.0,0.0,0.0,1.0,0.0,0.0,0.8767677292982077,-0.12385114235232719
2018-11-21,0.0,0.0,0.0,0.0,0.0,1.0,0.0,0.0,0.8767677292982077,-0.12385114235232719
2018-11-23,0.0,0.0,0.0,0.0,0.0,0.0,0.0,0.0,0.8767677292982077,-0.12385114235232719
2018-11-26,0.0,0.0,0.0,0.0,0.0,0.0,0.0,0.0,0.8767677292982077,-0.12385114235232719
2018-11-27,0.0,0.0,0.0,0.0,0.0,0.0,0.0,0.0,0.8767677292982077,-0.12385114235232719
2018-11-28,0.0,0.0,0.0,0.0,0.0,0.0,0.0,0.0,0.8767677292982077,-0.12385114235232719
2018-11-29,0.0,0.0,0.0,0.0,0.0,0.0,0.0,0.0,0.8767677292982077,-0.12385114235232719
2018-11-30,0.0,0.0,0.0,0.0,0.0,0.0,0.0,0.0,0.8767677292982077,-0.12385114235232719
2018-12-03,0.0,0.0,0.0,0.0,0.0,0.0,0.0,0.0,0.8767677292982077,-0.12385114235232719
2018-12-04,0.0,0.0,0.0,0.0,0.0,0.0,0.0,0.0,0.8767677292982077,-0.12385114235232719
2018-12-06,0.0,0.0,0.0,0.0,0.0,0.0,0.0,0.0,0.8767677292982077,-0.12385114235232719
2018-12-07,0.0,0.0,0.0,0.0,0.0,0.0,0.0,0.0,0.8767677292982077,-0.12385114235232719
2018-12-10,0.0,0.0,0.0,0.0,0.0,0.0,0.0,0.0,0.8767677292982077,-0.12385114235232719
2018-12-11,0.0,0.0,0.0,0.0,0.0,0.0,0.0,0.0,0.8767677292982077,-0.12385114235232719
2018-12-12,0.0,0.0,0.0,0.0,0.0,0.0,0.0,0.0,0.8767677292982077,-0.12385114235232719
2018-12-13,0.0,0.0,0.0,0.0,0.0,0.0,0.0,0.0,0.8767677292982077,-0.12385114235232719
2018-12-14,0.0,0.0,0.0,0.0,0.0,0.0,0.0,0.0,0.8767677292982077,-0.12385114235232719
2018-12-17,0.0,0.0,0.0,0.0,0.0,0.0,0.0,0.0,0.8767677292982077,-0.12385114235232719
2018-12-18,0.0,0.0,0.0,0.0,0.0,0.0,0.0,0.0,0.8767677292982077,-0.12385114235232719
2018-12-19,0.0,0.0,0.0,0.0,0.0,0.0,0.0,0.0,0.8767677292982077,-0.12385114235232719
2018-12-20,0.0,0.0,0.0,0.0,0.0,0.0,0.0,0.0,0.8767677292982077,-0.12385114235232719
2018-12-21,0.0,0.0,0.0,0.0,0.0,0.0,0.0,0.0,0.8767677292982077,-0.12385114235232719
2018-12-24,0.0,0.0,0.0,0.0,0.0,0.0,0.0,0.0,0.8767677292982077,-0.12385114235232719
2018-12-26,0.0,0.0,0.0,0.0,0.0,0.0,0.0,0.0,0.8767677292982077,-0.12385114235232719
2018-12-27,0.0,0.0,0.0,0.0,0.0,0.0,0.0,0.0,0.8767677292982077,-0.12385114235232719
2018-12-28,0.0,1.0,0.0,0.0,0.0,0.0,0.0,-0.002150644129717828,0.8748821139280664,-0.12573542674978622
2018-12-31,0.0,1.0,0.0,0.0,0.0,0.0,0.0,-0.0005537480627022878,0.8743976496523859,-0.12621954906351274
2019-01-02,0.0,1.0,0.0,0.0,0.0,0.0,0.0,0.0013545483585852404,0.8755820635534733,-0.12503597118793275
2019-01-03,0.0,1.0,0.0,0.0,0.0,0.0,0.0,0.002657892703566366,0.8779092667315657,-0.12271041067987021
2019-01-04,0.0,1.0,0.0,0.0,0.0,0.0,0.0,0.006752152368312394,0.8838370438660907,-0.11678681770164634
2019-01-07,0.0,1.0,0.0,0.0,0.0,0.0,0.0,-0.004328367819168318,0.8800114720480319,-0.12060968921737181
2019-01-08,0.0,1.0,0.0,0.0,0.0,0.0,0.0,0.005731337171995093,0.8850551145095629,-0.115569606840491
2019-01-09,0.0,1.0,0.0,0.0,0.0,0.0,0.0,-0.004515582680641892,0.8810585749630699,-0.1195633254060754
2019-01-10,0.0,1.0,0.0,0.0,0.0,0.0,0.0,-0.003290366711502575,0.8781595691571276,-0.12246028493174521
2019-01-11,0.0,1.0,0.0,0.0,0.0,0.0,0.0,0.0019841018086891094,0.8799019271466098,-0.12071915679588197
2019-01-14,0.0,1.0,0.0,0.0,0.0,0.0,0.0,0.0031879092512840474,0.8827069746403832,-0.11791608926135455
2019-01-15,0.0,1.0,0.0,0.0,0.0,0.0,0.0,-0.001625251218949273,0.8812723540538738,-0.11934969721249811
2019-01-16,0.0,1.0,0.0,0.0,0.0,0.0,0.0,0.003135371471936943,0.884035470251781,-0.1165885313763857
2019-01-17,0.0,1.0,0.0,0.0,0.0,0.0,0.0,0.0006176850344447196,0.8845815257316739,-0.11604286133295993
2019-01-18,0.0,1.0,0.0,0.0,0.0,0.0,0.0,-0.0055771318498158695,0.879648097930757,-0.12097280684489198
2019-01-22,0.0,1.0,0.0,0.0,0.0,0.0,0.0,0.002059764466740747,0.881459965826111,-0.11916221786713221
2019-01-23,0.0,1.0,0.0,0.0,0.0,0.0,0.0,0.00048000895086086734,0.8818830744995331,-0.11873940784745196
2019-01-24,0.0,1.0,0.0,0.0,0.0,0.0,0.0,-0.00929674038386919,0.8736844365069826,-0.126932258783229
2019-01-25,0.0,1.0,0.0,0.0,0.0,0.0,0.0,0.0034540143713414117,0.8767021551066951,-0.12391667025791153
2019-01-28,0.0,1.0,0.0,0.0,0.0,0.0,0.0,0.0016302157223792035,0.8781313687437939,-0.12248846543965153
2019-01-29,0.0,1.0,0.0,0.0,0.0,0.0,0.0,0.0033728684028025958,0.8810931902909396,-0.11952873451163826
2019-01-30,0.0,1.0,0.0,0.0,0.0,0.0,0.0,-0.0003273480354046988,0.8808047661660894,-0.11981695505062606
2019-01-31,0.0,1.0,0.0,0.0,0.0,0.0,0.0,-0.001065931913639354,0.8798658882561473,-0.12075517024808191
2019-02-01,0.0,1.0,0.0,0.0,0.0,0.0,0.0,0.00022327835852698993,0.8800623432674011,-0.1205588539057515
2019-02-04,0.0,1.0,0.0,0.0,0.0,0.0,0.0,-0.01298625667580433,0.8686336277870208,-0.13197950236019496
2019-02-05,0.0,1.0,0.0,0.0,0.0,0.0,0.0,0.006027326158305644,0.8738691659737655,-0.12674765970882496
2019-02-06,0.0,1.0,0.0,0.0,0.0,0.0,0.0,0.0005192601628766621,0.874322931419222,-0.1262942145563729
2019-02-07,0.0,1.0,0.0,0.0,0.0,0.0,0.0,-0.0008428847011951307,0.8735859779964247,-0.12703064779626905
2019-02-08,0.0,1.0,0.0,0.0,0.0,0.0,0.0,0.003628019379896919,0.8767553648546019,-0.12386349806841779
2019-02-11,0.0,1.0,0.0,0.0,0.0,0.0,0.0,0.0035535058414947482,0.8798709201651747,-0.12075014189085709
2019-02-12,0.0,1.0,0.0,0.0,0.0,0.0,0.0,0.0004464309282201115,0.8802637217567779,-0.12035761756056396
2019-02-13,0.0,1.0,0.0,0.0,0.0,0.0,0.0,-0.0009999999999999998,0.8793834580350212,-0.12123725994300338
2019-02-14,0.0,1.0,0.0,0.0,0.0,0.0,0.0,0.0,0.8793834580350212,-0.12123725994300338
2019-02-15,0.0,1.0,0.0,0.0,0.0,0.0,0.0,0.0,0.8793834580350212,-0.12123725994300338
2019-02-19,0.0,1.0,0.0,0.0,0.0,0.0,0.0,0.0,0.8793834580350212,-0.12123725994300338
2019-02-20,0.0,1.0,0.0,0.0,0.0,0.0,0.0,0.0,0.8793834580350212,-0.12123725994300338
2019-02-21,0.0,1.0,0.0,0.0,0.0,0.0,0.0,0.0,0.8793834580350212,-0.12123725994300338
2019-02-22,0.0,1.0,0.0,0.0,0.0,0.0,0.0,0.0,0.8793834580350212,-0.12123725994300338
2019-02-25,0.0,1.0,0.0,0.0,0.0,0.0,0.0,0.0,0.8793834580350212,-0.12123725994300338
2019-02-26,0.0,1.0,0.0,0.0,0.0,0.0,0.0,0.0,0.8793834580350212,-0.12123725994300338
2019-02-27,0.0,1.0,0.0,0.0,0.0,0.0,0.0,0.0,0.8793834580350212,-0.12123725994300338
2019-02-28,0.0,1.0,0.0,0.0,0.0,0.0,0.0,0.0,0.8793834580350212,-0.12123725994300338
2019-03-01,0.0,1.0,0.0,0.0,0.0,0.0,0.0,0.0,0.8793834580350212,-0.12123725994300338
2019-03-04,0.0,1.0,0.0,0.0,0.0,0.0,0.0,0.0,0.8793834580350212,-0.12123725994300338
2019-03-05,0.0,1.0,0.0,0.0,0.0,0.0,0.0,0.0,0.8793834580350212,-0.12123725994300338
2019-03-06,0.0,1.0,0.0,0.0,0.0,0.0,0.0,0.0,0.8793834580350212,-0.12123725994300338
2019-03-07,0.0,1.0,0.0,0.0,0.0,0.0,0.0,0.0,0.8793834580350212,-0.12123725994300338
2019-03-08,0.0,1.0,0.0,0.0,0.0,0.0,0.0,0.0,0.8793834580350212,-0.12123725994300338
2019-03-11,0.0,1.0,0.0,0.0,0.0,0.0,0.0,0.0,0.8793834580350212,-0.12123725994300338
2019-03-12,0.0,1.0,0.0,0.0,0.0,0.0,0.0,0.0,0.8793834580350212,-0.12123725994300338
2019-03-13,0.0,1.0,0.0,0.0,0.0,0.0,0.0,0.0,0.8793834580350212,-0.12123725994300338
2019-03-14,0.0,1.0,0.0,0.0,0.0,0.0,0.0,0.0,0.8793834580350212,-0.12123725994300338
2019-03-15,0.0,1.0,0.0,0.0,0.0,0.0,0.0,0.0,0.8793834580350212,-0.12123725994300338
2019-03-18,0.0,1.0,0.0,0.0,0.0,0.0,0.0,0.0,0.8793834580350212,-0.12123725994300338
2019-03-19,0.0,1.0,0.0,0.0,0.0,0.0,0.0,0.0,0.8793834580350212,-0.12123725994300338
2019-03-20,0.0,1.0,0.0,0.0,0.0,0.0,0.0,0.0,0.8793834580350212,-0.12123725994300338
2019-03-21,0.0,1.0,0.0,0.0,0.0,0.0,0.0,0.0,0.8793834580350212,-0.12123725994300338
2019-03-22,0.0,1.0,0.0,0.0,0.0,0.0,0.0,0.0,0.8793834580350212,-0.12123725994300338
2019-03-25,0.0,1.0,0.0,0.0,0.0,0.0,0.0,0.0,0.8793834580350212,-0.12123725994300338
2019-03-26,0.0,1.0,0.0,0.0,0.0,0.0,0.0,0.0,0.8793834580350212,-0.12123725994300338
2019-03-27,0.0,1.0,0.0,0.0,0.0,0.0,0.0,0.0,0.8793834580350212,-0.12123725994300338
2019-03-28,0.0,1.0,0.0,0.0,0.0,0.0,0.0,0.0,0.8793834580350212,-0.12123725994300338
2019-03-29,0.0,1.0,0.0,0.0,0.0,0.0,0.0,0.0,0.8793834580350212,-0.12123725994300338
2019-04-01,0.0,1.0,0.0,0.0,0.0,0.0,0.0,0.0,0.8793834580350212,-0.12123725994300338
2019-04-02,0.0,1.0,0.0,0.0,0.0,0.0,0.0,0.0,0.8793834580350212,-0.12123725994300338
2019-04-03,0.0,1.0,0.0,0.0,0.0,0.0,0.0,0.0,0.8793834580350212,-0.12123725994300338
2019-04-04,0.0,1.0,0.0,0.0,0.0,0.0,0.0,0.0,0.8793834580350212,-0.12123725994300338
2019-04-05,0.0,1.0,0.0,0.0,0.0,0.0,0.0,0.0,0.8793834580350212,-0.12123725994300338
2019-04-08,0.0,1.0,0.0,0.0,0.0,0.0,0.0,0.0,0.8793834580350212,-0.12123725994300338
2019-04-09,0.0,1.0,0.0,0.0,0.0,0.0,0.0,0.0,0.8793834580350212,-0.12123725994300338
2019-04-10,0.0,1.0,0.0,0.0,0.0,0.0,0.0,0.0,0.8793834580350212,-0.12123725994300338
2019-04-11,0.0,1.0,0.0,0.0,0.0,0.0,0.0,0.0,0.8793834580350212,-0.12123725994300338
2019-04-12,0.0,1.0,0.0,0.0,0.0,0.0,0.0,0.0,0.8793834580350212,-0.12123725994300338
2019-04-15,0.0,1.0,0.0,0.0,0.0,0.0,0.0,0.0,0.8793834580350212,-0.12123725994300338
2019-04-16,0.0,1.0,0.0,0.0,0.0,0.0,0.0,0.0,0.8793834580350212,-0.12123725994300338
2019-04-17,0.0,1.0,0.0,0.0,0.0,0.0,0.0,0.0,0.8793834580350212,-0.12123725994300338
2019-04-18,0.0,1.0,0.0,0.0,0.0,0.0,0.0,0.0,0.8793834580350212,-0.12123725994300338
2019-04-22,0.0,1.0,0.0,0.0,0.0,0.0,0.0,0.0,0.8793834580350212,-0.12123725994300338
2019-04-23,0.0,1.0,0.0,0.0,0.0,0.0,0.0,0.0,0.8793834580350212,-0.12123725994300338
2019-04-24,0.0,0.14910593660599028,0.0,0.0,0.8508940633940097,0.0,0.0,0.008207882133688916,0.8866013338088883,-0.11402447894913814
2019-04-25,0.0,0.3874178847088758,0.0,0.0,0.6125821152911242,0.0,0.0,-0.0007602306585816279,0.8859273122929874,-0.11469802470299384
2019-04-26,0.0,0.39551035643024296,0.0,0.0,0.6044896435697571,0.0,0.0,-0.00063827308911817,0.8853618487306361,-0.11526308912956906
2019-04-29,0.0,0.3973210117271515,0.0,0.0,0.6026789882728485,0.0,0.0,0.004275798026666471,0.8891474771763244,-0.11148013279195024
2019-04-30,0.0,0.40147438868114643,0.0,0.0,0.5985256113188536,0.0,0.0,0.004316737515908789,0.8929856934482271,-0.10764462574754285
2019-05-01,0.0,0.3788560157688449,0.0,0.0,0.6211439842311551,0.0,0.0,0.007183639814280163,0.8994005810292643,-0.10123426615257602
2019-05-02,0.0,0.5736056569211948,0.0,0.0,0.4263943430788052,0.0,0.0,0.0011671817198003456,0.9004503449462194,-0.10018524321764644
2019-05-03,0.0,0.6067679692848044,0.0,0.0,0.39323203071519575,0.0,0.0,-0.0020618962214543754,0.8985937097823675,-0.10204056786466487
2019-05-06,0.0,0.620552842019407,0.0,0.0,0.379447157980593,0.0,0.0,0.0015584795903651834,0.8999941497390939,-0.10064111641670614
2019-05-07,0.0,0.6269579010902466,0.0,0.0,0.37304209890975343,0.0,0.0,-0.0007472111907380481,0.89932166403881,-0.10131312743900922
2019-05-08,0.0,0.6417045411922742,0.0,0.0,0.35829545880772584,0.0,0.0,0.001375781480810194,0.900558934129486,-0.10007673068269263
2019-05-09,0.0,0.6592919916858196,0.0,0.0,0.3407080083141803,0.0,0.0,-0.0003407080083141803,0.9002521064886692,-0.10038334174741737
2019-05-10,0.0,0.6600394467694684,0.0,0.0,0.3399605532305317,0.0,0.0,0.0,0.9002521064886692,-0.10038334174741737
2019-05-13,0.0,0.6618344591926006,0.0,0.0,0.33816554080739936,0.0,0.0,0.0,0.9002521064886692,-0.10038334174741737
2019-05-14,0.0,0.6618344591926006,0.0,0.0,0.33816554080739936,0.0,0.0,0.0,0.9002521064886692,-0.10038334174741737
2019-05-15,0.0,0.6618344591926006,0.0,0.0,0.33816554080739936,0.0,0.0,0.0,0.9002521064886692,-0.10038334174741737
2019-05-16,0.0,0.6618344591926006,0.0,0.0,0.33816554080739936,0.0,0.0,0.0,0.9002521064886692,-0.10038334174741737
2019-05-17,0.0,0.6618344591926006,0.0,0.0,0.33816554080739936,0.0,0.0,0.0,0.9002521064886692,-0.10038334174741737
2019-05-20,0.0,0.6618344591926006,0.0,0.0,0.33816554080739936,0.0,0.0,0.0,0.9002521064886692,-0.10038334174741737
2019-05-21,0.0,0.6618344591926006,0.0,0.0,0.33816554080739936,0.0,0.0,0.0,0.9002521064886692,-0.10038334174741737
2019-05-22,0.0,0.6618344591926006,0.0,0.0,0.33816554080739936,0.0,0.0,0.0,0.9002521064886692,-0.10038334174741737
2019-05-23,0.0,0.6618344591926006,0.0,0.0,0.33816554080739936,0.0,0.0,0.0,0.9002521064886692,-0.10038334174741737
2019-05-24,0.0,0.6618344591926006,0.0,0.0,0.33816554080739936,0.0,0.0,0.0,0.9002521064886692,-0.10038334174741737
2019-05-28,0.0,0.6618344591926006,0.0,0.0,0.33816554080739936,0.0,0.0,0.0,0.9002521064886692,-0.10038334174741737
2019-05-29,0.0,0.6618344591926006,0.0,0.0,0.33816554080739936,0.0,0.0,0.0,0.9002521064886692,-0.10038334174741737
2019-05-30,0.0,0.6618344591926006,0.0,0.0,0.33816554080739936,0.0,0.0,0.0,0.9002521064886692,-0.10038334174741737
2019-05-31,0.0,0.6618344591926006,0.0,0.0,0.33816554080739936,0.0,0.0,0.0,0.9002521064886692,-0.10038334174741737
2019-06-03,0.0,0.6618344591926006,0.0,0.0,0.33816554080739936,0.0,0.0,0.0,0.9002521064886692,-0.10038334174741737
2019-06-04,0.0,0.6618344591926006,0.0,0.0,0.33816554080739936,0.0,0.0,0.0,0.9002521064886692,-0.10038334174741737
2019-06-05,0.0,0.6618344591926006,0.0,0.0,0.33816554080739936,0.0,0.0,0.0,0.9002521064886692,-0.10038334174741737
2019-06-06,0.0,0.6618344591926006,0.0,0.0,0.33816554080739936,0.0,0.0,0.0,0.9002521064886692,-0.10038334174741737
2019-06-07,0.0,0.6618344591926006,0.0,0.0,0.33816554080739936,0.0,0.0,0.0,0.9002521064886692,-0.10038334174741737
2019-06-10,0.0,0.6618344591926006,0.0,0.0,0.33816554080739936,0.0,0.0,0.0,0.9002521064886692,-0.10038334174741737
2019-06-11,0.0,0.6618344591926006,0.0,0.0,0.33816554080739936,0.0,0.0,0.0,0.9002521064886692,-0.10038334174741737
2019-06-12,0.0,0.6618344591926006,0.0,0.0,0.33816554080739936,0.0,0.0,0.0,0.9002521064886692,-0.10038334174741737
2019-06-13,0.0,0.6618344591926006,0.0,0.0,0.33816554080739936,0.0,0.0,0.0,0.9002521064886692,-0.10038334174741737
2019-06-14,0.0,0.6618344591926006,0.0,0.0,0.33816554080739936,0.0,0.0,0.0,0.9002521064886692,-0.10038334174741737
2019-06-17,0.0,0.6618344591926006,0.0,0.0,0.33816554080739936,0.0,0.0,0.0,0.9002521064886692,-0.10038334174741737
2019-06-18,0.0,0.6618344591926006,0.0,0.0,0.33816554080739936,0.0,0.0,0.0,0.9002521064886692,-0.10038334174741737
2019-06-19,0.0,0.6618344591926006,0.0,0.0,0.33816554080739936,0.0,0.0,0.0,0.9002521064886692,-0.10038334174741737
2019-06-20,0.0,0.6618344591926006,0.0,0.0,0.33816554080739936,0.0,0.0,0.0,0.9002521064886692,-0.10038334174741737
2019-06-21,0.0,0.31751857327543875,0.0,0.0,0.16223670217938246,0.5202447245451787,0.0,0.0011579737124359994,0.9012945747625483,-0.0993416093058912
2019-06-24,0.0,0.3302678789847064,0.0,0.0,0.16875098350790832,0.5009811375073854,0.0,-0.0022444995342677776,0.8992716195092557,-0.10136313664433849
2019-06-25,0.0,0.36472921842049494,0.0,0.0,0.18635906861950488,0.4489117129600002,0.0,0.0001488413291487274,0.8994054682923693,-0.10122938233917445
2019-06-26,0.0,0.3650136133131201,0.0,0.0,0.18650438071580275,0.44848200597107707,0.0,-0.0004484820059710771,0.8990021011237682,-0.10163246478869081
2019-06-27,0.0,0.3660645279352831,0.0,0.0,0.1870413474853779,0.446894124579339,0.0,0.0,0.8990021011237682,-0.10163246478869081
2019-06-28,0.0,0.3660645279352831,0.0,0.0,0.1870413474853779,0.446894124579339,0.0,0.0,0.8990021011237682,-0.10163246478869081
2019-07-01,0.0,0.3660645279352831,0.0,0.0,0.1870413474853779,0.446894124579339,0.0,0.0,0.8990021011237682,-0.10163246478869081
2019-07-02,0.0,0.3660645279352831,0.0,0.0,0.1870413474853779,0.446894124579339,0.0,0.0,0.8990021011237682,-0.10163246478869081
2019-07-03,0.0,0.3660645279352831,0.0,0.0,0.1870413474853779,0.446894124579339,0.0,0.0,0.8990021011237682,-0.10163246478869081
2019-07-05,0.0,0.3660645279352831,0.0,0.0,0.1870413474853779,0.446894124579339,0.0,0.0,0.8990021011237682,-0.10163246478869081
2019-07-08,0.0,0.3660645279352831,0.0,0.0,0.1870413474853779,0.446894124579339,0.0,-0.001670089326220333,0.8975006873104318,-0.10313281882027014
2019-07-09,0.0,0.3395816948529099,0.0,0.0,0.1948550525125226,0.46556325263456755,0.0,2.0654577056989313e-05,0.8975192248075364,-0.1031142944079666
2019-07-10,0.0,0.33959319319182213,0.0,0.0,0.19485165995145165,0.4655551468567261,0.0,-0.0025954961072251425,0.8951897171533888,-0.10544215776545651
2019-07-11,0.0,0.29218768758283614,0.0,0.0,0.20883855615470626,0.4989737562624576,0.0,-0.00019266690781536626,0.8950172437186767,-0.10561450945878192
2019-07-12,0.0,0.29192778381420853,0.0,0.0,0.20891524022310567,0.4991569759626857,0.0,8.09011122927153e-05,0.8950896516092147,-0.10554215267777867
2019-07-15,0.0,0.2918753474442398,0.0,0.0,0.20893071146541406,0.4991939410903461,0.0,0.0014985268599556317,0.8964309674942195,-0.10420178356846821
2019-07-16,0.0,0.27714987430050797,0.0,0.0,0.21327543180452482,0.5095746938949672,0.0,0.002814868817083646,0.8989543030712871,-0.10168022910263586
2019-07-17,0.0,0.23739821870401584,0.0,0.0,0.22500407542076895,0.5375977058752153,0.0,0.0008567915458091665,0.8997245195182273,-0.1009105563174979
2019-07-18,0.0,0.23406448187818818,0.0,0.0,0.22598768756355306,0.5399478305582588,0.0,0.0017745586339598391,0.9013211334325238,-0.09931506938250878
2019-07-19,0.0,0.21984363613253635,0.0,0.0,0.231448890635263,0.5487074732322007,0.0,-0.000221920928174466,0.9011211114100093,-0.09951495021830414
2019-07-22,0.0,0.21119545359185862,0.0,0.0,0.2603016753355069,0.5285028710726345,0.0,-8.900730604501065e-05,0.9010409050474624,-0.09959509996671911
2019-07-23,0.0,0.21080272715626283,0.0,0.0,0.261292736622938,0.5279045362207991,0.0,-0.0004923057008961865,0.9005973174731668,-0.10003837443212027
2019-07-24,0.0,0.20892764492386534,0.0,0.0,0.2625974148102664,0.5284749402658683,0.0,-0.00020892764492386534,0.9004091577966025,-0.10022640129507199
2019-07-25,0.0,0.21175663581612872,0.0,0.0,0.26662789638933837,0.5216154677945329,0.0,0.0,0.9004091577966025,-0.10022640129507199
2019-07-26,0.0,0.22759101005169008,0.0,0.0,0.26230397650184856,0.5101050134464614,0.0,0.0,0.9004091577966025,-0.10022640129507199
2019-07-29,0.0,0.1909810119198188,0.0,0.0,0.3819306055996892,0.4270883824804919,0.0,0.0,0.9004091577966025,-0.10022640129507199
2019-07-30,0.0,0.18697504306084495,0.0,0.0,0.39489507113352973,0.4181298858056252,0.0,0.0,0.9004091577966025,-0.10022640129507199
2019-07-31,0.0,0.16538751162069024,0.0,0.0,0.46475852169172366,0.3698539666875861,0.0,0.0,0.9004091577966025,-0.10022640129507199
2019-08-01,0.0,0.14199997011414303,0.0,0.0,0.5404473216941688,0.3175527081916881,0.0,0.0,0.9004091577966025,-0.10022640129507199
2019-08-02,0.0,0.133036091589068,0.0,0.0,0.5694570065616733,0.2975069018492586,0.0,0.0,0.9004091577966025,-0.10022640129507199
2019-08-05,0.0,0.04928360833918979,0.0,0.0,0.840504091721675,0.11021229993913532,0.0,0.0,0.9004091577966025,-0.10022640129507199
2019-08-06,0.0,0.30899606686579334,0.0,0.0,0.0,0.6910039331342066,0.0,0.0,0.9004091577966025,-0.10022640129507199
2019-08-07,0.0,0.30899606686579334,0.0,0.0,0.0,0.6910039331342066,0.0,0.0,0.9004091577966025,-0.10022640129507199
2019-08-08,0.0,0.30899606686579334,0.0,0.0,0.0,0.6910039331342066,0.0,0.0,0.9004091577966025,-0.10022640129507199
2019-08-09,0.0,0.30899606686579334,0.0,0.0,0.0,0.6910039331342066,0.0,0.0,0.9004091577966025,-0.10022640129507199
2019-08-12,0.0,0.30899606686579334,0.0,0.0,0.0,0.6910039331342066,0.0,0.0,0.9004091577966025,-0.10022640129507199
2019-08-13,0.0,0.30899606686579334,0.0,0.0,0.0,0.6910039331342066,0.0,0.0,0.9004091577966025,-0.10022640129507199
2019-08-14,0.0,0.30899606686579334,0.0,0.0,0.0,0.6910039331342066,0.0,0.0,0.9004091577966025,-0.10022640129507199
2019-08-15,0.0,0.30899606686579334,0.0,0.0,0.0,0.6910039331342066,0.0,0.0,0.9004091577966025,-0.10022640129507199
2019-08-16,0.0,0.30899606686579334,0.0,0.0,0.0,0.6910039331342066,0.0,0.0,0.9004091577966025,-0.10022640129507199
2019-08-19,0.0,0.30899606686579334,0.0,0.0,0.0,0.6910039331342066,0.0,0.0,0.9004091577966025,-0.10022640129507199
2019-08-20,0.0,0.30899606686579334,0.0,0.0,0.0,0.6910039331342066,0.0,0.0,0.9004091577966025,-0.10022640129507199
2019-08-21,0.0,0.30899606686579334,0.0,0.0,0.0,0.6910039331342066,0.0,0.0,0.9004091577966025,-0.10022640129507199
2019-08-22,0.0,0.30899606686579334,0.0,0.0,0.0,0.6910039331342066,0.0,0.0,0.9004091577966025,-0.10022640129507199
2019-08-23,0.0,0.30899606686579334,0.0,0.0,0.0,0.6910039331342066,0.0,0.0,0.9004091577966025,-0.10022640129507199
2019-08-26,0.0,0.30899606686579334,0.0,0.0,0.0,0.6910039331342066,0.0,0.0,0.9004091577966025,-0.10022640129507199
2019-08-27,0.0,0.30899606686579334,0.0,0.0,0.0,0.6910039331342066,0.0,0.0,0.9004091577966025,-0.10022640129507199
2019-08-28,0.0,0.30899606686579334,0.0,0.0,0.0,0.6910039331342066,0.0,0.0,0.9004091577966025,-0.10022640129507199
2019-08-29,0.0,0.30899606686579334,0.0,0.0,0.0,0.6910039331342066,0.0,0.0,0.9004091577966025,-0.10022640129507199
2019-08-30,0.0,0.30899606686579334,0.0,0.0,0.0,0.6910039331342066,0.0,0.0,0.9004091577966025,-0.10022640129507199
2019-09-03,0.0,0.30899606686579334,0.0,0.0,0.0,0.6910039331342066,0.0,0.0,0.9004091577966025,-0.10022640129507199
2019-09-04,0.0,0.30899606686579334,0.0,0.0,0.0,0.6910039331342066,0.0,0.0,0.9004091577966025,-0.10022640129507199
2019-09-05,0.0,0.30899606686579334,0.0,0.0,0.0,0.6910039331342066,0.0,0.0,0.9004091577966025,-0.10022640129507199
2019-09-06,0.0,0.30899606686579334,0.0,0.0,0.0,0.6910039331342066,0.0,0.0,0.9004091577966025,-0.10022640129507199
2019-09-09,0.0,0.30899606686579334,0.0,0.0,0.0,0.6910039331342066,0.0,0.0,0.9004091577966025,-0.10022640129507199
2019-09-10,0.0,0.30899606686579334,0.0,0.0,0.0,0.6910039331342066,0.0,0.0,0.9004091577966025,-0.10022640129507199
2019-09-11,0.0,0.30899606686579334,0.0,0.0,0.0,0.6910039331342066,0.0,0.0,0.9004091577966025,-0.10022640129507199
2019-09-12,0.0,0.30899606686579334,0.0,0.0,0.0,0.6910039331342066,0.0,0.0,0.9004091577966025,-0.10022640129507199
2019-09-13,0.0,0.30899606686579334,0.0,0.0,0.0,0.6910039331342066,0.0,0.0,0.9004091577966025,-0.10022640129507199
2019-09-16,0.0,0.30899606686579334,0.0,0.0,0.0,0.6910039331342066,0.0,0.0,0.9004091577966025,-0.10022640129507199
2019-09-17,0.0,0.23164038511536905,0.0,0.0,0.0,0.768359614884631,0.0,0.0,0.9004091577966025,-0.10022640129507199
2019-09-18,0.0,0.21215815137958527,0.0,0.0,0.0,0.7878418486204146,0.0,0.0,0.9004091577966025,-0.10022640129507199
2019-09-19,0.0,0.05845729733747753,0.0,0.0,0.0,0.9415427026625225,0.0,0.0,0.9004091577966025,-0.10022640129507199
2019-09-20,0.0,0.05538805305552923,0.0,0.0,0.0,0.9446119469444707,0.0,0.0,0.9004091577966025,-0.10022640129507199
2019-09-23,0.0,1.0,0.0,0.0,0.0,0.0,0.0,0.0,0.9004091577966025,-0.10022640129507199
2019-09-24,0.0,1.0,0.0,0.0,0.0,0.0,0.0,0.0,0.9004091577966025,-0.10022640129507199
2019-09-25,0.0,1.0,0.0,0.0,0.0,0.0,0.0,0.0,0.9004091577966025,-0.10022640129507199
2019-09-26,0.0,1.0,0.0,0.0,0.0,0.0,0.0,0.0,0.9004091577966025,-0.10022640129507199
2019-09-27,0.0,1.0,0.0,0.0,0.0,0.0,0.0,0.0,0.9004091577966025,-0.10022640129507199
2019-09-30,0.0,1.0,0.0,0.0,0.0,0.0,0.0,0.0,0.9004091577966025,-0.10022640129507199
2019-10-01,0.0,1.0,0.0,0.0,0.0,0.0,0.0,0.0,0.9004091577966025,-0.10022640129507199
2019-10-02,0.0,1.0,0.0,0.0,0.0,0.0,0.0,0.0,0.9004091577966025,-0.10022640129507199
2019-10-03,0.0,1.0,0.0,0.0,0.0,0.0,0.0,0.0,0.9004091577966025,-0.10022640129507199
2019-10-04,0.0,1.0,0.0,0.0,0.0,0.0,0.0,0.0,0.9004091577966025,-0.10022640129507199
2019-10-07,0.0,1.0,0.0,0.0,0.0,0.0,0.0,0.0,0.9004091577966025,-0.10022640129507199
2019-10-08,0.0,1.0,0.0,0.0,0.0,0.0,0.0,0.0,0.9004091577966025,-0.10022640129507199
2019-10-09,0.0,1.0,0.0,0.0,0.0,0.0,0.0,0.0,0.9004091577966025,-0.10022640129507199
2019-10-10,0.0,1.0,0.0,0.0,0.0,0.0,0.0,0.0,0.9004091577966025,-0.10022640129507199
2019-10-11,0.0,1.0,0.0,0.0,0.0,0.0,0.0,0.0,0.9004091577966025,-0.10022640129507199
2019-10-14,0.0,1.0,0.0,0.0,0.0,0.0,0.0,0.0,0.9004091577966025,-0.10022640129507199
2019-10-15,0.0,1.0,0.0,0.0,0.0,0.0,0.0,0.0,0.9004091577966025,-0.10022640129507199
2019-10-16,0.0,1.0,0.0,0.0,0.0,0.0,0.0,0.0,0.9004091577966025,-0.10022640129507199
2019-10-17,0.0,1.0,0.0,0.0,0.0,0.0,0.0,0.0,0.9004091577966025,-0.10022640129507199
2019-10-18,0.0,0.0,0.0,0.0,0.0,0.0,0.0,0.0,0.9004091577966025,-0.10022640129507199
2019-10-21,0.0,0.0,0.0,0.0,0.0,0.0,0.0,0.0,0.9004091577966025,-0.10022640129507199
2019-10-22,0.0,0.0,0.0,0.0,0.0,0.0,0.0,0.0,0.9004091577966025,-0.10022640129507199
2019-10-23,0.0,0.0,0.0,0.0,0.0,0.0,0.0,0.0,0.9004091577966025,-0.10022640129507199
2019-10-24,0.0,0.0,0.0,0.0,0.0,0.0,0.0,0.0,0.9004091577966025,-0.10022640129507199
2019-10-25,0.0,0.0,0.0,0.0,0.0,0.0,0.0,0.0,0.9004091577966025,-0.10022640129507199
2019-10-28,0.0,0.0,0.0,0.0,0.0,0.0,0.0,0.0,0.9004091577966025,-0.10022640129507199
2019-10-29,0.0,0.0,0.0,0.0,0.0,0.0,0.0,0.0,0.9004091577966025,-0.10022640129507199
2019-10-30,0.0,0.0,0.0,0.0,0.0,0.0,0.0,0.0,0.9004091577966025,-0.10022640129507199
2019-10-31,0.0,0.0,0.0,0.0,0.0,0.0,0.0,0.0,0.9004091577966025,-0.10022640129507199
2019-11-01,0.0,0.0,0.0,0.0,0.0,0.0,0.0,0.0,0.9004091577966025,-0.10022640129507199
2019-11-04,0.0,0.0,0.0,0.0,0.0,0.0,0.0,0.0,0.9004091577966025,-0.10022640129507199
2019-11-05,0.0,0.0,0.0,0.0,0.0,0.0,0.0,0.0,0.9004091577966025,-0.10022640129507199
2019-11-06,0.0,0.0,0.0,0.0,0.0,0.0,0.0,0.0,0.9004091577966025,-0.10022640129507199
2019-11-07,0.0,0.0,0.0,0.0,0.0,0.0,0.0,0.0,0.9004091577966025,-0.10022640129507199
2019-11-08,0.0,0.0,0.0,0.0,0.0,0.0,0.0,0.0,0.9004091577966025,-0.10022640129507199
2019-11-11,0.0,0.0,0.0,0.0,0.0,0.0,0.0,0.0,0.9004091577966025,-0.10022640129507199
2019-11-12,0.0,0.0,0.0,0.0,0.0,0.0,0.0,0.0,0.9004091577966025,-0.10022640129507199
2019-11-13,0.0,0.0,0.0,0.0,0.0,0.0,0.0,0.0,0.9004091577966025,-0.10022640129507199
2019-11-14,0.0,0.0,0.0,0.0,0.0,0.0,0.0,0.0,0.9004091577966025,-0.10022640129507199
2019-11-15,0.0,0.0,0.0,0.0,0.0,0.0,0.0,0.0,0.9004091577966025,-0.10022640129507199
2019-11-18,0.0,0.0,0.0,0.0,0.0,0.0,0.0,0.0,0.9004091577966025,-0.10022640129507199
2019-11-19,0.0,0.0,0.0,0.0,0.0,0.0,0.0,0.0,0.9004091577966025,-0.10022640129507199
2019-11-20,0.0,0.0,0.0,0.0,0.0,0.0,0.0,0.0,0.9004091577966025,-0.10022640129507199
2019-11-21,0.0,0.0,0.0,0.0,0.0,0.0,0.0,0.0,0.9004091577966025,-0.10022640129507199
2019-11-22,0.0,0.0,0.0,0.0,0.0,0.0,0.0,0.0,0.9004091577966025,-0.10022640129507199
2019-11-25,0.0,0.0,0.0,0.0,0.0,0.0,0.0,0.0,0.9004091577966025,-0.10022640129507199
2019-11-26,0.0,0.0,0.0,0.0,0.0,0.0,0.0,0.0,0.9004091577966025,-0.10022640129507199
2019-11-27,0.0,0.0,0.0,0.0,0.0,0.0,0.0,0.0,0.9004091577966025,-0.10022640129507199
2019-11-29,0.0,0.0,0.0,0.0,0.0,0.0,0.0,0.0,0.9004091577966025,-0.10022640129507199
2019-12-02,0.0,0.0,0.0,0.0,0.0,0.0,0.0,0.0,0.9004091577966025,-0.10022640129507199
2019-12-03,0.0,0.0,0.0,0.0,0.0,0.0,0.0,0.0,0.9004091577966025,-0.10022640129507199
2019-12-04,0.0,0.0,0.0,0.0,0.0,0.0,0.0,0.0,0.9004091577966025,-0.10022640129507199
2019-12-05,0.0,0.0,0.0,0.0,0.0,0.0,0.0,0.0,0.9004091577966025,-0.10022640129507199
2019-12-06,0.0,0.0,0.0,0.0,0.0,0.0,0.0,0.0,0.9004091577966025,-0.10022640129507199
2019-12-09,0.0,0.0,0.0,0.0,0.0,0.0,0.0,0.0,0.9004091577966025,-0.10022640129507199
2019-12-10,0.0,0.0,0.0,0.0,0.0,0.0,0.0,0.0,0.9004091577966025,-0.10022640129507199
2019-12-11,0.0,0.0,0.0,0.0,0.0,0.0,0.0,0.0,0.9004091577966025,-0.10022640129507199
2019-12-12,0.0,0.0,0.0,0.0,0.0,0.0,0.0,0.0,0.9004091577966025,-0.10022640129507199
2019-12-13,0.0,0.0,0.0,0.0,0.0,0.0,0.0,0.0,0.9004091577966025,-0.10022640129507199
2019-12-16,0.0,0.0,0.0,0.0,0.0,0.0,0.0,0.0,0.9004091577966025,-0.10022640129507199
2019-12-17,0.0,0.0,0.0,0.0,0.0,0.0,0.0,0.0,0.9004091577966025,-0.10022640129507199
2019-12-18,0.0,0.0,0.0,0.0,0.0,0.0,0.0,0.0,0.9004091577966025,-0.10022640129507199
2019-12-19,0.0,0.0,0.0,0.0,0.0,0.0,0.0,0.0,0.9004091577966025,-0.10022640129507199
2019-12-20,0.0,0.0,0.0,0.0,0.0,0.0,0.0,0.0,0.9004091577966025,-0.10022640129507199
2019-12-23,0.0,0.0,0.0,0.0,0.0,0.0,0.0,0.0,0.9004091577966025,-0.10022640129507199
2019-12-24,0.0,0.0,0.0,0.0,0.0,0.0,0.0,0.0,0.9004091577966025,-0.10022640129507199
2019-12-26,0.0,0.0,0.0,0.0,0.0,0.0,0.0,0.0,0.9004091577966025,-0.10022640129507199
2019-12-27,0.0,0.0,0.0,0.0,0.0,0.0,0.0,0.0,0.9004091577966025,-0.10022640129507199
2019-12-30,0.0,0.0,0.0,0.0,0.0,0.0,0.0,0.0,0.9004091577966025,-0.10022640129507199
2019-12-31,0.0,0.0,0.0,0.0,0.0,0.0,0.0,0.0,0.9004091577966025,-0.10022640129507199
2020-01-02,0.0,0.0,0.0,0.0,0.0,0.0,0.0,0.0,0.9004091577966025,-0.10022640129507199
2020-01-03,0.0,0.0,0.0,0.0,0.0,0.0,0.0,0.0,0.9004091577966025,-0.10022640129507199
2020-01-06,0.0,0.0,0.0,0.0,0.0,0.0,0.0,0.0,0.9004091577966025,-0.10022640129507199
2020-01-07,0.0,0.0,0.0,0.0,0.0,0.0,0.0,0.0,0.9004091577966025,-0.10022640129507199
2020-01-08,0.0,0.0,0.0,0.0,0.0,0.0,0.0,0.0,0.9004091577966025,-0.10022640129507199
2020-01-09,0.0,0.0,0.0,0.0,0.0,0.0,0.0,0.0,0.9004091577966025,-0.10022640129507199
2020-01-10,0.0,0.0,0.0,0.0,0.0,0.0,0.0,0.0,0.9004091577966025,-0.10022640129507199
2020-01-13,0.0,0.0,0.0,0.0,0.0,0.0,0.0,0.0,0.9004091577966025,-0.10022640129507199
2020-01-14,0.0,0.0,0.0,0.0,0.0,0.0,0.0,0.0,0.9004091577966025,-0.10022640129507199
2020-01-15,0.0,0.0,0.0,0.0,0.0,0.0,0.0,0.0,0.9004091577966025,-0.10022640129507199
2020-01-16,0.0,0.0,0.0,0.0,0.0,0.0,0.0,0.0,0.9004091577966025,-0.10022640129507199
2020-01-17,0.0,0.0,0.0,0.0,0.0,0.0,0.0,0.0,0.9004091577966025,-0.10022640129507199
2020-01-21,0.0,0.0,0.0,0.0,0.0,0.0,0.0,0.0,0.9004091577966025,-0.10022640129507199
2020-01-22,0.0,0.0,0.0,0.0,0.0,0.0,0.0,0.0,0.9004091577966025,-0.10022640129507199
2020-01-23,0.0,0.0,0.0,0.0,0.0,0.0,0.0,0.0,0.9004091577966025,-0.10022640129507199
2020-01-24,0.0,0.0,0.0,0.0,0.0,0.0,0.0,0.0,0.9004091577966025,-0.10022640129507199
2020-01-27,0.0,0.0,0.0,0.0,0.0,0.0,0.0,0.0,0.9004091577966025,-0.10022640129507199
2020-01-28,0.0,0.0,0.0,0.0,0.0,0.0,0.0,0.0,0.9004091577966025,-0.10022640129507199
2020-01-29,0.0,0.0,0.0,0.0,0.0,0.0,0.0,0.0,0.9004091577966025,-0.10022640129507199
2020-01-30,0.0,0.0,0.0,0.0,0.0,0.0,0.0,0.0,0.9004091577966025,-0.10022640129507199
2020-01-31,0.0,0.0,0.0,0.0,0.0,0.0,0.0,0.0,0.9004091577966025,-0.10022640129507199
2020-02-03,0.0,0.0,0.0,0.0,0.0,0.0,0.0,0.0,0.9004091577966025,-0.10022640129507199
2020-02-04,0.0,0.0,0.0,0.0,0.0,0.0,0.0,0.0,0.9004091577966025,-0.10022640129507199
2020-02-05,0.0,0.0,0.0,0.0,0.0,0.0,0.0,0.0,0.9004091577966025,-0.10022640129507199
2020-02-06,0.0,0.0,0.0,0.0,0.0,0.0,0.0,0.0,0.9004091577966025,-0.10022640129507199
2020-02-07,0.0,0.0,0.0,0.0,0.0,0.0,0.0,0.0,0.9004091577966025,-0.10022640129507199
2020-02-10,0.0,0.0,0.0,0.0,0.0,0.0,0.0,0.0,0.9004091577966025,-0.10022640129507199
2020-02-11,0.0,0.0,0.0,0.0,0.0,0.0,1.0,-0.000692057596992456,0.8997860227985478,-0.10084909644962892
2020-02-12,0.0,0.0,0.0,0.0,0.0,0.0,1.0,0.005692521302996703,0.9049080739014673,-0.09573066077655956
2020-02-13,0.0,0.0,0.0,0.0,0.0,0.0,1.0,0.0031591054115415536,0.9077667738946772,-0.09287397861352764
2020-02-14,0.0,0.0,0.0,0.0,0.0,0.0,1.0,0.005198402001906605,0.9124857105093557,-0.08815837288797057
2020-02-18,0.0,0.0,0.0,0.0,0.0,0.0,1.0,-0.001,0.9115732247988463,-0.08907021451508257
2020-02-19,0.0,0.0,0.0,0.0,0.0,0.0,1.0,0.0033095456660119276,0.9145901180142318,-0.0860554507914898
2020-02-20,0.0,0.0,0.0,0.0,0.0,0.0,1.0,0.0026455843240172187,0.9170097432933513,-0.08363753341908287
2020-02-21,0.0,0.0,0.0,0.87620163374657,0.0,0.0,0.12379836625342991,-0.003562131430973194,0.9137432340642574,-0.08690173696345482
2020-02-24,0.0,0.0,0.0,0.6717493845580288,0.0,0.0,0.3282506154419712,0.0027396974006255862,0.9162466140274624,-0.08440012402569785
2020-02-25,0.0,0.0,0.0,0.7357898084504491,0.0,0.0,0.26421019154955094,0.0019817498169709966,0.9180623855871116,-0.08258563413906717
2020-02-26,0.0,0.0,0.0,0.6838215852404783,0.0,0.0,0.31617841475952163,0.0023550430119855573,0.9202244619928555,-0.08042508384765112
2020-02-27,0.0,0.0,0.0,0.6540890540846521,0.0,0.0,0.34591094591534793,0.016344411841494808,0.9352649895862847,-0.06539517269894912
2020-02-28,0.0,0.0,0.0,0.36392367829912275,0.0,0.0,0.6360763217008772,0.003241541984502234,0.9382966903166636,-0.06236561191233425
2020-03-02,0.0,0.0,0.0,0.35265782800729767,0.0,0.0,0.6473421719927023,-0.0001669912868654729,0.938140002944886,-0.06252218868541048
2020-03-03,0.0,0.0,0.0,0.352229875168617,0.0,0.0,0.6477701248313831,-0.0015272497485109638,0.9367072288613204,-0.06395395143697513
2020-03-04,0.0,0.0,0.0,0.351741599334092,0.0,0.0,0.648258400665908,-0.0018404698683014806,0.934983247431181,-0.06567671598469804
2020-03-05,0.0,0.0,0.0,0.3468481982381591,0.0,0.0,0.6531518017618408,0.0012096896535943812,0.9361142869918827,-0.06454647477491227
2020-03-06,0.0,0.0,0.0,0.34563525561278485,0.0,0.0,0.6543647443872151,0.001202475047860031,0.9372399410639358,-0.06342161525239631
2020-03-09,0.0,0.0,0.0,0.3432011613861684,0.0,0.0,0.6567988386138315,0.009470636063404597,0.9461161994498393,-0.05455162222560028
2020-03-10,0.0,0.0,0.0,0.2706538163522215,0.0,0.0,0.7293461836477785,-0.0007084118898698395,0.9454459594849506,-0.05522138909767382
2020-03-11,0.0,0.0,0.0,0.27079621307902724,0.0,0.0,0.7292037869209728,-0.0007292037869209728,0.944756536710965,-0.055910325238545666
2020-03-12,0.0,0.0,0.0,0.2715224102483701,0.0,0.0,0.7284775897516298,0.0,0.944756536710965,-0.055910325238545666
2020-03-13,0.0,0.0,0.0,0.2715224102483701,0.0,0.0,0.7284775897516298,0.0010234401744041652,0.9457234385056661,-0.0549441059371546
2020-03-16,0.0,0.0,0.0,0.2711945039896356,0.0,0.0,0.7288054960103644,-0.0002711945039896356,0.9454669635068492,-0.055200399901587316
2020-03-17,0.0,0.0,0.0,0.2709923757021164,0.0,0.0,0.7290076242978837,0.0,0.9454669635068492,-0.055200399901587316
2020-03-18,0.0,0.0,0.0,0.2709923757021164,0.0,0.0,0.7290076242978837,0.0,0.9454669635068492,-0.055200399901587316
2020-03-19,0.0,0.0,0.0,0.2709923757021164,0.0,0.0,0.7290076242978837,0.0,0.9454669635068492,-0.055200399901587316
2020-03-20,0.0,0.0,0.0,0.2709923757021164,0.0,0.0,0.7290076242978837,0.0,0.9454669635068492,-0.055200399901587316
2020-03-23,0.0,0.0,0.0,0.2709923757021164,0.0,0.0,0.7290076242978837,0.0,0.9454669635068492,-0.055200399901587316
2020-03-24,0.0,0.0,0.0,0.2709923757021164,0.0,0.0,0.7290076242978837,0.0,0.9454669635068492,-0.055200399901587316
2020-03-25,0.0,0.0,0.0,0.2709923757021164,0.0,0.0,0.7290076242978837,0.0,0.9454669635068492,-0.055200399901587316
2020-03-26,0.0,0.0,0.0,0.2709923757021164,0.0,0.0,0.7290076242978837,0.0,0.9454669635068492,-0.055200399901587316
2020-03-27,0.0,0.0,0.0,0.2709923757021164,0.0,0.0,0.7290076242978837,0.0,0.9454669635068492,-0.055200399901587316
2020-03-30,0.0,0.0,0.0,0.2709923757021164,0.0,0.0,0.7290076242978837,0.0,0.9454669635068492,-0.055200399901587316
2020-03-31,0.0,0.0,0.0,0.2709923757021164,0.0,0.0,0.7290076242978837,0.0,0.9454669635068492,-0.055200399901587316
2020-04-01,0.0,0.0,0.0,0.2709923757021164,0.0,0.0,0.7290076242978837,0.0,0.9454669635068492,-0.055200399901587316
2020-04-02,0.0,0.0,0.0,0.2709923757021164,0.0,0.0,0.7290076242978837,0.0,0.9454669635068492,-0.055200399901587316
2020-04-03,0.0,0.0,0.0,0.2709923757021164,0.0,0.0,0.7290076242978837,0.0,0.9454669635068492,-0.055200399901587316
2020-04-06,0.0,0.0,0.0,0.2709923757021164,0.0,0.0,0.7290076242978837,0.0,0.9454669635068492,-0.055200399901587316
2020-04-07,0.0,0.0,0.0,0.2709923757021164,0.0,0.0,0.7290076242978837,0.0,0.9454669635068492,-0.055200399901587316
2020-04-08,0.0,0.0,0.0,0.2709923757021164,0.0,0.0,0.7290076242978837,0.0,0.9454669635068492,-0.055200399901587316
2020-04-09,0.0,0.0,0.0,0.2709923757021164,0.0,0.0,0.7290076242978837,0.0,0.9454669635068492,-0.055200399901587316
2020-04-13,0.0,0.0,0.0,0.2709923757021164,0.0,0.0,0.7290076242978837,0.0,0.9454669635068492,-0.055200399901587316
2020-04-14,0.0,0.0,0.0,0.2709923757021164,0.0,0.0,0.7290076242978837,0.0,0.9454669635068492,-0.055200399901587316
2020-04-15,0.0,0.0,0.0,0.2709923757021164,0.0,0.0,0.7290076242978837,0.0,0.9454669635068492,-0.055200399901587316
2020-04-16,0.0,0.0,0.0,0.2709923757021164,0.0,0.0,0.7290076242978837,0.0,0.9454669635068492,-0.055200399901587316
2020-04-17,0.0,0.0,0.0,0.2709923757021164,0.0,0.0,0.7290076242978837,0.0,0.9454669635068492,-0.055200399901587316
2020-04-20,0.0,0.0,0.0,0.2709923757021164,0.0,0.0,0.7290076242978837,0.0,0.9454669635068492,-0.055200399901587316
2020-04-21,0.0,0.0,0.0,0.2709923757021164,0.0,0.0,0.7290076242978837,0.0,0.9454669635068492,-0.055200399901587316
2020-04-22,0.0,0.0,0.0,0.2709923757021164,0.0,0.0,0.7290076242978837,0.0,0.9454669635068492,-0.055200399901587316
2020-04-23,0.0,0.0,0.0,0.2709923757021164,0.0,0.0,0.7290076242978837,0.0,0.9454669635068492,-0.055200399901587316
2020-04-24,0.0,0.0,0.0,0.2709923757021164,0.0,0.0,0.7290076242978837,0.0,0.9454669635068492,-0.055200399901587316
2020-04-27,0.0,0.0,0.0,0.2709923757021164,0.0,0.0,0.7290076242978837,0.0,0.9454669635068492,-0.055200399901587316
2020-04-28,0.0,0.0,0.0,0.2709923757021164,0.0,0.0,0.7290076242978837,0.0,0.9454669635068492,-0.055200399901587316
2020-04-29,0.0,0.0,0.0,0.2709923757021164,0.0,0.0,0.7290076242978837,0.0,0.9454669635068492,-0.055200399901587316
2020-04-30,0.0,0.0,0.0,0.2709923757021164,0.0,0.0,0.7290076242978837,0.0,0.9454669635068492,-0.055200399901587316
2020-05-01,0.0,0.0,0.0,0.2709923757021164,0.0,0.0,0.7290076242978837,0.0,0.9454669635068492,-0.055200399901587316
2020-05-04,0.0,0.0,0.0,0.2709923757021164,0.0,0.0,0.7290076242978837,0.0,0.9454669635068492,-0.055200399901587316
2020-05-05,0.0,0.0,0.0,0.2709923757021164,0.0,0.0,0.7290076242978837,0.0,0.9454669635068492,-0.055200399901587316
2020-05-06,0.0,0.0,0.0,0.2709923757021164,0.0,0.0,0.7290076242978837,0.0,0.9454669635068492,-0.055200399901587316
2020-05-07,0.0,0.0,0.0,0.2708997480259868,0.0,0.0,0.7291002519740132,0.0,0.9454669635068492,-0.055200399901587316
2020-05-08,0.0,0.0,0.0,0.2704898058542094,0.0,0.0,0.7295101941457905,0.0,0.9454669635068492,-0.055200399901587316
2020-05-11,0.0,0.0,0.0,0.257169832144698,0.0,0.0,0.7428301678553021,0.0,0.9454669635068492,-0.055200399901587316
2020-05-12,0.0,0.0,0.0,0.2529485709467439,0.0,0.0,0.7470514290532562,0.0,0.9454669635068492,-0.055200399901587316
2020-05-13,0.0,0.0,0.0,0.23952718359896236,0.0,0.0,0.7604728164010377,0.0,0.9454669635068492,-0.055200399901587316
2020-05-14,0.0,0.0,0.0,0.23883989218105783,0.0,0.0,0.7611601078189422,0.0,0.9454669635068492,-0.055200399901587316
2020-05-15,0.0,0.0,0.0,0.23292358665219712,0.0,0.0,0.767076413347803,0.0,0.9454669635068492,-0.055200399901587316
2020-05-18,0.0,0.0,0.0,0.22881792720603467,0.0,0.0,0.7711820727939653,0.0,0.9454669635068492,-0.055200399901587316
2020-05-19,0.0,0.0,0.0,0.22258065464649562,0.0,0.0,0.7774193453535044,0.0,0.9454669635068492,-0.055200399901587316
2020-05-20,0.0,0.0,0.0,0.13658863911702926,0.0,0.0,0.8634113608829708,0.0,0.9454669635068492,-0.055200399901587316
2020-05-21,0.0,0.0,0.0,0.05446832154782467,0.0,0.0,0.9455316784521753,0.0,0.9454669635068492,-0.055200399901587316
2020-05-22,0.0,0.0,0.0,0.05034308734236501,0.0,0.0,0.949656912657635,0.0,0.9454669635068492,-0.055200399901587316
2020-05-26,0.0,0.0,0.0,0.062282905036113896,0.0,0.0,0.937717094963886,0.0,0.9454669635068492,-0.055200399901587316
2020-05-27,0.0,0.0,0.0,0.0643510144696341,0.0,0.0,0.9356489855303659,0.0,0.9454669635068492,-0.055200399901587316
2020-05-28,0.0,0.0,0.36562961343219924,0.04032117825849965,0.0,0.0,0.5940492083093012,-1.97224222711426e-05,0.9454483166081515,-0.05521903363826208
2020-05-29,0.0,0.0,0.34199354850661795,0.03791114520672073,0.0,0.0,0.6200953062866614,0.0016574928417001126,0.947015390425127,-0.053653065949543
2020-06-01,0.0,0.0,0.23194087492266463,0.045027230771219444,0.0,0.0,0.723031894306116,-0.000748340850048628,0.9463067001228471,-0.05436125601861119
2020-06-02,0.0,0.0,0.20770592192262227,0.04663433566985381,0.0,0.0,0.745659742407524,0.0004191941029620463,0.9467033863111322,-0.053964849833601725
2020-06-03,0.0,0.0,0.16948777306400595,0.040156180937063066,0.0,0.0,0.790356045998931,-0.00068699629131007,0.9460530045957657,-0.054614772473215
2020-06-04,0.0,0.0,0.09903700120896608,0.20014185400775852,0.0,0.0,0.7008211447832753,6.7749822059554905e-06,0.9460594140880377,-0.05460836750512077
2020-06-05,0.0,0.0,0.0886310977963788,0.18538791154725426,0.0,0.0,0.725980990656367,-1.586363685974512e-05,0.9460444061450448,-0.05462336485466901
2020-06-08,0.0,0.0,0.3233666062858947,0.6766333937141054,0.0,0.0,0.0,0.000704250398654392,0.9467106582952172,-0.053957582982489316
2020-06-09,0.0,0.0,0.31626074265304926,0.6837392573469507,0.0,0.0,0.0,-0.0009602204403522101,0.9458016073700228,-0.05486599224874977
2020-06-10,0.0,0.0,0.09977200986262189,0.9002279901373782,0.0,0.0,0.0,0.0001180395349295942,0.9459132493518925,-0.05475442907002859
2020-06-11,0.0,0.0,1.0,0.0,0.0,0.0,0.0,0.002397651139771722,0.9481812193323261,-0.052488059949524324
2020-06-12,0.0,0.0,1.0,0.0,0.0,0.0,0.0,-0.0011555886563833898,0.9470855118710699,-0.053582993999234385
2020-06-15,0.0,0.0,1.0,0.0,0.0,0.0,0.0,-0.0004108305081702662,0.9466964202489473,-0.0539718109787507
2020-06-16,0.0,0.0,1.0,0.0,0.0,0.0,0.0,-0.008535409962889186,0.9386159781917229,-0.06204654940849663
2020-06-17,0.0,0.0,1.0,0.0,0.0,0.0,0.0,0.002959241086649984,0.941393569158974,-0.059270919020141144
2020-06-18,0.0,0.0,1.0,0.0,0.0,0.0,0.0,-0.0007557816247120034,0.9406820811977816,-0.05998190477337795
2020-06-19,0.0,0.0,1.0,0.0,0.0,0.0,0.0,0.00824151871101397,0.9484347301710886,-0.0522347280528761
2020-06-22,0.0,0.0,1.0,0.0,0.0,0.0,0.0,-0.005062953199005367,0.9436328495199211,-0.057033219268387
2020-06-23,0.0,0.0,1.0,0.0,0.0,0.0,0.0,0.004357947941008122,0.947745152353554,-0.052923819127858596
2020-06-24,0.0,0.0,1.0,0.0,0.0,0.0,0.0,0.002255352620940575,0.9498826518668984,-0.0507878283810983
2020-06-25,0.0,0.0,1.0,0.0,0.0,0.0,0.0,0.0006582561006895823,0.950507917917429,-0.050163003678281304
2020-06-26,0.0,0.0,1.0,0.0,0.0,0.0,0.0,0.0008750706917280236,0.9513396795386538,-0.0493318291608813
2020-06-29,0.0,0.0,1.0,0.0,0.0,0.0,0.0,1.868426619759094e-05,0.9513574546224707,-0.04931406662371174
2020-06-30,0.0,0.0,1.0,0.0,0.0,0.0,0.0,0.0004627397524695898,0.9517976855355329,-0.0488741464502247
2020-07-01,0.0,0.0,1.0,0.0,0.0,0.0,0.0,-0.007075421244351209,0.9450633159709705,-0.05560376252048249
2020-07-02,0.0,0.0,1.0,0.0,0.0,0.0,0.0,0.003176545185680341,0.9480653522974812,-0.052603845198942234
2020-07-06,0.0,0.0,1.0,0.0,0.0,0.0,0.0,0.0007116685678624305,0.9487400606089909,-0.05192961313425648
2020-07-07,0.0,0.0,1.0,0.0,0.0,0.0,0.0,-0.0007928611924086735,0.9479878414332505,-0.05268130135167426
2020-07-08,0.0,0.0,1.0,0.0,0.0,0.0,0.0,0.0013404193758880562,0.949258542704014,-0.05141149701286496
2020-07-09,0.0,0.0,1.0,0.0,0.0,0.0,0.0,0.0009722705927222786,0.9501814788699754,-0.050489212306816134
2020-07-10,0.0,0.0,1.0,0.0,0.0,0.0,0.0,-0.0008294327116377639,0.9493933672694084,-0.05127676761418176
2020-07-13,0.0,0.0,1.0,0.0,0.0,0.0,0.0,-0.0009307695424199321,0.9485097008393786,-0.052159810303072596
2020-07-14,0.0,0.0,1.0,0.0,0.0,0.0,0.0,-0.0022270833800777227,0.9463972906487967,-0.05427072943651634
2020-07-15,0.0,0.0,1.0,0.0,0.0,0.0,0.0,-0.0019005044138928552,0.9445986584206224,-0.056068092089569976
2020-07-16,0.0,0.0,1.0,0.0,0.0,0.0,0.0,0.0016103582640007922,0.9461198006763741,-0.05454802354101229
2020-07-17,0.0,0.0,1.0,0.0,0.0,0.0,0.0,-0.0030985795716559467,0.9431881731896591,-0.05747758172124995
2020-07-20,0.0,0.0,1.0,0.0,0.0,0.0,0.0,-0.001,0.9422449850164695,-0.058420104139528584
2020-07-21,0.0,0.0,1.0,0.0,0.0,0.0,0.0,0.0,0.9422449850164695,-0.058420104139528584
2020-07-22,0.0,0.0,1.0,0.0,0.0,0.0,0.0,0.0,0.9422449850164695,-0.058420104139528584
2020-07-23,0.0,0.0,1.0,0.0,0.0,0.0,0.0,0.0,0.9422449850164695,-0.058420104139528584
2020-07-24,0.0,0.0,1.0,0.0,0.0,0.0,0.0,0.0,0.9422449850164695,-0.058420104139528584
2020-07-27,0.0,0.0,1.0,0.0,0.0,0.0,0.0,0.0,0.9422449850164695,-0.058420104139528584
2020-07-28,0.0,0.0,1.0,0.0,0.0,0.0,0.0,-0.004174503299561357,0.938311580217523,-0.06235073252159884
2020-07-29,0.0,0.0,1.0,0.0,0.0,0.0,0.0,-0.0009269061108141235,0.9374418534799718,-0.06321984535742498
2020-07-30,0.0,0.0,1.0,0.0,0.0,0.0,0.0,0.012214639752484753,0.9488923680091312,-0.0517774132411889
2020-07-31,0.0,0.0,1.0,0.0,0.0,0.0,0.0,0.009799071238492402,0.9581906319209144,-0.042485712563591904
2020-08-03,0.0,0.0,1.0,0.0,0.0,0.0,0.0,0.004966389040101324,0.9629493793736141,-0.0377303241007273
2020-08-04,0.0,0.0,1.0,0.0,0.0,0.0,0.0,-0.0021377938126426136,0.9608907921485013,-0.03978745825995833
2020-08-05,0.0,0.0,1.0,0.0,0.0,0.0,0.0,0.008150818278828444,0.9687228383811031,-0.03196094032318342
2020-08-06,0.0,0.0,1.0,0.0,0.0,0.0,0.0,-0.001,0.967754115542722,-0.03292897938286021
2020-08-07,0.0,0.0,1.0,0.0,0.0,0.0,0.0,0.0,0.967754115542722,-0.03292897938286021
2020-08-10,0.0,0.0,1.0,0.0,0.0,0.0,0.0,0.0,0.967754115542722,-0.03292897938286021
2020-08-11,0.0,0.0,1.0,0.0,0.0,0.0,0.0,0.0,0.967754115542722,-0.03292897938286021
2020-08-12,0.0,0.0,1.0,0.0,0.0,0.0,0.0,0.0,0.967754115542722,-0.03292897938286021
2020-08-13,0.0,0.0,1.0,0.0,0.0,0.0,0.0,0.0,0.967754115542722,-0.03292897938286021
2020-08-14,0.0,0.0,1.0,0.0,0.0,0.0,0.0,0.0,0.967754115542722,-0.03292897938286021
2020-08-17,0.0,0.0,1.0,0.0,0.0,0.0,0.0,0.0,0.967754115542722,-0.03292897938286021
2020-08-18,0.0,0.0,1.0,0.0,0.0,0.0,0.0,0.0,0.967754115542722,-0.03292897938286021
2020-08-19,0.0,0.0,1.0,0.0,0.0,0.0,0.0,0.0,0.967754115542722,-0.03292897938286021
2020-08-20,0.0,0.0,1.0,0.0,0.0,0.0,0.0,0.0,0.967754115542722,-0.03292897938286021
2020-08-21,0.0,0.0,1.0,0.0,0.0,0.0,0.0,0.0,0.967754115542722,-0.03292897938286021
2020-08-24,0.0,0.0,1.0,0.0,0.0,0.0,0.0,0.0,0.967754115542722,-0.03292897938286021
2020-08-25,0.0,0.0,1.0,0.0,0.0,0.0,0.0,0.0,0.967754115542722,-0.03292897938286021
2020-08-26,0.0,0.0,1.0,0.0,0.0,0.0,0.0,0.0,0.967754115542722,-0.03292897938286021
2020-08-27,0.0,0.0,1.0,0.0,0.0,0.0,0.0,0.0,0.967754115542722,-0.03292897938286021
2020-08-28,0.0,0.0,1.0,0.0,0.0,0.0,0.0,0.0,0.967754115542722,-0.03292897938286021
2020-08-31,0.0,0.0,1.0,0.0,0.0,0.0,0.0,0.0,0.967754115542722,-0.03292897938286021
2020-09-01,0.0,0.0,1.0,0.0,0.0,0.0,0.0,0.0,0.967754115542722,-0.03292897938286021
2020-09-02,0.0,0.0,1.0,0.0,0.0,0.0,0.0,0.0,0.967754115542722,-0.03292897938286021
2020-09-03,0.0,0.0,1.0,0.0,0.0,0.0,0.0,0.0,0.967754115542722,-0.03292897938286021
2020-09-04,0.0,0.0,1.0,0.0,0.0,0.0,0.0,0.0,0.967754115542722,-0.03292897938286021
2020-09-08,0.0,0.0,1.0,0.0,0.0,0.0,0.0,0.0,0.967754115542722,-0.03292897938286021
2020-09-09,0.0,0.0,1.0,0.0,0.0,0.0,0.0,0.0,0.967754115542722,-0.03292897938286021
2020-09-10,0.0,0.0,1.0,0.0,0.0,0.0,0.0,0.0,0.967754115542722,-0.03292897938286021
2020-09-11,0.0,0.0,1.0,0.0,0.0,0.0,0.0,0.0,0.967754115542722,-0.03292897938286021
2020-09-14,0.0,0.0,1.0,0.0,0.0,0.0,0.0,0.0,0.967754115542722,-0.03292897938286021
2020-09-15,0.0,0.0,1.0,0.0,0.0,0.0,0.0,0.0,0.967754115542722,-0.03292897938286021
2020-09-16,0.0,0.0,1.0,0.0,0.0,0.0,0.0,0.0,0.967754115542722,-0.03292897938286021
2020-09-17,0.0,0.0,1.0,0.0,0.0,0.0,0.0,0.0,0.967754115542722,-0.03292897938286021
2020-09-18,0.0,0.0,1.0,0.0,0.0,0.0,0.0,0.0,0.967754115542722,-0.03292897938286021
2020-09-21,0.0,0.0,1.0,0.0,0.0,0.0,0.0,0.0,0.967754115542722,-0.03292897938286021
2020-09-22,0.0,0.0,1.0,0.0,0.0,0.0,0.0,0.0,0.967754115542722,-0.03292897938286021
2020-09-23,0.0,0.0,1.0,0.0,0.0,0.0,0.0,0.0,0.967754115542722,-0.03292897938286021
2020-09-24,0.0,0.0,1.0,0.0,0.0,0.0,0.0,0.0,0.967754115542722,-0.03292897938286021
2020-09-25,0.0,0.0,1.0,0.0,0.0,0.0,0.0,0.0,0.967754115542722,-0.03292897938286021
2020-09-28,0.0,0.0,1.0,0.0,0.0,0.0,0.0,0.0,0.967754115542722,-0.03292897938286021
2020-09-29,0.0,0.0,1.0,0.0,0.0,0.0,0.0,0.0,0.967754115542722,-0.03292897938286021
2020-09-30,0.0,0.0,1.0,0.0,0.0,0.0,0.0,0.0,0.967754115542722,-0.03292897938286021
2020-10-01,0.0,0.0,1.0,0.0,0.0,0.0,0.0,0.0,0.967754115542722,-0.03292897938286021
2020-10-02,0.0,0.0,1.0,0.0,0.0,0.0,0.0,0.0,0.967754115542722,-0.03292897938286021
2020-10-05,0.0,0.0,1.0,0.0,0.0,0.0,0.0,0.0,0.967754115542722,-0.03292897938286021
2020-10-06,0.0,0.0,1.0,0.0,0.0,0.0,0.0,0.0,0.967754115542722,-0.03292897938286021
2020-10-07,0.0,0.0,1.0,0.0,0.0,0.0,0.0,0.0,0.967754115542722,-0.03292897938286021
2020-10-08,0.0,0.0,1.0,0.0,0.0,0.0,0.0,0.0,0.967754115542722,-0.03292897938286021
2020-10-09,0.0,0.0,1.0,0.0,0.0,0.0,0.0,0.0,0.967754115542722,-0.03292897938286021
2020-10-12,0.0,0.0,1.0,0.0,0.0,0.0,0.0,0.0,0.967754115542722,-0.03292897938286021
2020-10-13,0.0,0.0,1.0,0.0,0.0,0.0,0.0,0.0,0.967754115542722,-0.03292897938286021
2020-10-14,0.0,0.0,1.0,0.0,0.0,0.0,0.0,0.0,0.967754115542722,-0.03292897938286021
2020-10-15,0.0,0.0,1.0,0.0,0.0,0.0,0.0,0.0,0.967754115542722,-0.03292897938286021
2020-10-16,0.0,0.0,1.0,0.0,0.0,0.0,0.0,0.0,0.967754115542722,-0.03292897938286021
2020-10-19,0.0,0.0,1.0,0.0,0.0,0.0,0.0,0.0,0.967754115542722,-0.03292897938286021
2020-10-20,0.0,0.0,1.0,0.0,0.0,0.0,0.0,0.0,0.967754115542722,-0.03292897938286021
2020-10-21,0.0,0.0,1.0,0.0,0.0,0.0,0.0,0.0,0.967754115542722,-0.03292897938286021
2020-10-22,0.0,0.0,1.0,0.0,0.0,0.0,0.0,0.0,0.967754115542722,-0.03292897938286021
2020-10-23,0.0,0.0,1.0,0.0,0.0,0.0,0.0,0.0,0.967754115542722,-0.03292897938286021
2020-10-26,0.0,0.0,1.0,0.0,0.0,0.0,0.0,0.0,0.967754115542722,-0.03292897938286021
2020-10-27,0.0,0.0,1.0,0.0,0.0,0.0,0.0,0.0,0.967754115542722,-0.03292897938286021
2020-10-28,0.0,0.0,1.0,0.0,0.0,0.0,0.0,0.0,0.967754115542722,-0.03292897938286021
2020-10-29,0.0,0.0,1.0,0.0,0.0,0.0,0.0,0.0,0.967754115542722,-0.03292897938286021
2020-10-30,0.0,0.0,1.0,0.0,0.0,0.0,0.0,0.0,0.967754115542722,-0.03292897938286021
2020-11-02,0.0,0.0,0.0,0.0,0.0,0.0,0.0,0.0,0.967754115542722,-0.03292897938286021
2020-11-03,0.0,0.0,0.0,0.0,0.0,0.0,0.0,0.0,0.967754115542722,-0.03292897938286021
2020-11-04,0.0,0.0,0.0,0.0,0.0,0.0,0.0,0.0,0.967754115542722,-0.03292897938286021
2020-11-05,0.0,0.0,0.0,0.0,0.0,0.0,0.0,0.0,0.967754115542722,-0.03292897938286021
2020-11-06,0.0,0.0,0.0,0.0,0.0,0.0,0.0,0.0,0.967754115542722,-0.03292897938286021
2020-11-09,0.0,0.0,0.0,0.0,0.0,0.0,0.0,0.0,0.967754115542722,-0.03292897938286021
2020-11-10,0.0,0.0,0.0,0.0,0.0,0.0,0.0,0.0,0.967754115542722,-0.03292897938286021
2020-11-11,0.0,0.0,0.0,0.0,0.0,0.0,0.0,0.0,0.967754115542722,-0.03292897938286021
2020-11-12,0.0,0.0,0.0,0.0,0.0,0.0,0.0,0.0,0.967754115542722,-0.03292897938286021
2020-11-13,0.0,0.0,0.0,0.0,0.0,0.0,0.0,0.0,0.967754115542722,-0.03292897938286021
2020-11-16,0.0,0.0,0.0,0.0,0.0,0.0,0.0,0.0,0.967754115542722,-0.03292897938286021
2020-11-17,0.0,0.0,0.0,0.0,0.0,0.0,0.0,0.0,0.967754115542722,-0.03292897938286021
2020-11-18,0.0,0.0,0.0,0.0,0.0,0.0,0.0,0.0,0.967754115542722,-0.03292897938286021
2020-11-19,0.0,0.0,0.0,0.0,0.0,0.0,0.0,0.0,0.967754115542722,-0.03292897938286021
2020-11-20,0.0,0.0,0.0,0.0,0.0,0.0,0.0,0.0,0.967754115542722,-0.03292897938286021
2020-11-23,0.0,0.0,0.0,0.0,0.0,0.0,0.0,0.0,0.967754115542722,-0.03292897938286021
2020-11-24,0.0,0.0,0.0,0.0,0.0,0.0,0.0,0.0,0.967754115542722,-0.03292897938286021
2020-11-25,0.0,0.0,0.0,0.0,0.0,0.0,0.0,0.0,0.967754115542722,-0.03292897938286021
2020-11-27,0.0,0.0,0.0,0.0,0.0,0.0,0.0,0.0,0.967754115542722,-0.03292897938286021
2020-11-30,0.0,0.0,0.0,0.0,0.0,0.0,0.0,0.0,0.967754115542722,-0.03292897938286021
2020-12-01,0.0,0.0,0.0,0.0,0.0,0.0,0.0,0.0,0.967754115542722,-0.03292897938286021
2020-12-02,0.0,0.0,0.0,0.0,0.0,0.0,0.0,0.0,0.967754115542722,-0.03292897938286021
2020-12-03,0.0,0.0,0.0,0.0,0.0,0.0,0.0,0.0,0.967754115542722,-0.03292897938286021
2020-12-04,0.0,0.0,0.0,0.0,0.0,0.0,0.0,0.0,0.967754115542722,-0.03292897938286021
2020-12-07,0.0,0.0,0.0,0.0,0.0,0.0,0.0,0.0,0.967754115542722,-0.03292897938286021
2020-12-08,0.0,0.0,0.0,0.0,0.0,0.0,0.0,0.0,0.967754115542722,-0.03292897938286021
2020-12-09,0.0,0.0,0.0,0.0,0.0,0.0,0.0,0.0,0.967754115542722,-0.03292897938286021
2020-12-10,0.0,0.0,0.0,0.0,0.0,0.0,0.0,0.0,0.967754115542722,-0.03292897938286021
2020-12-11,0.0,0.0,0.0,0.0,0.0,0.0,0.0,0.0,0.967754115542722,-0.03292897938286021
2020-12-14,0.0,0.0,0.0,0.0,0.0,0.0,0.0,0.0,0.967754115542722,-0.03292897938286021
2020-12-15,0.0,0.0,0.0,0.0,0.0,0.0,0.0,0.0,0.967754115542722,-0.03292897938286021
2020-12-16,0.0,0.0,0.0,0.0,0.0,0.0,0.0,0.0,0.967754115542722,-0.03292897938286021
2020-12-17,0.0,0.0,0.0,0.0,0.0,0.0,0.0,0.0,0.967754115542722,-0.03292897938286021
2020-12-18,0.0,0.0,0.0,0.0,0.0,0.0,0.0,0.0,0.967754115542722,-0.03292897938286021
2020-12-21,0.0,0.0,0.0,0.0,0.0,0.0,0.0,0.0,0.967754115542722,-0.03292897938286021
2020-12-22,0.0,0.0,0.0,0.0,0.0,0.0,0.0,0.0,0.967754115542722,-0.03292897938286021
2020-12-23,0.0,0.0,0.0,0.0,0.0,0.0,0.0,0.0,0.967754115542722,-0.03292897938286021
2020-12-24,0.0,0.0,0.0,0.0,0.0,0.0,0.0,0.0,0.967754115542722,-0.03292897938286021
2020-12-28,0.0,0.0,0.0,0.0,0.0,0.0,0.0,0.0,0.967754115542722,-0.03292897938286021
2020-12-29,0.0,0.0,0.0,0.0,0.0,0.0,0.0,0.0,0.967754115542722,-0.03292897938286021
2020-12-30,0.0,0.0,0.0,0.0,0.0,0.0,0.0,0.0,0.967754115542722,-0.03292897938286021
2020-12-31,0.0,0.0,0.0,0.0,0.0,0.0,0.0,0.0,0.967754115542722,-0.03292897938286021
2021-01-04,0.0,0.0,0.0,0.0,0.0,0.0,0.0,0.0,0.967754115542722,-0.03292897938286021
2021-01-05,0.0,0.0,0.0,0.0,0.0,0.0,0.0,0.0,0.967754115542722,-0.03292897938286021
2021-01-06,0.0,0.0,0.0,0.0,0.0,0.0,0.0,0.0,0.967754115542722,-0.03292897938286021
2021-01-07,0.0,0.0,0.0,0.0,0.0,0.0,0.0,0.0,0.967754115542722,-0.03292897938286021
2021-01-08,0.0,0.0,0.0,0.0,0.0,0.0,0.0,0.0,0.967754115542722,-0.03292897938286021
2021-01-11,0.0,0.0,0.0,0.0,0.0,0.0,0.0,0.0,0.967754115542722,-0.03292897938286021
2021-01-12,0.0,0.0,0.0,0.0,0.0,0.0,0.0,0.0,0.967754115542722,-0.03292897938286021
2021-01-13,0.0,0.0,0.0,0.0,0.0,0.0,0.0,0.0,0.967754115542722,-0.03292897938286021
2021-01-14,0.0,0.0,0.0,0.0,0.0,0.0,0.0,0.0,0.967754115542722,-0.03292897938286021
2021-01-15,0.0,0.0,0.0,0.0,0.0,0.0,0.0,0.0,0.967754115542722,-0.03292897938286021
2021-01-19,0.0,0.0,0.0,0.0,0.0,0.0,0.0,0.0,0.967754115542722,-0.03292897938286021
2021-01-20,0.0,0.0,0.0,0.0,0.0,0.0,0.0,0.0,0.967754115542722,-0.03292897938286021
2021-01-21,0.0,0.0,0.0,0.0,0.0,0.0,0.0,0.0,0.967754115542722,-0.03292897938286021
2021-01-22,0.0,0.0,0.0,0.0,0.0,0.0,0.0,0.0,0.967754115542722,-0.03292897938286021
2021-01-25,0.0,0.0,0.0,0.0,0.0,0.0,0.0,0.0,0.967754115542722,-0.03292897938286021
2021-01-26,0.0,0.0,0.0,0.0,0.0,0.0,0.0,0.0,0.967754115542722,-0.03292897938286021
2021-01-27,0.0,0.0,0.0,0.0,0.0,0.0,0.0,0.0,0.967754115542722,-0.03292897938286021
2021-01-28,0.0,0.0,0.0,0.0,0.0,0.0,0.0,0.0,0.967754115542722,-0.03292897938286021
2021-01-29,0.0,0.0,0.0,0.0,0.0,0.0,0.0,0.0,0.967754115542722,-0.03292897938286021
2021-02-01,0.0,0.0,0.0,0.0,0.0,0.0,0.0,0.0,0.967754115542722,-0.03292897938286021
2021-02-02,0.0,0.0,0.0,0.0,0.0,0.0,0.0,0.0,0.967754115542722,-0.03292897938286021
2021-02-03,0.0,0.0,0.0,0.0,0.0,0.0,0.0,0.0,0.967754115542722,-0.03292897938286021
2021-02-04,0.0,0.0,0.0,0.0,0.0,0.0,0.0,0.0,0.967754115542722,-0.03292897938286021
2021-02-05,0.0,0.0,0.0,0.0,0.0,0.0,0.0,0.0,0.967754115542722,-0.03292897938286021
2021-02-08,0.0,0.0,0.0,0.0,0.0,0.0,0.0,0.0,0.967754115542722,-0.03292897938286021
2021-02-09,0.0,0.0,0.0,0.0,0.0,0.0,0.0,0.0,0.967754115542722,-0.03292897938286021
2021-02-10,0.0,0.0,0.0,0.0,0.0,0.0,0.0,0.0,0.967754115542722,-0.03292897938286021
2021-02-11,0.0,0.0,0.0,0.0,0.0,0.0,0.0,0.0,0.967754115542722,-0.03292897938286021
2021-02-12,0.0,0.0,0.0,0.0,0.0,0.0,0.0,0.0,0.967754115542722,-0.03292897938286021
2021-02-16,0.0,0.0,0.0,0.0,0.0,0.0,0.0,0.0,0.967754115542722,-0.03292897938286021
2021-02-17,0.0,0.0,0.0,0.0,0.0,0.0,0.0,0.0,0.967754115542722,-0.03292897938286021
2021-02-18,0.0,0.0,0.0,0.0,0.0,0.0,0.0,0.0,0.967754115542722,-0.03292897938286021
2021-02-19,0.0,0.0,0.0,0.0,0.0,0.0,0.0,0.0,0.967754115542722,-0.03292897938286021
2021-02-22,0.0,0.0,0.0,0.0,0.0,0.0,0.0,0.0,0.967754115542722,-0.03292897938286021
2021-02-23,0.0,0.0,0.0,0.0,0.0,0.0,0.0,0.0,0.967754115542722,-0.03292897938286021
2021-02-24,0.0,1.0,0.0,0.0,0.0,0.0,0.0,-0.010569613111318344,0.9575253289545493,-0.04315054592195111
2021-02-25,0.0,1.0,0.0,0.0,0.0,0.0,0.0,-0.001,0.9565678036255948,-0.044107395376029146
2021-02-26,0.0,1.0,0.0,0.0,0.0,0.0,0.0,0.0,0.9565678036255948,-0.044107395376029146
2021-03-01,0.0,1.0,0.0,0.0,0.0,0.0,0.0,0.0,0.9565678036255948,-0.044107395376029146
2021-03-02,0.0,1.0,0.0,0.0,0.0,0.0,0.0,-0.005625360851682719,0.9511867645510992,-0.04948463621249399
2021-03-03,0.0,1.0,0.0,0.0,0.0,0.0,0.0,-0.003859213073119901,0.947515932154365,-0.05315287753062392
2021-03-04,0.0,1.0,0.0,0.0,0.0,0.0,0.0,0.009439420764880595,0.9564599337193982,-0.04421518914161904
2021-03-05,0.9087316695398164,0.09126833046018362,0.0,0.0,0.0,0.0,0.0,0.0008397775240628223,0.9572631472744023,-0.04341254253961957
2021-03-08,0.8825698762128446,0.11743012378715541,0.0,0.0,0.0,0.0,0.0,-0.011936120393889619,0.9458371390999014,-0.05483048559915138
2021-03-09,0.6062367027435447,0.3937632972564553,0.0,0.0,0.0,0.0,0.0,0.00402432395206263,0.9496434941535314,-0.05102681728358871
2021-03-10,0.5581516684918186,0.4418483315081814,0.0,0.0,0.0,0.0,0.0,-0.0012005532916110225,0.9485033965307684,-0.052166110161749546
2021-03-11,0.55459841918132,0.4454015808186799,0.0,0.0,0.0,0.0,0.0,0.002272217530967574,0.9506586025765479,-0.05001242538081385
2021-03-12,0.5415770556596905,0.45842294434030956,0.0,0.0,0.0,0.0,0.0,-0.001,0.9497079439739713,-0.050962412955433134
2021-03-15,0.5410713002287186,0.4589286997712815,0.0,0.0,0.0,0.0,0.0,0.0,0.9497079439739713,-0.050962412955433134
2021-03-16,0.5410713002287186,0.4589286997712815,0.0,0.0,0.0,0.0,0.0,0.0,0.9497079439739713,-0.050962412955433134
2021-03-17,0.5410713002287186,0.4589286997712815,0.0,0.0,0.0,0.0,0.0,0.0,0.9497079439739713,-0.050962412955433134
2021-03-18,0.5410713002287186,0.4589286997712815,0.0,0.0,0.0,0.0,0.0,0.0,0.9497079439739713,-0.050962412955433134
2021-03-19,0.5410713002287186,0.4589286997712815,0.0,0.0,0.0,0.0,0.0,0.0,0.9497079439739713,-0.050962412955433134
2021-03-22,0.5410713002287186,0.4589286997712815,0.0,0.0,0.0,0.0,0.0,0.0,0.9497079439739713,-0.050962412955433134
2021-03-23,0.5410713002287186,0.4589286997712815,0.0,0.0,0.0,0.0,0.0,0.0,0.9497079439739713,-0.050962412955433134
2021-03-24,0.5410713002287186,0.4589286997712815,0.0,0.0,0.0,0.0,0.0,0.0,0.9497079439739713,-0.050962412955433134
2021-03-25,0.5410713002287186,0.4589286997712815,0.0,0.0,0.0,0.0,0.0,0.0,0.9497079439739713,-0.050962412955433134
2021-03-26,0.5410713002287186,0.4589286997712815,0.0,0.0,0.0,0.0,0.0,0.0,0.9497079439739713,-0.050962412955433134
2021-03-29,0.5410713002287186,0.4589286997712815,0.0,0.0,0.0,0.0,0.0,0.0,0.9497079439739713,-0.050962412955433134
2021-03-30,0.5410713002287186,0.4589286997712815,0.0,0.0,0.0,0.0,0.0,0.0,0.9497079439739713,-0.050962412955433134
2021-03-31,0.5410713002287186,0.4589286997712815,0.0,0.0,0.0,0.0,0.0,0.0,0.9497079439739713,-0.050962412955433134
2021-04-01,0.5410713002287186,0.4589286997712815,0.0,0.0,0.0,0.0,0.0,0.0,0.9497079439739713,-0.050962412955433134
2021-04-05,0.09543141935243123,0.08094352293722822,0.0,0.0,0.0,0.0,0.8236250577103406,-0.0007957644999025915,0.9489522001068813,-0.05171762337627639
2021-04-06,0.10301642111204441,0.08737700960309036,0.0,0.0,0.0,0.0,0.8096065692848653,0.005340568494884951,0.9540201443299238,-0.04665325639142526
2021-04-07,0.22883304118913103,0.19409281182210808,0.0,0.0,0.0,0.0,0.5770741469887609,-0.0006371628447871968,0.9534122781407782,-0.04726069351465145
2021-04-08,0.23062402247829591,0.1956118957469137,0.0,0.0,0.0,0.0,0.5737640817747904,0.00020130316836902606,0.9536042030531299,-0.047068904073626294
2021-04-09,0.23074634074340236,0.1957156442960233,0.0,0.0,0.0,0.0,0.5735380149605743,-0.002241293795895103,0.9514668958690874,-0.04920470262684162
2021-04-12,0.24869126785652199,0.21093626690903786,0.0,0.0,0.0,0.0,0.5403724652344402,0.002013175925142557,0.9533823661174211,-0.04729058442443124
2021-04-13,0.26160837485801647,0.2218923666291607,0.0,0.0,0.0,0.0,0.5164992585128229,-0.0014224220614627787,0.952026254006846,-0.048645739315309355
2021-04-14,0.2678938304832642,0.22722359742322737,0.0,0.0,0.0,0.0,0.5048825720935084,-6.82884717442733e-06,0.9520197527650515,-0.04865223596816415
2021-04-15,0.26789393207251144,0.22722368358972914,0.0,0.0,0.0,0.0,0.5048823843377594,-0.0003164178329059931,0.9517185167379978,-0.04895325936599915
2021-04-16,0.268192420759043,0.2274768572929887,0.0,0.0,0.0,0.0,0.5043307219479685,0.0021318451073900004,0.9537474332015181,-0.04692577502507944
2021-04-19,0.2806824044824987,0.23807067734581167,0.0,0.0,0.0,0.0,0.4812469181716896,0.002490369577738369,0.9561226167940091,-0.044552267969875436
2021-04-20,0.29546790707495507,0.2506115226601955,0.0,0.0,0.0,0.0,0.45392057026484955,0.0043588678439678745,0.960290228923243,-0.040387597574137235
2021-04-21,0.3294076923330553,0.2793987481375628,0.0,0.0,0.0,0.0,0.3911935595293819,-0.0016571361266474315,0.9586988972928278,-0.04197780595377609
2021-04-22,0.33508451937204964,0.2842137491378577,0.0,0.0,0.0,0.0,0.38070173149009273,-0.0007098384792237999,0.9580183759255398,-0.042657846971060454
2021-04-23,0.3362196617723004,0.2851765601862022,0.0,0.0,0.0,0.0,0.3786037780414975,-0.0011557110131866011,0.9569111835376476,-0.04376425784070381
2021-04-26,0.33888060049830776,0.287433529183045,0.0,0.0,0.0,0.0,0.3736858703186473,0.0011424781914025194,0.9580044336959485,-0.042671779359447215
2021-04-27,0.3409088742240557,0.2891538810541279,0.0,0.0,0.0,0.0,0.36993724472181644,0.002840021908013841,0.9607251872756193,-0.039952946239668274
2021-04-28,0.35275466101149716,0.29920130276330065,0.0,0.0,0.0,0.0,0.3480440362252023,0.0005497302110476457,0.961253326935579,-0.03942517937018908
2021-04-29,0.3530272645484326,0.2994325210643008,0.0,0.0,0.0,0.0,0.3475402143872667,-0.0009624295231234569,0.9603281883545356,-0.04034966493673209
2021-04-30,0.3548331113909141,0.30096421373226484,0.0,0.0,0.0,0.0,0.34420267487682105,0.0006331272327140999,0.9609361982829258,-0.03974208417572045
2021-05-03,0.35523890184437307,0.3013083992122687,0.0,0.0,0.0,0.0,0.3434526989433582,-0.0014610730036970167,0.9595322003453394,-0.04114509109311759
2021-05-04,0.35893724906288643,0.3044452827978102,0.0,0.0,0.0,0.0,0.3366174681393035,-0.00018306957419565313,0.9593565391939951,-0.04132062825300664
2021-05-05,0.10852316198004322,0.09204774602074879,0.0,0.0,0.0,0.697739119449429,0.10168997254977907,-0.005177961359447308,0.9543890281041155,-0.04628463299601182
2021-05-06,0.19529372461755284,0.16564525798048813,0.0,0.0,0.0,0.45894413143436114,0.18011688596759798,-0.0009725379420137802,0.9534608485628426,-0.047212157376304686
2021-05-07,0.19640760959481482,0.16659003879605444,0.0,0.0,0.0,0.4581132286629031,0.17888912294622764,0.00048765334374693104,0.9539258069337762,-0.0467475271989678
2021-05-10,0.19670817724998216,0.16684497584986036,0.0,0.0,0.0,0.45881429120943273,0.17763255569072464,-0.0003752733442867091,0.9535678240060068,-0.04710525744238536
2021-05-11,0.1969494005112587,0.16704957786368999,0.0,0.0,0.0,0.4593769352295904,0.17662408639546087,0.001289254950008322,0.9547972160432752,-0.04587673317870611
2021-05-12,0.19903678201857505,0.16882006408366576,0.0,0.0,0.0,0.4642456726667023,0.1678974812310568,0.0033667215270133787,0.9580117523844606,-0.04266446583687444
2021-05-13,0.2085562671485613,0.17689435102394496,0.0,0.0,0.0,0.4864495072182411,0.12809987460925257,-0.00026855697547214916,0.9577544716457734,-0.04292156497244126
2021-05-14,0.20866937042729006,0.17699028355746674,0.0,0.0,0.0,0.48671331628499614,0.1276270297302471,-0.0005260435184516228,0.9572506511136961,-0.04342502987983732
2021-05-17,0.20901236326249223,0.17728120502349842,0.0,0.0,0.0,0.4875133339394387,0.12619309777457074,0.0007030008371177538,0.9579235991227606,-0.04275255687507695
2021-05-18,0.20938991571181162,0.17760143944470755,0.0,0.0,0.0,0.4883939605704746,0.1246146842730062,-0.0010467701189486877,0.956920873322963,-0.04375457489498025
2021-05-19,0.21051575257691596,0.1785563576753335,0.0,0.0,0.0,0.4910199319484913,0.11990795779925911,-0.00012266262701289055,0.9568034948947978,-0.04387187047089269
2021-05-20,0.2102572016996737,0.17969147282863546,0.0,0.0,0.0,0.4904168719275918,0.11963445354409909,-4.3925277911608504e-05,0.9567614670353777,-0.04391386866470137
2021-05-21,0.20483627349326602,0.20086975942465787,0.0,0.0,0.0,0.4777727644609288,0.11652120262114735,-0.00043050421617471844,0.9563495771899454,-0.04432546777526747
2021-05-24,0.20502992348977958,0.20112853550263424,0.0,0.0,0.0,0.4782244456626725,0.11561709534491371,5.208552024322436e-05,0.9563993891552077,-0.044275690970073334
2021-05-25,0.20502804140827774,0.20112668923410074,0.0,0.0,0.0,0.4782200557796369,0.11562521357798468,0.0001360318660575402,0.9565294899488107,-0.04414568200887947
2021-05-26,0.20503318601553833,0.20113173594780206,0.0,0.0,0.0,0.47823205537907815,0.1156030226575814,-0.0003863681230553717,0.9561599174451321,-0.044514993647636114
2021-05-27,0.20329302425885887,0.2087187130373033,0.0,0.0,0.0,0.4741731947148059,0.11381506798903208,-0.00012205658574238847,0.956043211830185,-0.04463161688523942
2021-05-28,0.20234989106530119,0.2124996555346617,0.0,0.0,0.0,0.47197337265469735,0.11317708074533987,-0.0002004069961895257,0.9558516140818748,-0.044823079393153886
2021-06-01,0.1936005206380603,0.24911274994828367,0.0,0.0,0.0,0.44968854056537527,0.1075981888482806,0.0007667775128139913,0.9565845396051397,-0.04409067120967369
2021-06-02,0.15646543080923855,0.3984659723944672,0.0,0.0,0.0,0.3606832732064632,0.08438532358983117,-0.0005092842942047265,0.9560973661230397,-0.04457750081751044
2021-06-03,0.19500413867672373,0.4384968516023561,0.0,0.0,0.0,0.2981001066796999,0.06839890304122018,-0.00011520773407288029,0.9559872163119356,-0.04468757287872349
2021-06-04,0.2125940225986167,0.5615923525870503,0.0,0.0,0.0,0.18373278473729868,0.0420808400770343,-0.00020015427865984704,0.9557958713802467,-0.04487878274846868
2021-06-07,0.2164574903976719,0.5835032141138623,0.0,0.0,0.0,0.16310972803239893,0.036929567456066834,-1.6242777184550282e-05,0.9557803466008739,-0.04489429656958488
2021-06-08,0.4626177337604582,0.4626177337604025,0.0,0.0,0.0,0.06096412130215193,0.013800411176987364,2.3407679844259594e-05,0.9558027192012285,-0.04487193976106152
2021-06-09,0.0,0.0,0.0,0.0,0.0,0.8155567269322407,0.18444327306775932,0.0005140656666679144,0.9562940645632778,-0.0443809412180215
2021-06-10,0.0,0.0,0.0,0.0,0.0,0.8159801739185237,0.18401982608147618,-0.0005135728989054666,0.955802937848334,-0.04487172126828942
2021-06-11,0.0,0.0,0.0,0.0,0.0,0.816604077168584,0.18339592283141598,4.137071673729096e-06,0.9558068920735938,-0.04486776983414276
2021-06-14,0.0,0.0,0.0,0.0,0.0,0.8166033643758628,0.18339663562413727,0.0001328267916309784,0.9559338488364867,-0.04474090268442654
2021-06-15,0.0,0.0,0.0,0.0,0.0,0.8166137754996793,0.1833862245003207,-0.0004916891783894185,0.9554638265077576,-0.045210593245134656
2021-06-16,0.0,0.0,0.0,0.0,0.0,0.817175528589763,0.18282447141023703,-0.00018282447141023704,0.9552891443387247,-0.04538515211373273
2021-06-17,0.0,0.0,0.0,0.0,0.0,0.8172688726957253,0.18273112730427468,0.0,0.9552891443387247,-0.04538515211373273
2021-06-18,0.0,0.0,0.0,0.0,0.0,0.8172688726957253,0.18273112730427468,0.0,0.9552891443387247,-0.04538515211373273
2021-06-21,0.0,0.0,0.0,0.0,0.0,0.8172688726957253,0.18273112730427468,0.0,0.9552891443387247,-0.04538515211373273
2021-06-22,0.0,0.0,0.0,0.0,0.0,0.8172688726957253,0.18273112730427468,0.0,0.9552891443387247,-0.04538515211373273
2021-06-23,0.0,0.0,0.0,0.0,0.0,0.8172688726957253,0.18273112730427468,0.0,0.9552891443387247,-0.04538515211373273
2021-06-24,0.0,0.0,0.0,0.0,0.0,0.8172688726957253,0.18273112730427468,0.0,0.9552891443387247,-0.04538515211373273
2021-06-25,0.0,0.0,0.0,0.0,0.0,0.8172688726957253,0.18273112730427468,0.0,0.9552891443387247,-0.04538515211373273
2021-06-28,0.0,0.0,0.0,0.0,0.0,0.8172688726957253,0.18273112730427468,0.0,0.9552891443387247,-0.04538515211373273
2021-06-29,0.0,0.0,0.0,0.0,0.0,0.8169321677259505,0.18306783227404952,0.0,0.9552891443387247,-0.04538515211373273
2021-06-30,0.0,0.0,0.0,0.0,0.0,0.8168392664565755,0.1831607335434245,0.0,0.9552891443387247,-0.04538515211373273
2021-07-01,0.0,0.0,0.0,0.0,0.0,0.8140522146900491,0.18594778530995104,-0.0003906336930187561,0.954915976212371,-0.045758056837172933
2021-07-02,0.0,0.0,0.0,0.0,0.0,0.8142927002274977,0.18570729977250236,0.0007520732075369874,0.9556341429335293,-0.045040397038212276
2021-07-06,0.0,0.0,0.0,0.0,0.0,0.8153347680259002,0.18466523197409976,-6.682929714418376e-05,0.9555702785754301,-0.04510421631727923
2021-07-07,0.0,0.0,0.0,0.0,0.0,0.8141872837089523,0.18581271629104767,-0.0003481493439581901,0.955237597409838,-0.045436662657916904
2021-07-08,0.0,0.0,0.0,0.0,0.0,0.8136163956769336,0.18638360432306642,-0.00168288790185015,0.9536300396137647,-0.047043085749879476
2021-07-09,0.0,0.0,0.0,0.0,0.0,0.8186689816334581,0.18133101836654178,0.0030233483221723933,0.9565131953940041,-0.04416196506207881
2021-07-12,0.0,0.0,0.0,0.0,0.0,0.8338415004261122,0.16615849957388787,0.00014155691862490478,0.9566485964545682,-0.04402665957514851
2021-07-13,0.0,0.0,0.0,0.0,0.0,0.8338093896517169,0.1661906103482832,-0.0001190820686902214,0.9565346767606928,-0.04414049885813898
2021-07-14,0.0,0.0,0.0,0.0,0.0,0.8331087111363196,0.16689128886368046,0.0004819966755730682,0.9569957232949619,-0.04367977775627363
2021-07-15,0.0,0.0,0.0,0.0,0.0,0.8322489034937457,0.1677510965062543,-0.0001677510965062543,0.9568351862130273,-0.04384020152216617
2021-07-16,0.0,0.0,0.0,0.0,0.0,0.8276327243227419,0.17236727567725818,0.0,0.9568351862130273,-0.04384020152216617
2021-07-19,0.0,0.0,0.0,0.0,0.0,0.8266024369526258,0.1733975630473742,0.0,0.9568351862130273,-0.04384020152216617
2021-07-20,0.0,0.0,0.0,0.0,0.0,0.8263798423343892,0.17362015766561079,0.0,0.9568351862130273,-0.04384020152216617
2021-07-21,0.0,0.0,0.0,0.0,0.0,0.8257947244397511,0.17420527556024898,0.0,0.9568351862130273,-0.04384020152216617
2021-07-22,0.0,0.0,0.0,0.0,0.0,0.8253259093779343,0.1746740906220657,0.0,0.9568351862130273,-0.04384020152216617
2021-07-23,0.0,0.0,0.0,0.0,0.0,0.8219403806373502,0.17805961936264977,0.0,0.9568351862130273,-0.04384020152216617
2021-07-26,0.0,0.0,0.0,0.0,0.0,0.8217911026623956,0.1782088973376045,0.0,0.9568351862130273,-0.04384020152216617
2021-07-27,0.0,0.0,0.0,0.0,0.0,0.8213154404833013,0.1786845595166986,0.0,0.9568351862130273,-0.04384020152216617
2021-07-28,0.0,0.0,0.0,0.0,0.0,0.8211141604087715,0.17888583959122842,0.0,0.9568351862130273,-0.04384020152216617
2021-07-29,0.0,0.0,0.0,0.0,0.0,0.8199623881130604,0.1800376118869396,0.0,0.9568351862130273,-0.04384020152216617
2021-07-30,0.0,0.0,0.0,0.0,0.0,0.8311738296538165,0.16882617034618352,0.0,0.9568351862130273,-0.04384020152216617
2021-08-02,0.0,0.0,0.0,0.0,0.0,0.9717501874956789,0.028249812504321088,0.003875405770699303,0.9605433108152854,-0.04013469432143446
2021-08-03,0.0,0.0,0.0,0.0,0.0,0.895741562874778,0.10425843712522193,0.0037328920461836158,0.9641289153002427,-0.036551620756459346
2021-08-04,0.0,0.0,0.0,0.0,0.0,0.856614174533361,0.14338582546663908,0.00045834869375002013,0.9645708225291771,-0.03611002545033759
2021-08-05,0.0,0.0,0.0,0.0,0.0,0.8560771674019725,0.14392283259802746,0.0008894658368192179,0.9654287753230095,-0.035252678247522984
2021-08-06,0.0,0.0,0.0,0.0,0.0,0.8517501260564165,0.1482498739435835,-0.0006333284540288726,0.9648173418092593,-0.03586368017733699
2021-08-09,0.0,0.0,0.0,0.0,0.0,0.8181397463572546,0.18186025364274533,-0.0005297955870127302,0.9643061858392954,-0.036374475344857715
2021-08-10,0.8162340819873201,0.0,0.0,0.0,0.0,0.15003579209475398,0.03373012591792606,-0.0012419756350882973,0.9631085410517181,-0.03757127476782851
2021-08-11,0.7242750377016246,0.0,0.0,0.0,0.0,0.22461445078338194,0.05111051151499333,-0.0006357855231759577,0.9624962105840702,-0.03818317301841989
2021-08-12,0.6988484758308947,0.0,0.0,0.0,0.0,0.24411786308858313,0.05703366108052219,-0.0001739145997472724,0.9623288184408483,-0.03835044700691448
2021-08-13,0.698253658891715,0.0,0.0,0.0,0.0,0.241463887788092,0.06028245332019309,-0.0002669562268077433,0.962071918770529,-0.03860716534309283
2021-08-16,0.6722238846849967,0.0,0.0,0.0,0.0,0.2528703850181777,0.07490573029682568,-0.001465713521578081,0.9606617969504565,-0.04001629182039779
2021-08-17,0.6769556868016281,0.0,0.0,0.0,0.0,0.24339221585350437,0.0796520973448676,-0.00157963818436232,0.9591442988937354,-0.04153271874220399
2021-08-18,0.7270913279947158,0.0,0.0,0.0,0.0,0.18236074324308227,0.09054792876220186,0.0029425603727807345,0.9619666388994388,-0.03871237090176782
2021-08-19,0.5925824834012672,0.0,0.0,0.0,0.0,0.27126401629427405,0.13615350030445872,0.0024928232844175268,0.9643646517357202,-0.03631605071692923
2021-08-20,0.5775338826232086,0.0,0.0,0.0,0.0,0.2764425526921058,0.14602356468468553,-4.819625618073225e-05,0.9643181729699135,-0.036362496675426126
2021-08-23,0.5760771049178955,0.0,0.0,0.0,0.0,0.2747590086671805,0.1491638864149238,-0.0004937221155171842,0.963842067761523,-0.03683826582215932
2021-08-24,0.5799493110983444,0.0,0.0,0.0,0.0,0.268032109664053,0.15201857923760262,-0.00020282810756743093,0.9636465734989251,-0.037033622093983976
2021-08-25,0.577073825475337,0.0,0.0,0.0,0.0,0.2689745244912426,0.15395165003342046,0.00023234038438590127,0.9638704675142239,-0.03680988611559066
2021-08-26,0.5728851104934783,0.0,0.0,0.0,0.0,0.26640968721370606,0.16070520229281557,0.00015176182378661015,0.9640167462542678,-0.03666371062725449
2021-08-27,0.5694181272564852,0.0,0.0,0.0,0.0,0.26453410261158583,0.166047770131929,0.000559813830498649,0.9645564161616533,-0.03612442164904228
2021-08-30,0.5709871446895585,0.0,0.0,0.0,0.0,0.2619548534000225,0.16705800191041895,0.0001295184025113562,0.9646813439678067,-0.03599958202391451
2021-08-31,0.5684675536030969,0.0,0.0,0.0,0.0,0.26063798916817027,0.1708944572287328,5.962934708736639e-05,0.9647388672864948,-0.035942099308398645
2021-09-01,0.5684480920717278,0.0,0.0,0.0,0.0,0.26060042720934745,0.17095148071892466,0.0006682419243108421,0.9653835462436279,-0.03529787540169338
2021-09-02,0.5706895545556008,0.0,0.0,0.0,0.0,0.25717978969647015,0.17213065574792902,-0.00018429315462849442,0.9652056326644641,-0.03547566339951247
2021-09-03,0.5700592201625942,0.0,0.0,0.0,0.0,0.2564796037540099,0.17346117608339584,0.0004957038391564068,0.9656840888021513,-0.034997544982899864
2021-09-07,0.5703706254091971,0.0,0.0,0.0,0.0,0.2543022392203068,0.17532713537049596,0.000590228756363426,0.966254063320925,-0.03442797278398735
2021-09-08,0.5721875260648881,0.0,0.0,0.0,0.0,0.2519277844694572,0.1758846894656547,-6.150617988332345e-05,0.9661946327246934,-0.03448736143078357
2021-09-09,0.5721852327404505,0.0,0.0,0.0,0.0,0.2518481063526684,0.1759666609068811,-0.0002518481063526684,0.9659512984360735,-0.03473052396046694
2021-09-10,0.5716446060693644,0.0,0.0,0.0,0.0,0.25082109607138947,0.17753429785924607,0.0,0.9659512984360735,-0.03473052396046694
2021-09-13,0.5714774892626109,0.0,0.0,0.0,0.0,0.25074777005694476,0.17777474068044427,0.0,0.9659512984360735,-0.03473052396046694
2021-09-14,0.5714774892626109,0.0,0.0,0.0,0.0,0.25074777005694476,0.17777474068044427,0.0,0.9659512984360735,-0.03473052396046694
2021-09-15,0.5714774892626109,0.0,0.0,0.0,0.0,0.25074777005694476,0.17777474068044427,0.0,0.9659512984360735,-0.03473052396046694
2021-09-16,0.5714774892626109,0.0,0.0,0.0,0.0,0.25074777005694476,0.17777474068044427,0.0,0.9659512984360735,-0.03473052396046694
2021-09-17,0.5714774892626109,0.0,0.0,0.0,0.0,0.25074777005694476,0.17777474068044427,0.0,0.9659512984360735,-0.03473052396046694
2021-09-20,0.5714774892626109,0.0,0.0,0.0,0.0,0.25074777005694476,0.17777474068044427,0.0,0.9659512984360735,-0.03473052396046694
2021-09-21,0.5714774892626109,0.0,0.0,0.0,0.0,0.25074777005694476,0.17777474068044427,0.0,0.9659512984360735,-0.03473052396046694
2021-09-22,0.5714774892626109,0.0,0.0,0.0,0.0,0.25074777005694476,0.17777474068044427,0.0,0.9659512984360735,-0.03473052396046694
2021-09-23,0.5714774892626109,0.0,0.0,0.0,0.0,0.25074777005694476,0.17777474068044427,0.0,0.9659512984360735,-0.03473052396046694
2021-09-24,0.5714774892626109,0.0,0.0,0.0,0.0,0.25074777005694476,0.17777474068044427,0.0,0.9659512984360735,-0.03473052396046694
2021-09-27,0.5714774892626109,0.0,0.0,0.0,0.0,0.25074777005694476,0.17777474068044427,0.0,0.9659512984360735,-0.03473052396046694
2021-09-28,0.5708069812314873,0.0,0.0,0.0,0.0,0.2504535705534325,0.17873944821508014,0.0,0.9659512984360735,-0.03473052396046694
2021-09-29,0.5687654486507339,0.0,0.0,0.0,0.0,0.24955780518779566,0.18167674616147042,0.0,0.9659512984360735,-0.03473052396046694
2021-09-30,0.5687345603107989,0.0,0.0,0.0,0.0,0.2495442522788798,0.18172118741032123,0.0,0.9659512984360735,-0.03473052396046694
2021-10-01,0.5681679812217545,0.0,0.0,0.0,0.0,0.24929565378496168,0.1825363649932838,0.0,0.9659512984360735,-0.03473052396046694
2021-10-04,0.553844652898737,0.0,0.0,0.0,0.0,0.2430109921766377,0.20314435492462524,0.0,0.9659512984360735,-0.03473052396046694
2021-10-05,0.29930808444894974,0.0,0.0,0.0,0.0,0.1313277183191056,0.5693641972319448,0.0,0.9659512984360735,-0.03473052396046694
2021-10-06,0.29361980782773867,0.0,0.0,0.0,0.0,0.1288318672925391,0.5775483248797222,0.0,0.9659512984360735,-0.03473052396046694
2021-10-07,0.2887501542549332,0.0,0.0,0.0,0.0,0.12669520434907594,0.5845546413959907,0.0,0.9659512984360735,-0.03473052396046694
2021-10-08,0.13057550544518853,0.0,0.0,0.0,0.0,0.05729274981012205,0.8121317447446894,0.0,0.9659512984360735,-0.03473052396046694
2021-10-11,0.6950376223366639,0.0,0.0,0.0,0.0,0.30496237766333606,0.0,0.0,0.9659512984360735,-0.03473052396046694
2021-10-12,0.6950376223366639,0.0,0.0,0.0,0.0,0.30496237766333606,0.0,0.0,0.9659512984360735,-0.03473052396046694
2021-10-13,0.6950376223366639,0.0,0.0,0.0,0.0,0.30496237766333606,0.0,0.0,0.9659512984360735,-0.03473052396046694
2021-10-14,0.6950376223366639,0.0,0.0,0.0,0.0,0.30496237766333606,0.0,0.0,0.9659512984360735,-0.03473052396046694
2021-10-15,0.6950376223366639,0.0,0.0,0.0,0.0,0.30496237766333606,0.0,0.0,0.9659512984360735,-0.03473052396046694
2021-10-18,0.6950376223366639,0.0,0.0,0.0,0.0,0.30496237766333606,0.0,0.0,0.9659512984360735,-0.03473052396046694
2021-10-19,0.6950376223366639,0.0,0.0,0.0,0.0,0.30496237766333606,0.0,0.0,0.9659512984360735,-0.03473052396046694
2021-10-20,0.6950376223366639,0.0,0.0,0.0,0.0,0.30496237766333606,0.0,0.0,0.9659512984360735,-0.03473052396046694
2021-10-21,0.6950376223366639,0.0,0.0,0.0,0.0,0.30496237766333606,0.0,0.0,0.9659512984360735,-0.03473052396046694
2021-10-22,0.6950376223366639,0.0,0.0,0.0,0.0,0.30496237766333606,0.0,0.0,0.9659512984360735,-0.03473052396046694
2021-10-25,0.6950376223366639,0.0,0.0,0.0,0.0,0.30496237766333606,0.0,0.0,0.9659512984360735,-0.03473052396046694
2021-10-26,0.6950376223366639,0.0,0.0,0.0,0.0,0.30496237766333606,0.0,0.0,0.9659512984360735,-0.03473052396046694
2021-10-27,0.6864354270200772,0.0,0.0,0.0,0.0,0.31356457297992274,0.0,0.0,0.9659512984360735,-0.03473052396046694
2021-10-28,0.6756120582676308,0.0,0.0,0.0,0.0,0.3243879417323692,0.0,0.0,0.9659512984360735,-0.03473052396046694
2021-10-29,0.6754003229580742,0.0,0.0,0.0,0.0,0.3245996770419259,0.0,0.0,0.9659512984360735,-0.03473052396046694
2021-11-01,0.6746187940896868,0.0,0.0,0.0,0.0,0.32538120591031316,0.0,0.0,0.9659512984360735,-0.03473052396046694
2021-11-02,0.674292678698531,0.0,0.0,0.0,0.0,0.32570732130146884,0.0,0.0,0.9659512984360735,-0.03473052396046694
2021-11-03,0.6778136789840568,0.0,0.0,0.0,0.0,0.3221863210159433,0.0,0.0,0.9659512984360735,-0.03473052396046694
2021-11-04,0.6853095514735534,0.0,0.0,0.0,0.0,0.31469044852644656,0.0,0.0,0.9659512984360735,-0.03473052396046694
2021-11-05,0.6889580664740543,0.0,0.0,0.0,0.0,0.31104193352594567,0.0,0.0,0.9659512984360735,-0.03473052396046694
2021-11-08,0.6886483695639762,0.0,0.0,0.0,0.0,0.3113516304360239,0.0,0.0,0.9659512984360735,-0.03473052396046694
2021-11-09,0.6892824269187585,0.0,0.0,0.0,0.0,0.3107175730812415,0.0,0.0,0.9659512984360735,-0.03473052396046694
2021-11-10,0.686794474921293,0.0,0.0,0.0,0.0,0.3132055250787069,0.0,0.0,0.9659512984360735,-0.03473052396046694
2021-11-11,0.5972897133299357,0.0,0.0,0.0,0.0,0.4027102866700642,0.0,0.0,0.9659512984360735,-0.03473052396046694
2021-11-12,0.7199897246297198,0.0,0.0,0.0,0.0,0.2800102753702802,0.0,0.0,0.9659512984360735,-0.03473052396046694
2021-11-15,0.795605988880279,0.0,0.0,0.0,0.0,0.204394011119721,0.0,0.0,0.9659512984360735,-0.03473052396046694
2021-11-16,0.8183666605213882,0.0,0.0,0.0,0.0,0.18163333947861185,0.0,0.0,0.9659512984360735,-0.03473052396046694
2021-11-17,0.8294119609471492,0.0,0.0,0.0,0.0,0.1705880390528508,0.0,0.0,0.9659512984360735,-0.03473052396046694
2021-11-18,0.0,0.0,0.0,0.0,0.0,1.0,0.0,0.0,0.9659512984360735,-0.03473052396046694
2021-11-19,0.0,0.0,0.0,0.0,0.0,1.0,0.0,0.0,0.9659512984360735,-0.03473052396046694
2021-11-22,0.0,0.0,0.0,0.0,0.0,1.0,0.0,0.0,0.9659512984360735,-0.03473052396046694
2021-11-23,0.0,0.0,0.0,0.0,0.0,1.0,0.0,0.0,0.9659512984360735,-0.03473052396046694
2021-11-24,0.0,0.0,0.0,0.0,0.0,1.0,0.0,0.0,0.9659512984360735,-0.03473052396046694
2021-11-26,0.0,0.0,0.0,0.0,0.0,1.0,0.0,0.0,0.9659512984360735,-0.03473052396046694
2021-11-29,0.0,0.0,0.0,0.0,0.0,1.0,0.0,0.0,0.9659512984360735,-0.03473052396046694
2021-11-30,0.0,0.0,0.0,0.0,0.0,1.0,0.0,0.0,0.9659512984360735,-0.03473052396046694
2021-12-01,0.0,0.0,0.0,0.0,0.0,1.0,0.0,0.0,0.9659512984360735,-0.03473052396046694
2021-12-02,0.0,0.0,0.0,0.0,0.0,1.0,0.0,0.0,0.9659512984360735,-0.03473052396046694
2021-12-03,0.0,0.0,0.0,0.0,0.0,1.0,0.0,0.0,0.9659512984360735,-0.03473052396046694
2021-12-06,0.0,0.0,0.0,0.0,0.0,0.0,0.0,0.0,0.9659512984360735,-0.03473052396046694
2021-12-07,0.0,0.0,0.0,0.0,0.0,0.0,0.0,0.0,0.9659512984360735,-0.03473052396046694
2021-12-08,0.0,0.0,0.0,0.0,0.0,0.0,0.0,0.0,0.9659512984360735,-0.03473052396046694
2021-12-09,0.0,0.0,0.0,0.0,0.0,0.0,0.0,0.0,0.9659512984360735,-0.03473052396046694
2021-12-10,0.0,0.0,0.0,0.0,0.0,0.0,0.0,0.0,0.9659512984360735,-0.03473052396046694
2021-12-13,0.0,0.0,0.0,0.0,0.0,0.0,0.0,0.0,0.9659512984360735,-0.03473052396046694
2021-12-14,0.0,0.0,0.0,0.0,0.0,0.0,0.0,0.0,0.9659512984360735,-0.03473052396046694
2021-12-15,0.0,0.0,0.0,0.0,0.0,0.0,0.0,0.0,0.9659512984360735,-0.03473052396046694
2021-12-16,0.0,0.0,0.0,0.0,0.0,0.0,0.0,0.0,0.9659512984360735,-0.03473052396046694
2021-12-17,0.0,0.0,0.0,0.0,0.0,0.0,0.0,0.0,0.9659512984360735,-0.03473052396046694
2021-12-20,0.0,0.0,0.0,0.0,0.0,0.0,0.0,0.0,0.9659512984360735,-0.03473052396046694
2021-12-21,0.0,0.0,0.0,0.0,0.0,0.0,0.0,0.0,0.9659512984360735,-0.03473052396046694
2021-12-22,0.0,0.0,0.0,0.0,0.0,0.0,0.0,0.0,0.9659512984360735,-0.03473052396046694
2021-12-23,0.0,0.0,0.0,0.0,0.0,0.0,0.0,0.0,0.9659512984360735,-0.03473052396046694
2021-12-27,0.0,0.0,0.0,0.0,0.0,0.0,0.0,0.0,0.9659512984360735,-0.03473052396046694
2021-12-28,0.0,0.0,0.0,0.0,0.0,0.0,0.0,0.0,0.9659512984360735,-0.03473052396046694
2021-12-29,0.0,0.0,0.0,0.0,0.0,0.0,0.0,0.0,0.9659512984360735,-0.03473052396046694
2021-12-30,0.0,0.0,0.0,0.0,0.0,0.0,0.0,0.0,0.9659512984360735,-0.03473052396046694
2021-12-31,0.0,0.0,0.0,0.0,0.0,0.0,0.0,0.0,0.9659512984360735,-0.03473052396046694
2022-01-03,0.0,0.0,0.0,0.0,0.0,0.0,0.0,0.0,0.9659512984360735,-0.03473052396046694
2022-01-04,0.0,0.0,0.0,0.0,0.0,0.0,0.0,0.0,0.9659512984360735,-0.03473052396046694
2022-01-05,0.0,0.0,0.0,0.0,0.0,0.0,0.0,0.0,0.9659512984360735,-0.03473052396046694
2022-01-06,0.0,0.0,0.0,0.0,0.0,0.0,0.0,0.0,0.9659512984360735,-0.03473052396046694
2022-01-07,0.0,0.0,0.0,0.0,0.0,0.0,0.0,0.0,0.9659512984360735,-0.03473052396046694
2022-01-10,0.0,0.0,0.0,0.0,0.0,0.0,0.0,0.0,0.9659512984360735,-0.03473052396046694
2022-01-11,0.0,0.0,0.0,0.0,0.0,0.0,0.0,0.0,0.9659512984360735,-0.03473052396046694
2022-01-12,0.0,0.0,0.0,0.0,0.0,0.0,0.0,0.0,0.9659512984360735,-0.03473052396046694
2022-01-13,0.0,0.0,0.0,0.0,0.0,0.0,0.0,0.0,0.9659512984360735,-0.03473052396046694
2022-01-14,0.0,0.0,0.0,0.0,0.0,0.0,0.0,0.0,0.9659512984360735,-0.03473052396046694
2022-01-18,0.0,0.0,0.0,0.0,0.0,0.0,0.0,0.0,0.9659512984360735,-0.03473052396046694
2022-01-19,0.0,0.0,0.0,0.0,0.0,0.0,0.0,0.0,0.9659512984360735,-0.03473052396046694
2022-01-20,0.0,0.0,0.0,0.0,0.0,0.0,0.0,0.0,0.9659512984360735,-0.03473052396046694
2022-01-21,0.0,0.0,0.0,0.0,0.0,0.0,0.0,0.0,0.9659512984360735,-0.03473052396046694
2022-01-24,0.0,0.0,0.0,0.0,0.0,0.0,0.0,0.0,0.9659512984360735,-0.03473052396046694
2022-01-25,0.0,0.0,0.0,0.0,0.0,0.0,0.0,0.0,0.9659512984360735,-0.03473052396046694
2022-01-26,0.0,0.0,0.0,0.0,0.0,0.0,0.0,0.0,0.9659512984360735,-0.03473052396046694
2022-01-27,0.0,0.0,0.0,0.0,0.0,0.0,0.0,0.0,0.9659512984360735,-0.03473052396046694
2022-01-28,0.0,0.0,0.0,0.0,0.0,0.0,0.0,0.0,0.9659512984360735,-0.03473052396046694
2022-01-31,0.0,0.0,0.0,0.0,0.0,0.0,0.0,0.0,0.9659512984360735,-0.03473052396046694
2022-02-01,0.0,0.0,0.0,0.0,0.0,0.0,0.0,0.0,0.9659512984360735,-0.03473052396046694
2022-02-02,0.0,0.0,0.0,0.0,0.0,0.0,0.0,0.0,0.9659512984360735,-0.03473052396046694
2022-02-03,0.0,0.0,0.0,0.0,0.0,0.0,0.0,0.0,0.9659512984360735,-0.03473052396046694
2022-02-04,0.0,0.0,0.0,0.0,0.0,0.0,0.0,0.0,0.9659512984360735,-0.03473052396046694
2022-02-07,0.0,0.0,0.0,0.0,0.0,0.0,0.0,0.0,0.9659512984360735,-0.03473052396046694
2022-02-08,0.0,0.0,0.0,0.0,0.0,0.0,0.0,0.0,0.9659512984360735,-0.03473052396046694
2022-02-09,0.0,0.0,0.0,0.0,0.0,0.0,0.0,0.0,0.9659512984360735,-0.03473052396046694
2022-02-10,0.0,0.0,0.0,0.0,0.0,0.0,0.0,0.0,0.9659512984360735,-0.03473052396046694
2022-02-11,0.0,0.0,0.0,0.0,0.0,0.0,0.0,0.0,0.9659512984360735,-0.03473052396046694
2022-02-14,0.0,0.0,0.0,0.0,0.0,0.0,0.0,0.0,0.9659512984360735,-0.03473052396046694
2022-02-15,0.0,0.0,0.0,0.0,0.0,0.0,0.0,0.0,0.9659512984360735,-0.03473052396046694
2022-02-16,0.0,0.0,0.0,0.0,0.0,0.0,0.0,0.0,0.9659512984360735,-0.03473052396046694
2022-02-17,0.0,0.0,0.0,0.0,0.0,0.0,0.0,0.0,0.9659512984360735,-0.03473052396046694
2022-02-18,0.0,0.0,0.0,0.0,0.0,0.0,0.0,0.0,0.9659512984360735,-0.03473052396046694
2022-02-22,0.0,0.0,0.0,0.0,0.0,0.0,0.0,0.0,0.9659512984360735,-0.03473052396046694
2022-02-23,0.0,0.0,0.0,0.0,0.0,0.0,0.0,0.0,0.9659512984360735,-0.03473052396046694
2022-02-24,0.0,0.0,0.0,0.0,0.0,0.0,0.0,0.0,0.9659512984360735,-0.03473052396046694
2022-02-25,0.0,0.0,0.0,0.0,0.0,0.0,0.0,0.0,0.9659512984360735,-0.03473052396046694
2022-02-28,0.0,0.0,0.0,0.0,0.0,0.0,0.0,0.0,0.9659512984360735,-0.03473052396046694
2022-03-01,0.0,0.0,0.0,0.0,0.0,0.0,0.0,0.0,0.9659512984360735,-0.03473052396046694
2022-03-02,0.0,0.0,0.0,0.0,0.0,0.0,0.0,0.0,0.9659512984360735,-0.03473052396046694
2022-03-03,0.0,0.0,0.0,0.0,0.0,0.0,0.0,0.0,0.9659512984360735,-0.03473052396046694
2022-03-04,0.0,0.0,0.0,0.0,0.0,0.0,0.0,0.0,0.9659512984360735,-0.03473052396046694
2022-03-07,0.0,0.0,0.0,0.0,0.0,0.0,0.0,0.0,0.9659512984360735,-0.03473052396046694
2022-03-08,0.0,0.0,0.0,0.0,0.0,0.0,0.0,0.0,0.9659512984360735,-0.03473052396046694
2022-03-09,0.0,0.0,0.0,0.0,0.0,0.0,0.0,0.0,0.9659512984360735,-0.03473052396046694
2022-03-10,0.0,0.0,0.0,0.0,0.0,0.0,0.0,0.0,0.9659512984360735,-0.03473052396046694
2022-03-11,0.0,0.0,0.0,0.0,0.0,0.0,0.0,0.0,0.9659512984360735,-0.03473052396046694
2022-03-14,0.0,0.0,0.0,0.0,0.0,0.0,0.0,0.0,0.9659512984360735,-0.03473052396046694
2022-03-15,0.0,0.0,0.0,0.0,0.0,0.0,0.0,0.0,0.9659512984360735,-0.03473052396046694
2022-03-16,0.0,0.0,0.0,0.0,0.0,0.0,0.0,0.0,0.9659512984360735,-0.03473052396046694
2022-03-17,0.0,0.0,0.0,0.0,0.0,0.0,0.0,0.0,0.9659512984360735,-0.03473052396046694
2022-03-18,0.0,0.0,0.0,0.0,0.0,0.0,0.0,0.0,0.9659512984360735,-0.03473052396046694
2022-03-21,1.0,0.0,0.0,0.0,0.0,0.0,0.0,-0.007325675045645788,0.9588750531138113,-0.04180177447341327
2022-03-22,1.0,0.0,0.0,0.0,0.0,0.0,0.0,-0.0009999999999999998,0.9579161780606975,-0.04275997269893983
2022-03-23,1.0,0.0,0.0,0.0,0.0,0.0,0.0,0.0043248384348569865,0.9620590107649458,-0.03862006423748454
2022-03-24,1.0,0.0,0.0,0.0,0.0,0.0,0.0,-0.008023112809599851,0.9543403027920866,-0.04633332391499301
2022-03-25,1.0,0.0,0.0,0.0,0.0,0.0,0.0,-0.007641499498205746,0.9470477118471834,-0.05362076734175214
2022-03-28,1.0,0.0,0.0,0.0,0.0,0.0,0.0,-0.0054143319683638905,0.9419200811453633,-0.058744778675329345
2022-03-29,1.0,0.0,0.0,0.0,0.0,0.0,0.0,-0.001980659714394334,0.9400544579864597,-0.06060908497317041
2022-03-30,1.0,0.0,0.0,0.0,0.0,0.0,0.0,-0.0008981593563605144,0.9392101392795308,-0.06145280771278183
2022-03-31,1.0,0.0,0.0,0.0,0.0,0.0,0.0,0.0026357145457109655,0.9416856291051091,-0.058979065226234195
2022-04-01,1.0,0.0,0.0,0.0,0.0,0.0,0.0,-0.01115382494501352,0.9311822324448358,-0.06947504800229376
2022-04-04,1.0,0.0,0.0,0.0,0.0,0.0,0.0,0.0044046972540876675,0.9352838082671407,-0.06537636730136942
2022-04-05,1.0,0.0,0.0,0.0,0.0,0.0,0.0,0.0010778960297618185,0.9362919469707723,-0.06436894019836203
2022-04-06,1.0,0.0,0.0,0.0,0.0,0.0,0.0,-0.0073213959661178885,0.9294369828871119,-0.0712190656653684
2022-04-07,1.0,0.0,0.0,0.0,0.0,0.0,0.0,-0.004772497496296953,0.9250012472133173,-0.0756516703490887
2022-04-08,1.0,0.0,0.0,0.0,0.0,0.0,0.0,-0.005202252668644974,0.920189157006502,-0.08046036391377265
2022-04-11,1.0,0.0,0.0,0.0,0.0,0.0,0.0,-7.037302082672192e-05,0.9201244005157915,-0.08052507469573389
2022-04-12,1.0,0.0,0.0,0.0,0.0,0.0,0.0,-0.01015835645193904,0.9107774488752253,-0.08986542873559478
2022-04-13,1.0,0.0,0.0,0.0,0.0,0.0,0.0,-0.002575983729515022,0.9084313009857135,-0.09220992058284105
2022-04-14,1.0,0.0,0.0,0.0,0.0,0.0,0.0,-0.001,0.9075228696847277,-0.09311771066225816
2022-04-18,1.0,0.0,0.0,0.0,0.0,0.0,0.0,0.0,0.9075228696847277,-0.09311771066225816
2022-04-19,1.0,0.0,0.0,0.0,0.0,0.0,0.0,0.0,0.9075228696847277,-0.09311771066225816
2022-04-20,1.0,0.0,0.0,0.0,0.0,0.0,0.0,0.0,0.9075228696847277,-0.09311771066225816
2022-04-21,1.0,0.0,0.0,0.0,0.0,0.0,0.0,0.0,0.9075228696847277,-0.09311771066225816
2022-04-22,1.0,0.0,0.0,0.0,0.0,0.0,0.0,0.0,0.9075228696847277,-0.09311771066225816
2022-04-25,1.0,0.0,0.0,0.0,0.0,0.0,0.0,0.0,0.9075228696847277,-0.09311771066225816
2022-04-26,1.0,0.0,0.0,0.0,0.0,0.0,0.0,0.0,0.9075228696847277,-0.09311771066225816
2022-04-27,1.0,0.0,0.0,0.0,0.0,0.0,0.0,0.0,0.9075228696847277,-0.09311771066225816
2022-04-28,1.0,0.0,0.0,0.0,0.0,0.0,0.0,0.0,0.9075228696847277,-0.09311771066225816
2022-04-29,1.0,0.0,0.0,0.0,0.0,0.0,0.0,0.0,0.9075228696847277,-0.09311771066225816
2022-05-02,1.0,0.0,0.0,0.0,0.0,0.0,0.0,0.0,0.9075228696847277,-0.09311771066225816
2022-05-03,1.0,0.0,0.0,0.0,0.0,0.0,0.0,0.0,0.9075228696847277,-0.09311771066225816
2022-05-04,1.0,0.0,0.0,0.0,0.0,0.0,0.0,0.0,0.9075228696847277,-0.09311771066225816
2022-05-05,1.0,0.0,0.0,0.0,0.0,0.0,0.0,0.0,0.9075228696847277,-0.09311771066225816
2022-05-06,1.0,0.0,0.0,0.0,0.0,0.0,0.0,0.0,0.9075228696847277,-0.09311771066225816
2022-05-09,1.0,0.0,0.0,0.0,0.0,0.0,0.0,0.0,0.9075228696847277,-0.09311771066225816
2022-05-10,1.0,0.0,0.0,0.0,0.0,0.0,0.0,0.0,0.9075228696847277,-0.09311771066225816
2022-05-11,1.0,0.0,0.0,0.0,0.0,0.0,0.0,0.0,0.9075228696847277,-0.09311771066225816
2022-05-12,0.22785710609446888,0.0,0.7721428939055311,0.0,0.0,0.0,0.0,0.00011604981588140278,0.9076281875466629,-0.09301246713955436
2022-05-13,0.2278339826864793,0.0,0.7721660173135207,0.0,0.0,0.0,0.0,-0.0017942987321199668,0.9059996314405115,-0.09463987371981453
2022-05-16,0.23846755425406194,0.0,0.7615324457459381,0.0,0.0,0.0,0.0,0.0003644175075108277,0.9063297935680068,-0.09430994463919584
2022-05-17,0.2387288671285002,0.0,0.7612711328714998,0.0,0.0,0.0,0.0,0.002872181346734344,0.9089329370950824,-0.09170863855626576
2022-05-18,0.2599786500916483,0.0,0.7400213499083517,0.0,0.0,0.0,0.0,-0.004763596362233805,0.9046031474624218,-0.09603537198148748
2022-05-19,0.3109196610086429,0.0,0.689080338991357,0.0,0.0,0.0,0.0,-0.0013110995025474043,0.903417122725781,-0.09722055955560294
2022-05-20,0.3145462952848419,0.0,0.6854537047151581,0.0,0.0,0.0,0.0,-0.0007452028794250011,0.9027438936846038,-0.0978933133941079
2022-05-23,0.31568048738162685,0.0,0.6843195126183732,0.0,0.0,0.0,0.0,0.004014304540126552,0.9063677825955936,-0.09427198242638724
2022-05-24,0.3446464633201562,0.0,0.6553535366798439,0.0,0.0,0.0,0.0,-0.001532536014907876,0.9049787413260136,-0.0956600432330299
2022-05-25,0.34902207658775,0.0,0.65097792341225,0.0,0.0,0.0,0.0,-0.001563225024093325,0.9035640559113003,-0.09707373008373554
2022-05-26,0.35334332581091227,0.0,0.6466566741890877,0.0,0.0,0.0,0.0,0.003476489848027717,0.9067052871787187,-0.09393471607285409
2022-05-27,0.3722898882048108,0.0,0.6277101117951893,0.0,0.0,0.0,0.0,0.00034457123211501124,0.9070177117366871,-0.09362251204159466
2022-05-31,0.37240604822404794,0.0,0.6275939517759521,0.0,0.0,0.0,0.0,-0.0012023387981661242,0.9059271691512423,-0.09471228486115135
2022-06-01,0.3748950839762055,0.0,0.6251049160237945,0.0,0.0,0.0,0.0,-0.0028743378181783647,0.9033232284284356,-0.0973143875771072
2022-06-02,0.3874510332885954,0.0,0.6125489667114046,0.0,0.0,0.0,0.0,0.0031470106197863633,0.9061659962213996,-0.094473626368484
2022-06-03,0.4011810525770922,0.0,0.5988189474229079,0.0,0.0,0.0,0.0,0.0004669466116848223,0.9065891273629593,-0.09405079389652549
2022-06-06,0.40141367652910837,0.0,0.5985863234708917,0.0,0.0,0.0,0.0,-0.0013850493607357635,0.9053334566716552,-0.09530557826529817
2022-06-07,0.40425718166590047,0.0,0.5957428183340995,0.0,0.0,0.0,0.0,-0.0006740953703740773,0.904723175579868,-0.09591542858659274
2022-06-08,0.40494186281458283,0.0,0.5950581371854171,0.0,0.0,0.0,0.0,-0.00020356313774440304,0.904539007291457,-0.09609946687873594
2022-06-09,0.40501217956209884,0.0,0.5949878204379012,0.0,0.0,0.0,0.0,-0.0007969420495494818,0.9038181421210887,-0.09681982322219052
2022-06-10,0.40591871425832754,0.0,0.5940812857416724,0.0,0.0,0.0,0.0,0.0011457113236041732,0.9048536568009957,-0.09578503946640127
2022-06-13,0.40765588409345577,0.0,0.5923441159065441,0.0,0.0,0.0,0.0,0.0008844215996900036,0.9056539289196289,-0.09498533222454264
2022-06-14,0.40863622309053504,0.0,0.5913637769094648,0.0,0.0,0.0,0.0,-1.2091982384918517e-05,0.9056429777682736,-0.09499627564596347
2022-06-15,0.4086539118639944,0.0,0.5913460881360056,0.0,0.0,0.0,0.0,0.0015131481222538919,0.9070133497395161,-0.09362687095982436
2022-06-16,0.420857152329406,0.0,0.5791428476705939,0.0,0.0,0.0,0.0,0.0025695552893935636,0.9093439706898899,-0.09129789509193487
2022-06-17,0.42898359753249304,0.0,0.571016402467507,0.0,0.0,0.0,0.0,-0.00010985311527717894,0.9092440764218511,-0.09139771884901793
2022-06-21,0.43587446409470815,0.0,0.5641255359052919,0.0,0.0,0.0,0.0,0.0012495317170785666,0.9103802057339061,-0.09026239148050985
2022-06-22,0.4515922460559222,0.0,0.5484077539440779,0.0,0.0,0.0,0.0,0.00013858087591028752,0.910506367020228,-0.09013631924587273
2022-06-23,0.46629234435921224,0.0,0.5337076556407878,0.0,0.0,0.0,0.0,0.0036545444774019865,0.913833853035461,-0.0868111819561842
2022-06-24,0.4916641834469213,0.0,0.5083358165530786,0.0,0.0,0.0,0.0,-0.0005083358165530786,0.9133693185575844,-0.08727538853967165
2022-06-27,0.4928562115950512,0.0,0.5071437884049488,0.0,0.0,0.0,0.0,0.0,0.9133693185575844,-0.08727538853967165
2022-06-28,0.4927737440523906,0.0,0.5072262559476094,0.0,0.0,0.0,0.0,0.0,0.9133693185575844,-0.08727538853967165
2022-06-29,0.49645394395425585,0.0,0.5035460560457441,0.0,0.0,0.0,0.0,0.0,0.9133693185575844,-0.08727538853967165
2022-06-30,0.5473144150755499,0.0,0.45268558492445016,0.0,0.0,0.0,0.0,0.0,0.9133693185575844,-0.08727538853967165
2022-07-01,0.5610027692602761,0.0,0.43899723073972385,0.0,0.0,0.0,0.0,-0.001657861038985326,0.9118550791501432,-0.08878855911233474
2022-07-05,0.5684276927563614,0.0,0.43157230724363854,0.0,0.0,0.0,0.0,-0.0010703417895589495,0.9108790825529072,-0.08976386679664106
2022-07-06,0.6037369387820264,0.0,0.3962630612179737,0.0,0.0,0.0,0.0,-0.00016369520116415057,0.9107299760182525,-0.08991286808357268
2022-07-07,0.6201277638460196,0.0,0.3798722361539803,0.0,0.0,0.0,0.0,0.0004727596070511935,0.9111605323638446,-0.08948261564870541
2022-07-08,0.644044149083389,0.0,0.3559558509166109,0.0,0.0,0.0,0.0,-0.0012540164948584784,0.9100179220267963,-0.09062441946753741
2022-07-11,0.6484183742299998,0.0,0.3515816257700002,0.0,0.0,0.0,0.0,-0.0009246872599691045,0.9091764400479546,-0.09146530748138271
2022-07-12,0.8765172591247775,0.0,0.12348274087522258,0.0,0.0,0.0,0.0,-0.00014185190112825843,0.9090474716414728,-0.09159418485475745
2022-07-13,0.9513231270991866,0.0,0.04867687290081333,0.0,0.0,0.0,0.0,0.00012226820136388382,0.9091586192407849,-0.09148311570963108
2022-07-14,0.0,0.0,1.0,0.0,0.0,0.0,0.0,-0.0026521649505031873,0.9067473806163867,-0.09389265234708621
2022-07-15,0.0,0.0,1.0,0.0,0.0,0.0,0.0,-0.0012383936845037232,0.9056244703867911,-0.09501476996390212
2022-07-18,0.0,0.0,1.0,0.0,0.0,0.0,0.0,0.005539096287507625,0.9106408115285867,-0.09000196963595986
2022-07-19,0.0,0.0,1.0,0.0,0.0,0.0,0.0,-0.0052612241506970825,0.9058497260983621,-0.09478967325039789
2022-07-20,0.0,0.0,1.0,0.0,0.0,0.0,0.0,0.0018825534031450637,0.9075550365829665,-0.0930855664692134
2022-07-21,0.0,0.0,1.0,0.0,0.0,0.0,0.0,-0.0002707114310786851,0.9073093510602305,-0.09333107857338041
2022-07-22,0.0,0.0,1.0,0.0,0.0,0.0,0.0,0.0026615143737017204,0.9097241679394712,-0.09091796620681492
2022-07-25,0.0,0.0,1.0,0.0,0.0,0.0,0.0,-0.0011098783832046788,0.9087144847507963,-0.09192693670468177
2022-07-26,0.0,0.0,1.0,0.0,0.0,0.0,0.0,0.0009585421087654349,0.909585525849275,-0.09105651043567764
2022-07-27,0.0,0.0,1.0,0.0,0.0,0.0,0.0,0.007882922354829618,0.9167557179246216,-0.08389137948251424
2022-07-28,0.0,0.0,1.0,0.0,0.0,0.0,0.0,0.009266518160809775,0.9252508514337964,-0.07540224231321457
2022-07-29,0.0,0.0,1.0,0.0,0.0,0.0,0.0,-0.00039601734011060236,0.9248844360526765,-0.0757683990578859
2022-08-01,0.0,0.0,1.0,0.0,0.0,0.0,0.0,-0.0020278574762906255,0.9230089022343222,-0.07764260901968045
2022-08-02,0.0,0.0,1.0,0.0,0.0,0.0,0.0,0.011695409912969003,0.9338038696992721,-0.06685526124590901
2022-08-03,0.0,0.0,1.0,0.0,0.0,0.0,0.0,0.00029282448043262187,0.9340773103322427,-0.06658201362261496
2022-08-04,0.0,0.0,1.0,0.0,0.0,0.0,0.0,-0.01114578428161394,0.9236662861289294,-0.07698568914335568
2022-08-05,0.0,0.0,1.0,0.0,0.0,0.0,0.0,-0.001,0.9227426198428005,-0.0779087034542123
2022-08-08,0.0,0.0,1.0,0.0,0.0,0.0,0.0,0.0,0.9227426198428005,-0.0779087034542123
2022-08-09,0.0,0.0,1.0,0.0,0.0,0.0,0.0,0.0,0.9227426198428005,-0.0779087034542123
2022-08-10,0.0,0.0,1.0,0.0,0.0,0.0,0.0,0.0,0.9227426198428005,-0.0779087034542123
2022-08-11,0.0,0.0,1.0,0.0,0.0,0.0,0.0,0.0,0.9227426198428005,-0.0779087034542123
2022-08-12,0.0,0.0,1.0,0.0,0.0,0.0,0.0,0.0,0.9227426198428005,-0.0779087034542123
2022-08-15,0.0,0.0,1.0,0.0,0.0,0.0,0.0,0.0,0.9227426198428005,-0.0779087034542123
2022-08-16,0.0,0.0,1.0,0.0,0.0,0.0,0.0,0.0,0.9227426198428005,-0.0779087034542123
2022-08-17,0.0,0.0,1.0,0.0,0.0,0.0,0.0,0.0,0.9227426198428005,-0.0779087034542123
2022-08-18,0.0,0.0,1.0,0.0,0.0,0.0,0.0,0.0,0.9227426198428005,-0.0779087034542123
2022-08-19,0.0,0.0,1.0,0.0,0.0,0.0,0.0,0.0,0.9227426198428005,-0.0779087034542123
2022-08-22,0.0,0.0,1.0,0.0,0.0,0.0,0.0,0.0,0.9227426198428005,-0.0779087034542123
2022-08-23,0.0,0.0,1.0,0.0,0.0,0.0,0.0,0.0,0.9227426198428005,-0.0779087034542123
2022-08-24,0.0,0.0,1.0,0.0,0.0,0.0,0.0,0.0,0.9227426198428005,-0.0779087034542123
2022-08-25,0.0,0.0,1.0,0.0,0.0,0.0,0.0,0.0,0.9227426198428005,-0.0779087034542123
2022-08-26,0.0,0.0,1.0,0.0,0.0,0.0,0.0,0.0,0.9227426198428005,-0.0779087034542123
2022-08-29,0.0,0.0,1.0,0.0,0.0,0.0,0.0,0.0,0.9227426198428005,-0.0779087034542123
2022-08-30,0.0,0.0,1.0,0.0,0.0,0.0,0.0,0.0,0.9227426198428005,-0.0779087034542123
2022-08-31,0.0,0.0,1.0,0.0,0.0,0.0,0.0,0.0,0.9227426198428005,-0.0779087034542123
2022-09-01,0.0,0.0,1.0,0.0,0.0,0.0,0.0,0.0,0.9227426198428005,-0.0779087034542123
2022-09-02,0.0,0.0,1.0,0.0,0.0,0.0,0.0,0.0,0.9227426198428005,-0.0779087034542123
2022-09-06,0.0,0.0,1.0,0.0,0.0,0.0,0.0,0.0,0.9227426198428005,-0.0779087034542123
2022-09-07,0.0,0.0,1.0,0.0,0.0,0.0,0.0,0.0,0.9227426198428005,-0.0779087034542123
2022-09-08,0.0,0.0,1.0,0.0,0.0,0.0,0.0,0.0,0.9227426198428005,-0.0779087034542123
2022-09-09,0.0,0.0,1.0,0.0,0.0,0.0,0.0,0.0,0.9227426198428005,-0.0779087034542123
2022-09-12,0.0,0.0,1.0,0.0,0.0,0.0,0.0,0.0,0.9227426198428005,-0.0779087034542123
2022-09-13,0.0,0.0,1.0,0.0,0.0,0.0,0.0,0.0,0.9227426198428005,-0.0779087034542123
2022-09-14,0.0,0.0,1.0,0.0,0.0,0.0,0.0,0.0,0.9227426198428005,-0.0779087034542123
2022-09-15,0.0,0.0,1.0,0.0,0.0,0.0,0.0,0.0,0.9227426198428005,-0.0779087034542123
2022-09-16,0.0,0.0,1.0,0.0,0.0,0.0,0.0,0.0,0.9227426198428005,-0.0779087034542123
2022-09-19,0.0,0.0,1.0,0.0,0.0,0.0,0.0,0.0,0.9227426198428005,-0.0779087034542123
2022-09-20,0.0,0.0,1.0,0.0,0.0,0.0,0.0,0.0,0.9227426198428005,-0.0779087034542123
2022-09-21,0.0,0.0,1.0,0.0,0.0,0.0,0.0,0.0,0.9227426198428005,-0.0779087034542123
2022-09-22,0.0,0.0,1.0,0.0,0.0,0.0,0.0,0.0,0.9227426198428005,-0.0779087034542123
2022-09-23,0.0,0.0,1.0,0.0,0.0,0.0,0.0,0.0,0.9227426198428005,-0.0779087034542123
2022-09-26,0.0,0.0,1.0,0.0,0.0,0.0,0.0,0.0,0.9227426198428005,-0.0779087034542123
2022-09-27,0.0,0.0,1.0,0.0,0.0,0.0,0.0,0.0,0.9227426198428005,-0.0779087034542123
2022-09-28,0.0,0.0,1.0,0.0,0.0,0.0,0.0,0.0,0.9227426198428005,-0.0779087034542123
2022-09-29,0.0,0.0,1.0,0.0,0.0,0.0,0.0,0.0,0.9227426198428005,-0.0779087034542123
2022-09-30,0.0,0.0,1.0,0.0,0.0,0.0,0.0,0.0,0.9227426198428005,-0.0779087034542123
2022-10-03,0.0,0.0,1.0,0.0,0.0,0.0,0.0,0.0,0.9227426198428005,-0.0779087034542123
2022-10-04,0.0,0.0,1.0,0.0,0.0,0.0,0.0,0.0,0.9227426198428005,-0.0779087034542123
2022-10-05,0.0,0.0,1.0,0.0,0.0,0.0,0.0,0.0,0.9227426198428005,-0.0779087034542123
2022-10-06,0.0,0.0,1.0,0.0,0.0,0.0,0.0,0.0,0.9227426198428005,-0.0779087034542123
2022-10-07,0.0,0.0,1.0,0.0,0.0,0.0,0.0,0.0,0.9227426198428005,-0.0779087034542123
2022-10-10,0.0,0.0,1.0,0.0,0.0,0.0,0.0,0.0,0.9227426198428005,-0.0779087034542123
2022-10-11,0.0,0.0,1.0,0.0,0.0,0.0,0.0,0.0,0.9227426198428005,-0.0779087034542123
2022-10-12,0.0,0.0,1.0,0.0,0.0,0.0,0.0,0.0,0.9227426198428005,-0.0779087034542123
2022-10-13,0.0,0.0,1.0,0.0,0.0,0.0,0.0,0.0,0.9227426198428005,-0.0779087034542123
2022-10-14,0.0,0.0,1.0,0.0,0.0,0.0,0.0,0.0,0.9227426198428005,-0.0779087034542123
2022-10-17,0.0,0.0,1.0,0.0,0.0,0.0,0.0,0.0,0.9227426198428005,-0.0779087034542123
2022-10-18,0.0,0.0,1.0,0.0,0.0,0.0,0.0,0.0,0.9227426198428005,-0.0779087034542123
2022-10-19,0.0,0.0,1.0,0.0,0.0,0.0,0.0,0.0,0.9227426198428005,-0.0779087034542123
2022-10-20,0.0,0.0,1.0,0.0,0.0,0.0,0.0,0.0,0.9227426198428005,-0.0779087034542123
2022-10-21,0.0,0.0,1.0,0.0,0.0,0.0,0.0,0.0,0.9227426198428005,-0.0779087034542123
2022-10-24,0.0,0.7443013348379152,0.25569866516208484,0.0,0.0,0.0,0.0,0.0025560035951544676,0.9251011532965209,-0.07555183478518068
2022-10-25,0.0,0.7117076979989018,0.28829230200109823,0.0,0.0,0.0,0.0,-0.006201385046358336,0.919364244838099,-0.08128469381307735
2022-10-26,0.0,0.5987764534676172,0.4012235465323829,0.0,0.0,0.0,0.0,-0.0006125308217126918,0.9188011059017551,-0.08184743525449589
2022-10-27,0.9057900003627515,0.04755752380104512,0.0466524758362033,0.0,0.0,0.0,0.0,0.0013931919284849404,0.9200811721863804,-0.0805682725121748
2022-10-28,0.766778887962781,0.11764099150534096,0.11558012053187794,0.0,0.0,0.0,0.0,0.00011107138293516049,0.9201833668745877,-0.0804661499586884
2022-10-31,0.32110445232710244,0.04716631168642437,0.6317292359864731,0.0,0.0,0.0,0.0,-0.00010734906925848776,0.9200845860466066,-0.08056486106164196
2022-11-01,0.8733866994265358,0.12661330057346415,0.0,0.0,0.0,0.0,0.0,9.384847161331542e-05,0.920170934578762,-0.08047857347910503
2022-11-02,0.8736071082301032,0.12639289176989668,0.0,0.0,0.0,0.0,0.0,0.0001548107568501186,0.9203133869375756,-0.08033622167112542
2022-11-03,0.8741345203705748,0.12586547962942526,0.0,0.0,0.0,0.0,0.0,-0.000188839196167309,0.9201395956973643,-0.08050989023976929
2022-11-04,0.8747116993985027,0.12528830060149732,0.0,0.0,0.0,0.0,0.0,-0.00020700086897880177,0.919949126001473,-0.08070022549150713
2022-11-07,0.875385467167208,0.12461453283279203,0.0,0.0,0.0,0.0,0.0,-0.00010380814052278894,0.9198536277933272,-0.08079565629168184
2022-11-08,0.8755139153571968,0.12448608464280315,0.0,0.0,0.0,0.0,0.0,0.0002782499329220887,0.9201095770035589,-0.08053988774470333
2022-11-09,0.33881440147711894,0.047471758765462835,0.0,0.0,0.0,0.0,0.6137138397574181,-0.0027908521012015024,0.9175416872572428,-0.083105964930962
2022-11-10,0.6422193696474515,0.08994116476536693,0.0,0.0,0.0,0.0,0.26783946558718147,-0.000557836360922504,0.9170298491414285,-0.08361744176283659
2022-11-11,0.6469251696122561,0.08846478335176666,0.0,0.0,0.0,0.0,0.26461004703597735,-4.9195436621786895e-05,0.9169847354576048,-0.0836625236029016
2022-11-14,0.6469415352630647,0.08844172370320731,0.0,0.0,0.0,0.0,0.264616741033728,9.62253955698658e-05,0.9170729726765058,-0.08357434866675972
2022-11-15,0.6471582964428254,0.08813630128615625,0.0,0.0,0.0,0.0,0.2647054022710183,-0.00010247481003227755,0.916978995797845,-0.08366825921128884
2022-11-16,0.6472909479378746,0.08794939170996705,0.0,0.0,0.0,0.0,0.2647596603521583,0.000319727723232897,0.917272179404424,-0.08337528255008031
2022-11-17,0.6491735251519507,0.08529678904539849,0.0,0.0,0.0,0.0,0.26552968580265074,-7.733802647847585e-05,0.9172012393843252,-0.08344617249674935
2022-11-18,0.6492478879866306,0.08519200978219395,0.0,0.0,0.0,0.0,0.2655601022311755,-7.64624570850296e-05,0.9171311079239204,-0.08351625445445099
2022-11-21,0.6493168324001732,0.08509486522222431,0.0,0.0,0.0,0.0,0.2655883023776025,3.6880207664619854e-05,0.9171649319096363,-0.08348245434359391
2022-11-22,0.649355889601215,0.08503983256020138,0.0,0.0,0.0,0.0,0.2656042778385835,-1.1696486010110332e-05,0.9171542043028413,-0.08349317437824466
2022-11-23,0.6493533616212243,0.0850433945529895,0.0,0.0,0.0,0.0,0.2656032438257862,0.00020120909919130452,0.9173387440741088,-0.08330876486545857
2022-11-25,0.6501081158554569,0.08397992524195651,0.0,0.0,0.0,0.0,0.2659119589025865,-9.14980840985205e-06,0.9173303506003536,-0.08331715241463089
2022-11-28,0.6501067916235678,0.08398179112082269,0.0,0.0,0.0,0.0,0.2659114172556095,0.00011703728426324814,0.91743771245336,-0.08320986634361893
2022-11-29,0.6503689992579137,0.08361233340916244,0.0,0.0,0.0,0.0,0.2660186673329238,-0.00040767334115680864,0.917063697555821,-0.08358361724054619
2022-11-30,0.6528620755588402,0.08009952087251675,0.0,0.0,0.0,0.0,0.26703840356864306,-0.00026723210648157655,0.9168186286921453,-0.08382851312092532
2022-12-01,0.6538533022562123,0.07870285540828989,0.0,0.0,0.0,0.0,0.2674438423354979,7.062084374124601e-06,0.9168251033426569,-0.08382204304058372
2022-12-02,0.6538579407127796,0.07869631969641681,0.0,0.0,0.0,0.0,0.2674457395908036,-7.869631969641682e-05,0.9167529525812186,-0.08389414287398345
2022-12-05,0.6539113983113487,0.07862099648133396,0.0,0.0,0.0,0.0,0.26746760520731727,0.0,0.9167529525812186,-0.08389414287398345
2022-12-06,0.6539113983113487,0.07862099648133396,0.0,0.0,0.0,0.0,0.26746760520731727,0.0,0.9167529525812186,-0.08389414287398345
2022-12-07,0.6539113983113487,0.07862099648133396,0.0,0.0,0.0,0.0,0.26746760520731727,0.0,0.9167529525812186,-0.08389414287398345
2022-12-08,0.6539113983113487,0.07862099648133396,0.0,0.0,0.0,0.0,0.26746760520731727,0.0,0.9167529525812186,-0.08389414287398345
2022-12-09,0.6539113983113487,0.07862099648133396,0.0,0.0,0.0,0.0,0.26746760520731727,0.0,0.9167529525812186,-0.08389414287398345
2022-12-12,0.6539113983113487,0.07862099648133396,0.0,0.0,0.0,0.0,0.26746760520731727,0.0,0.9167529525812186,-0.08389414287398345
2022-12-13,0.6539113983113487,0.07862099648133396,0.0,0.0,0.0,0.0,0.26746760520731727,0.0,0.9167529525812186,-0.08389414287398345
2022-12-14,0.6539113983113487,0.07862099648133396,0.0,0.0,0.0,0.0,0.26746760520731727,0.0,0.9167529525812186,-0.08389414287398345
2022-12-15,0.6539113983113487,0.07862099648133396,0.0,0.0,0.0,0.0,0.26746760520731727,0.0,0.9167529525812186,-0.08389414287398345
2022-12-16,0.6539113983113487,0.07862099648133396,0.0,0.0,0.0,0.0,0.26746760520731727,0.0,0.9167529525812186,-0.08389414287398345
2022-12-19,0.6539113983113487,0.07862099648133396,0.0,0.0,0.0,0.0,0.26746760520731727,0.0,0.9167529525812186,-0.08389414287398345
2022-12-20,0.6539113983113487,0.07862099648133396,0.0,0.0,0.0,0.0,0.26746760520731727,0.0,0.9167529525812186,-0.08389414287398345
2022-12-21,0.6539113983113487,0.07862099648133396,0.0,0.0,0.0,0.0,0.26746760520731727,0.0,0.9167529525812186,-0.08389414287398345
2022-12-22,0.6539113983113487,0.07862099648133396,0.0,0.0,0.0,0.0,0.26746760520731727,0.0,0.9167529525812186,-0.08389414287398345
2022-12-23,0.6539113983113487,0.07862099648133396,0.0,0.0,0.0,0.0,0.26746760520731727,0.0,0.9167529525812186,-0.08389414287398345
2022-12-27,0.6539113983113487,0.07862099648133396,0.0,0.0,0.0,0.0,0.26746760520731727,0.0,0.9167529525812186,-0.08389414287398345
2022-12-28,0.6539113983113487,0.07862099648133396,0.0,0.0,0.0,0.0,0.26746760520731727,0.0,0.9167529525812186,-0.08389414287398345
2022-12-29,0.6539113983113487,0.07862099648133396,0.0,0.0,0.0,0.0,0.26746760520731727,0.0,0.9167529525812186,-0.08389414287398345
2022-12-30,0.6539113983113487,0.07862099648133396,0.0,0.0,0.0,0.0,0.26746760520731727,0.0,0.9167529525812186,-0.08389414287398345
2023-01-03,0.6539113983113487,0.07862099648133396,0.0,0.0,0.0,0.0,0.26746760520731727,0.0,0.9167529525812186,-0.08389414287398345
2023-01-04,0.6539113983113487,0.07862099648133396,0.0,0.0,0.0,0.0,0.26746760520731727,0.0,0.9167529525812186,-0.08389414287398345
2023-01-05,0.6539113983113487,0.07862099648133396,0.0,0.0,0.0,0.0,0.26746760520731727,0.0,0.9167529525812186,-0.08389414287398345
2023-01-06,0.6539113983113487,0.07862099648133396,0.0,0.0,0.0,0.0,0.26746760520731727,0.0,0.9167529525812186,-0.08389414287398345
2023-01-09,0.6539113983113487,0.07862099648133396,0.0,0.0,0.0,0.0,0.26746760520731727,0.0007526417809515925,0.917442939156142,-0.08320464333013589
2023-01-10,0.6198907419022575,0.08634947379835953,0.0,0.0,0.0,0.0,0.293759784299383,-0.0006198907419022575,0.9168742247719355,-0.08377295628395454
2023-01-11,0.5981918975542879,0.09127880333075908,0.0,0.0,0.0,0.0,0.3105292991149531,-0.0014519406245024505,0.9155429778374299,-0.08510326354999365
2023-01-12,0.5161959271766661,0.10990583949169588,0.0,0.0,0.0,0.0,0.37389823333163796,0.0020297909906878157,0.9174013387254318,-0.08324621439693769
2023-01-13,0.4130398678697698,0.1333398160405448,0.0,0.0,0.0,0.0,0.4536203160896853,-0.00041303986786976984,0.9170224153977011,-0.08362487025941223
2023-01-17,0.40854436927072996,0.1343610590916376,0.0,0.0,0.0,0.0,0.4570945716376324,0.0,0.9170224153977011,-0.08362487025941223
2023-01-18,0.40854436927072996,0.1343610590916376,0.0,0.0,0.0,0.0,0.4570945716376324,0.0,0.9170224153977011,-0.08362487025941223
2023-01-19,0.10265574702578065,0.03376116752471248,0.0,0.0,0.0,0.7487280336061767,0.11485505184333028,-0.0007487280336061767,0.9163358150078477,-0.08431098600834852
2023-01-20,0.1478465993093087,0.05163674444702997,0.0,0.0,0.0,0.6351004051275287,0.16541625111613276,0.0,0.9163358150078477,-0.08431098600834852
2023-01-23,0.14762583871364007,0.05305281514587702,0.0,0.0,0.0,0.6341520901551159,0.16516925598536703,0.0,0.9163358150078477,-0.08431098600834852
2023-01-24,0.14587877721430417,0.06425935583671279,0.0,0.0,0.0,0.6266472880751597,0.16321457887382335,0.00011157358980858085,0.9164380538841982,-0.08420881929790924
2023-01-25,0.14758393732547004,0.06482141340533037,0.0,0.0,0.0,0.6234895714918318,0.16410507777736777,0.0035672199415058394,0.9197071899851686,-0.08094199073585362
2023-01-26,0.2981116151770398,0.1252733345373177,0.0,0.0,0.0,0.25990371686366803,0.31671133342197455,-0.0009667016764591515,0.9188181075027584,-0.08183044565417252
2023-01-27,0.3043300507725999,0.1607509060793306,0.0,0.0,0.0,0.21799321183663056,0.31692583131143887,-0.00047568991371682215,0.9183810349964789,-0.08226720965025669
2023-01-30,0.30611509349536714,0.1660593199749627,0.0,0.0,0.0,0.20904083215952174,0.31878475437014847,0.0007068000770346426,0.9190301467827616,-0.08161855604334034
2023-01-31,0.3118919178804477,0.16992763653163276,0.0,0.0,0.0,0.19337977242850282,0.3248006731594167,-0.0014468545917694876,0.9177004437949143,-0.08294732045252495
2023-02-01,0.3283283255624936,0.18088244425010272,0.0,0.0,0.0,0.1488718702099034,0.3419173599775004,0.0006523930265546846,0.9182991451649123,-0.08234904167940493
2023-02-02,0.3312115569026252,0.18459142240573745,0.0,0.0,0.0,0.13927709659989773,0.34491992409173966,-0.00013927709659989775,0.9181712471261636,-0.08247684944057188
2023-02-03,0.23519485076231078,0.1330905111134123,0.0,0.28823099630794424,0.0,0.0985544164283606,0.24492922538797218,-0.000414891591146251,0.9177903055964987,-0.08285752208042096
2023-02-06,0.2386386387638774,0.1355268546166335,0.0,0.2773214823970895,0.0,0.09999747742947235,0.24851554679292734,0.0007184445569290592,0.9184496870459568,-0.08219860605923124
2023-02-07,0.24576862437557906,0.14480586127984876,0.0,0.24247749704546745,0.0,0.10298517707011631,0.26396284022898847,-0.0010042221902548578,0.9175273594895925,-0.08312028258527338
2023-02-08,0.12843406928900783,0.07576722705717114,0.0,0.09866301791115537,0.0,0.053818120198089646,0.6433175655445761,0.00044470143191245983,0.9179353852201764,-0.0827125448620476
2023-02-09,0.3729885842039482,0.23702162903347304,0.0,0.23369524148866844,0.0,0.15629454527391032,0.0,0.00037614317281799847,0.9182806603484149,-0.08236751344828597
2023-02-10,0.374625672451042,0.2385323099187827,0.0,0.22986147826961253,0.0,0.15698053936056278,0.0,0.0006542626533368233,0.9188814570897623,-0.08176714078284664
2023-02-13,0.3785260246356993,0.24368836442307934,0.0,0.21917069509589254,0.0,0.15861491584532883,0.0,-0.000635799873378114,0.9182972323756952,-0.08235095311846852
2023-02-14,0.3820060777710572,0.24844503440243346,0.0,0.2094757146903288,0.0,0.1600731731361804,0.0,-4.342894229004762e-05,0.9182573516981852,-0.08239080564596801
2023-02-15,0.3687344805889025,0.27459886343863305,0.0,0.2021547207252946,0.0,0.15451193524716988,0.0,0.0006433460492099582,0.9188481089375582,-0.08180046539606167
2023-02-16,0.37224670026672774,0.2791820292667377,0.0,0.19258759908400996,0.0,0.15598367138252467,0.0,0.0001667438119319089,0.9190013211738289,-0.08164736130554762
2023-02-17,0.3717472586018832,0.28085529312388446,0.0,0.19162305945745778,0.0,0.15577438881677452,0.0,0.0009666750581834246,0.9198896968294452,-0.0807596127151049
2023-02-21,0.3794660265796537,0.2875721920610737,0.0,0.17395297362928855,0.0,0.15900880772998396,0.0,0.00019458375145514013,0.9200686924175793,-0.0805807434720579
2023-02-22,0.3797362896422519,0.287755291723508,0.0,0.17338636174794947,0.0,0.15912205688629064,0.0,0.0007408310991337439,0.9207503079182615,-0.07989960909367955
2023-02-23,0.37525796606998124,0.3070824293926423,0.0,0.16041411325110644,0.0,0.15724549128627013,0.0,0.00022036104864427863,0.9209532054216538,-0.07969685480668154
2023-02-24,0.37556022836247777,0.3072614147195389,0.0,0.1598062077404,0.0,0.1573721491775834,0.0,-0.00012259922170317826,0.920840297275444,-0.07980968325601323
2023-02-27,0.37196769644345035,0.31443862942718026,0.0,0.1577269145707868,0.0,0.1558667595585827,0.0,-0.0001577269145707868,0.9206950559765423,-0.0799548220354912
2023-02-28,0.3044623976614007,0.439530173605581,0.0,0.1284276206349953,0.0,0.1275798080980232,0.0,0.0,0.9206950559765423,-0.0799548220354912
2023-03-01,0.14657965597795436,0.7301687335777916,0.0,0.06182988965251598,0.0,0.061421720791738056,0.0,0.0,0.9206950559765423,-0.0799548220354912
2023-03-02,0.14599002441751185,0.7312541572651048,0.0,0.061581172638721884,0.0,0.061174645678661356,0.0,0.0,0.9206950559765423,-0.0799548220354912
2023-03-03,0.5432270986291089,0.0,0.0,0.22914279161322232,0.0,0.22763010975766876,0.0,0.0,0.9206950559765423,-0.0799548220354912
2023-03-06,0.5432270986291089,0.0,0.0,0.22914279161322232,0.0,0.22763010975766876,0.0,0.0,0.9206950559765423,-0.0799548220354912
2023-03-07,0.5432270986291089,0.0,0.0,0.22914279161322232,0.0,0.22763010975766876,0.0,0.0,0.9206950559765423,-0.0799548220354912
2023-03-08,0.5432270986291089,0.0,0.0,0.22914279161322232,0.0,0.22763010975766876,0.0,0.0,0.9206950559765423,-0.0799548220354912
2023-03-09,0.5432270986291089,0.0,0.0,0.22914279161322232,0.0,0.22763010975766876,0.0,0.0,0.9206950559765423,-0.0799548220354912
2023-03-10,0.5432270986291089,0.0,0.0,0.22914279161322232,0.0,0.22763010975766876,0.0,0.0,0.9206950559765423,-0.0799548220354912
2023-03-13,0.5432270986291089,0.0,0.0,0.22914279161322232,0.0,0.22763010975766876,0.0,0.0,0.9206950559765423,-0.0799548220354912
2023-03-14,0.5432270986291089,0.0,0.0,0.22914279161322232,0.0,0.22763010975766876,0.0,0.0,0.9206950559765423,-0.0799548220354912
2023-03-15,0.5432270986291089,0.0,0.0,0.22914279161322232,0.0,0.22763010975766876,0.0,0.0,0.9206950559765423,-0.0799548220354912
2023-03-16,0.5432270986291089,0.0,0.0,0.22914279161322232,0.0,0.22763010975766876,0.0,0.0,0.9206950559765423,-0.0799548220354912
2023-03-17,0.5432270986291089,0.0,0.0,0.22914279161322232,0.0,0.22763010975766876,0.0,0.0,0.9206950559765423,-0.0799548220354912
2023-03-20,0.5432270986291089,0.0,0.0,0.22914279161322232,0.0,0.22763010975766876,0.0,0.0,0.9206950559765423,-0.0799548220354912
2023-03-21,0.5432270986291089,0.0,0.0,0.22914279161322232,0.0,0.22763010975766876,0.0,0.0,0.9206950559765423,-0.0799548220354912
2023-03-22,0.5432270986291089,0.0,0.0,0.22914279161322232,0.0,0.22763010975766876,0.0,0.0,0.9206950559765423,-0.0799548220354912
2023-03-23,0.5432270986291089,0.0,0.0,0.22914279161322232,0.0,0.22763010975766876,0.0,0.0,0.9206950559765423,-0.0799548220354912
2023-03-24,0.5432270986291089,0.0,0.0,0.22914279161322232,0.0,0.22763010975766876,0.0,0.0,0.9206950559765423,-0.0799548220354912
2023-03-27,0.5432270986291089,0.0,0.0,0.22914279161322232,0.0,0.22763010975766876,0.0,0.0,0.9206950559765423,-0.0799548220354912
2023-03-28,0.5432270986291089,0.0,0.0,0.22914279161322232,0.0,0.22763010975766876,0.0,0.0,0.9206950559765423,-0.0799548220354912
2023-03-29,0.5432270986291089,0.0,0.0,0.22914279161322232,0.0,0.22763010975766876,0.0,0.0,0.9206950559765423,-0.0799548220354912
2023-03-30,0.5432270986291089,0.0,0.0,0.22914279161322232,0.0,0.22763010975766876,0.0,0.0,0.9206950559765423,-0.0799548220354912
2023-03-31,0.5432270986291089,0.0,0.0,0.22914279161322232,0.0,0.22763010975766876,0.0,0.0,0.9206950559765423,-0.0799548220354912
2023-04-03,0.5432270986291089,0.0,0.0,0.22914279161322232,0.0,0.22763010975766876,0.0,0.0,0.9206950559765423,-0.0799548220354912
2023-04-04,0.5432270986291089,0.0,0.0,0.22914279161322232,0.0,0.22763010975766876,0.0,0.0,0.9206950559765423,-0.0799548220354912
2023-04-05,0.5432270986291089,0.0,0.0,0.22914279161322232,0.0,0.22763010975766876,0.0,0.0,0.9206950559765423,-0.0799548220354912
2023-04-06,0.5500495951911129,0.0,0.0,0.22572024639808969,0.0,0.2242301584107974,0.0,0.0,0.9206950559765423,-0.0799548220354912
2023-04-10,0.5554609855109851,0.0,0.0,0.2230055908642723,0.0,0.2215334236247425,0.0,0.0,0.9206950559765423,-0.0799548220354912
2023-04-11,0.5938721155154651,0.0,0.0,0.2037364233374137,0.0,0.2023914611471211,0.0,0.0,0.9206950559765423,-0.0799548220354912
2023-04-12,0.8562595030184896,0.0,0.0,0.07210825915320862,0.0,0.07163223782830162,0.0,0.0,0.9206950559765423,-0.0799548220354912
2023-04-13,0.0,0.0,0.0,0.5016558358114215,0.0,0.4983441641885786,0.0,0.0,0.9206950559765423,-0.0799548220354912
2023-04-14,0.0,0.0,0.0,0.5016558358114215,0.0,0.4983441641885786,0.0,0.0,0.9206950559765423,-0.0799548220354912
2023-04-17,0.0,0.0,0.0,0.5011408835274158,0.0,0.49885911647258413,0.0,0.0,0.9206950559765423,-0.0799548220354912
2023-04-18,0.0,0.0,0.0,0.5002809682876531,0.0,0.4997190317123468,0.0,0.0,0.9206950559765423,-0.0799548220354912
2023-04-19,0.0,0.0,0.0,0.5002809682876531,0.0,0.4997190317123468,0.0,0.0,0.9206950559765423,-0.0799548220354912
2023-04-20,0.0,0.0,0.0,0.5002809682876531,0.0,0.4997190317123468,0.0,0.0,0.9206950559765423,-0.0799548220354912
2023-04-21,0.0,0.0,0.0,0.500248126694862,0.0,0.49975187330513804,0.0,0.0,0.9206950559765423,-0.0799548220354912
2023-04-24,0.0,0.0,0.0,0.46586951613941696,0.0,0.5341304838605829,0.0,-0.0013344565766645119,0.919466428403992,-0.0811825823740544
2023-04-25,0.0,0.0,0.0,0.45689783791113625,0.0,0.5431021620888639,0.0,-0.0009816880994305327,0.9185637991534018,-0.08208457449848727
2023-04-26,0.0,0.0,0.0,0.45507797056835736,0.0,0.5449220294316426,0.0,-5.272950702512107e-05,0.9185153637371013,-0.0821329757263648
2023-04-27,0.0,0.0,0.0,0.4384037100676534,0.0,0.5615962899323467,0.0,0.0002500482038108869,0.9187450368539763,-0.08190346472560806
2023-04-28,0.0,0.0,0.0,0.31716816490273336,0.0,0.6828318350972665,0.0,0.0033183100119025745,0.9217937177081547,-0.07885693580071396
2023-05-01,0.0,0.0,0.0,0.3322659998412186,0.0,0.6677340001587814,0.0,0.0003445273955254552,0.9221113008969283,-0.0785395767798992
2023-05-02,0.0,0.0,0.0,0.3460013926045535,0.0,0.6539986073954466,0.0,-0.002547107538665637,0.9197625842509249,-0.08088663557046516
2023-05-03,0.0,0.0,0.0,0.3920738463088753,0.0,0.6079261536911247,0.0,0.0008340117085842754,0.920529677015308,-0.08012008426301453
2023-05-04,0.0,0.0,0.0,0.4022896343787472,0.0,0.5977103656212528,0.0,0.0007866455192572109,0.9212538075610752,-0.0793964648490455
2023-05-05,0.0,0.0,0.0,0.42986281490365735,0.0,0.5701371850963427,0.0,0.0006315393595350357,0.9218356156006716,-0.07881506748207057
2023-05-08,0.0,0.0,0.0,0.4589099593844821,0.0,0.5410900406155179,0.0,-0.0005410900406155178,0.9213368195299854,-0.07931351147462107
2023-05-09,0.0,0.0,0.0,0.4643190614577161,0.0,0.5356809385422839,0.0,0.0,0.9213368195299854,-0.07931351147462107
2023-05-10,0.0,0.0,0.0,0.4767901851474695,0.0,0.5232098148525305,0.0,0.0,0.9213368195299854,-0.07931351147462107
2023-05-11,0.0,0.0,0.0,0.4965395875290447,0.0,0.5034604124709552,0.0,0.0,0.9213368195299854,-0.07931351147462107
2023-05-12,0.0,0.0,0.0,0.49685088991279736,0.0,0.5031491100872025,0.0,-0.0002279813913553036,0.9211267718799621,-0.07952341086127712
2023-05-15,0.0,0.0,0.0,0.5186893362693604,0.0,0.48131066373063963,0.0,-0.00048131066373063966,0.9206834237420084,-0.07996644605934411
2023-05-16,0.0,0.0,0.0,0.5220865159676048,0.0,0.4779134840323953,0.0,0.0,0.9206834237420084,-0.07996644605934411
2023-05-17,0.0,0.0,0.0,0.6112529603865736,0.0,0.38874703961342644,0.0,0.0,0.9206834237420084,-0.07996644605934411
2023-05-18,0.0,0.0,0.0,0.617095190845504,0.0,0.38290480915449593,0.0,0.0,0.9206834237420084,-0.07996644605934411
2023-05-19,0.0,0.0,0.0,0.8003216197691905,0.0,0.19967838023080953,0.0,0.0,0.9206834237420084,-0.07996644605934411
2023-05-22,0.0,0.0,0.0,0.8576690551604917,0.0,0.14233094483950826,0.0,0.0,0.9206834237420084,-0.07996644605934411
2023-05-23,0.0,0.0,0.0,0.8828006514831533,0.0,0.1171993485168467,0.0,0.0,0.9206834237420084,-0.07996644605934411
2023-05-24,0.0,0.0,0.0,0.0,0.0,1.0,0.0,0.0,0.9206834237420084,-0.07996644605934411
2023-05-25,0.0,0.0,0.0,0.0,0.0,1.0,0.0,0.0,0.9206834237420084,-0.07996644605934411
2023-05-26,0.0,0.0,0.0,0.0,0.0,1.0,0.0,0.0,0.9206834237420084,-0.07996644605934411
2023-05-30,0.0,0.0,0.0,0.0,0.0,1.0,0.0,0.0,0.9206834237420084,-0.07996644605934411
2023-05-31,0.0,0.0,0.0,0.0,0.0,1.0,0.0,0.0,0.9206834237420084,-0.07996644605934411
2023-06-01,0.0,0.0,0.0,0.0,0.0,1.0,0.0,0.0,0.9206834237420084,-0.07996644605934411
2023-06-02,0.0,0.0,0.0,0.0,0.0,1.0,0.0,0.0,0.9206834237420084,-0.07996644605934411
2023-06-05,0.0,0.0,0.0,0.0,0.0,1.0,0.0,0.0,0.9206834237420084,-0.07996644605934411
2023-06-06,0.0,0.0,0.0,0.0,0.0,1.0,0.0,0.0,0.9206834237420084,-0.07996644605934411
2023-06-07,0.0,0.0,0.0,0.0,0.0,1.0,0.0,0.0,0.9206834237420084,-0.07996644605934411
2023-06-08,0.0,0.0,0.0,0.0,0.0,1.0,0.0,0.0,0.9206834237420084,-0.07996644605934411
2023-06-09,0.0,0.0,0.0,0.0,0.0,1.0,0.0,0.0,0.9206834237420084,-0.07996644605934411
2023-06-12,0.0,0.0,0.0,0.0,0.0,1.0,0.0,0.0,0.9206834237420084,-0.07996644605934411
2023-06-13,0.0,0.0,0.0,0.0,0.0,1.0,0.0,0.0,0.9206834237420084,-0.07996644605934411
2023-06-14,0.0,0.0,0.0,0.0,0.0,1.0,0.0,0.0,0.9206834237420084,-0.07996644605934411
2023-06-15,0.0,0.0,0.0,0.8243958599885053,0.0,0.17560414001149474,0.0,-0.003949722716417059,0.917046979508626,-0.08360032348720936
2023-06-16,0.0,0.0,0.0,0.5997573851898301,0.0,0.40024261481017,0.0,0.0022420710756935174,0.9191030640164343,-0.08154569027872527
2023-06-20,0.0,0.0,0.0,0.5434197903874808,0.0,0.45658020961251927,0.0,-0.0005434197903874807,0.9186036052220419,-0.08204479652719454
2023-06-21,0.0,0.0,0.0,0.5406316814918997,0.0,0.4593683185081004,0.0,-0.00025494026589566475,0.9183694161746738,-0.08227882027084821
2023-06-22,0.0,0.0,0.0,0.5401357690402545,0.0,0.45986423095974543,0.0,0.003365119380716711,0.9214598388957007,-0.07919057894284753
2023-06-23,0.0,0.0,0.0,0.4559023630696076,0.0,0.5440976369303924,0.0,-0.0011975429818726318,0.9203563511325538,-0.08029328780267664
2023-06-26,0.0,0.0,0.0,0.44549733673987735,0.0,0.5545026632601227,0.0,0.0002843857816336355,0.9206180873928521,-0.08003173629045457
2023-06-27,0.0,0.0,0.0,0.4449102334773523,0.0,0.5550897665226476,0.0,0.00024386224966623464,0.9208425913907272,-0.07980739076004484
2023-06-28,0.0,0.0,0.0,0.44449386626909176,0.0,0.5555061337309082,0.0,-0.0006042000677187699,0.9202862182346506,-0.08036337119686188
2023-06-29,0.0,0.0,0.0,0.4419061541771715,0.0,0.5580938458228285,0.0,0.0016657810327175369,0.9218192135616573,-0.07883145794360924
2023-06-30,0.0,0.0,0.0,0.4239013835105341,0.0,0.5760986164894659,0.0,-0.0007102144244146112,0.9211645242594833,-0.07948568512949472
2023-07-03,0.0,0.0,0.0,0.4204796387987279,0.0,0.5795203612012721,0.0,0.0013689782184585695,0.9224255784288111,-0.07822552108265779
2023-07-05,0.0,0.0,0.0,0.4092519079483429,0.0,0.5907480920516571,0.0,-0.00136081090445449,0.9211703316431374,-0.07947988184501642
2023-07-06,0.0,0.0,0.0,0.39800499210642587,0.0,0.6019950078935742,0.0,-0.0012758878514073772,0.919995021607917,-0.08065436228074652
2023-07-07,0.0,0.0,0.0,0.38879141578010207,0.0,0.611208584219898,0.0,-0.001198501665708891,0.918892406042076,-0.08175619955891522
2023-07-10,0.0,0.0,0.0,0.38118435923138966,0.0,0.6188156407686103,0.0,0.001405657369858113,0.9201840539247358,-0.08046546339349858
2023-07-11,0.0,0.0,0.0,0.37053036019881913,0.0,0.6294696398011809,0.0,-0.0005662726472819116,0.9196629788645332,-0.08098617064980995
2023-07-12,0.0,0.0,0.0,0.36892651385106173,0.0,0.6310734861489382,0.0,0.00024216814175536297,0.9198856919391659,-0.0807636147785088
2023-07-13,0.0,0.0,0.0,0.3685812413576322,0.0,0.6314187586423678,0.0,-0.0003685812413576321,0.9195466393289239,-0.08110242806647483
2023-07-14,0.0,0.0,0.0,0.36793527572643736,0.0,0.6320647242735626,0.0,0.0,0.9195466393289239,-0.08110242806647483
2023-07-17,0.0,0.0,0.0,0.36793527572643736,0.0,0.6320647242735626,0.0,0.0,0.9195466393289239,-0.08110242806647483
2023-07-18,0.0,0.0,0.0,0.36793527572643736,0.0,0.6320647242735626,0.0,0.0,0.9195466393289239,-0.08110242806647483
2023-07-19,0.0,0.0,0.0,0.36793527572643736,0.0,0.6320647242735626,0.0,0.0,0.9195466393289239,-0.08110242806647483
2023-07-20,0.0,0.0,0.0,0.36793527572643736,0.0,0.6320647242735626,0.0,0.0,0.9195466393289239,-0.08110242806647483
2023-07-21,0.0,0.0,0.0,0.3542284413489055,0.0,0.6457715586510945,0.0,0.0,0.9195466393289239,-0.08110242806647483
2023-07-24,0.0,0.0,0.0,0.3461296502895435,0.0,0.6538703497104564,0.0,0.0,0.9195466393289239,-0.08110242806647483
2023-07-25,0.0,0.0,0.0,0.3460811979659019,0.0,0.6539188020340981,0.0,0.0,0.9195466393289239,-0.08110242806647483
2023-07-26,0.0,0.0,0.0,0.345705181587215,0.0,0.654294818412785,0.0,0.0,0.9195466393289239,-0.08110242806647483
2023-07-27,0.42162923276538833,0.0,0.0,0.15587736204094826,0.0,0.42249340519366346,0.0,0.00132588932640548,0.9207658564031421,-0.0798840715837883
2023-07-28,0.3792242066977668,0.0,0.0,0.16646814282756878,0.0,0.4543076504746645,0.0,-0.0016748202769167075,0.9192237390765456,-0.0814251003978137
2023-07-31,0.23328220056439364,0.0,0.0,0.13119382894860457,0.0,0.6355239704870018,0.0,0.0007133500680269733,0.9198794673933479,-0.08076983493069467
2023-08-01,0.198313589776322,0.0,0.0,0.12062050941669589,0.0,0.6810659008069821,0.0,7.796187396081083e-05,0.919951182920444,-0.08069817002442448
2023-08-02,0.1711707211997512,0.0,0.0,0.10416765484533581,0.0,0.7246616239549131,0.0,-0.0004220415511781258,0.9195629252961961,-0.08108615359474824
2023-08-03,0.13690661810833288,0.0,0.0,0.08767675138483974,0.0,0.7754166305068274,0.0,7.576002868229194e-05,0.9196325914097917,-0.0810165366553881
2023-08-04,0.10810363298308508,0.0,0.0,0.06934269114177852,0.0,0.8225536758751365,0.0,-9.08682035721767e-05,0.9195490260482638,-0.08110004303181473
2023-08-07,0.10751357299350009,0.0,0.0,0.06938856681649369,0.0,0.8230978601900063,0.0,-0.00024315064819861187,0.9193254371065298,-0.08132347415198127
2023-08-08,0.10396441161526139,0.0,0.0,0.06966450515458411,0.0,0.8263710832301545,0.0,0.0004493363480716761,0.9197385234411287,-0.08091067939679741
2023-08-09,0.09420279646775542,0.0,0.0,0.07042344609127879,0.0,0.8353737574409656,0.0,0.00022384400244575972,0.9199444013934194,-0.08070494676466844
2023-08-10,0.08544480761194512,0.0,0.0,0.0656074818341261,0.0,0.8489477105539288,0.0,-4.634753065566227e-05,0.9199017642420743,-0.08074755382032994
2023-08-11,0.5651009838493006,0.0,0.0,0.43489901615069937,0.0,0.0,0.0,0.0007036104296817315,0.9205490167176776,-0.08010075821168738
2023-08-14,0.5636123475843361,0.0,0.0,0.436387652415664,0.0,0.0,0.0,-0.0007056423437855346,0.9198994383519514,-0.08074987806870948
2023-08-15,0.5612275995436096,0.0,0.0,0.43877240045639043,0.0,0.0,0.0,-0.0005612275995436096,0.9193831653983436,-0.0812657866080212
2023-08-16,0.5597031819166403,0.0,0.0,0.44029681808335985,0.0,0.0,0.0,0.0,0.9193831653983436,-0.0812657866080212
2023-08-17,0.5597031819166403,0.0,0.0,0.44029681808335985,0.0,0.0,0.0,0.0,0.9193831653983436,-0.0812657866080212
2023-08-18,0.5597031819166403,0.0,0.0,0.44029681808335985,0.0,0.0,0.0,0.0,0.9193831653983436,-0.0812657866080212
2023-08-21,0.5597031819166403,0.0,0.0,0.44029681808335985,0.0,0.0,0.0,0.0,0.9193831653983436,-0.0812657866080212
2023-08-22,0.5597031819166403,0.0,0.0,0.44029681808335985,0.0,0.0,0.0,0.0,0.9193831653983436,-0.0812657866080212
2023-08-23,0.5597031819166403,0.0,0.0,0.44029681808335985,0.0,0.0,0.0,0.0,0.9193831653983436,-0.0812657866080212
2023-08-24,0.5597031819166403,0.0,0.0,0.44029681808335985,0.0,0.0,0.0,0.0,0.9193831653983436,-0.0812657866080212
2023-08-25,0.5597031819166403,0.0,0.0,0.44029681808335985,0.0,0.0,0.0,0.0,0.9193831653983436,-0.0812657866080212
2023-08-28,0.5597031819166403,0.0,0.0,0.44029681808335985,0.0,0.0,0.0,0.0,0.9193831653983436,-0.0812657866080212
2023-08-29,0.5597031819166403,0.0,0.0,0.44029681808335985,0.0,0.0,0.0,0.0,0.9193831653983436,-0.0812657866080212
2023-08-30,0.5597031819166403,0.0,0.0,0.44029681808335985,0.0,0.0,0.0,0.0,0.9193831653983436,-0.0812657866080212
2023-08-31,0.5597031819166403,0.0,0.0,0.44029681808335985,0.0,0.0,0.0,0.0,0.9193831653983436,-0.0812657866080212
2023-09-01,0.5597031819166403,0.0,0.0,0.44029681808335985,0.0,0.0,0.0,0.0,0.9193831653983436,-0.0812657866080212
2023-09-05,0.5597031819166403,0.0,0.0,0.44029681808335985,0.0,0.0,0.0,0.0,0.9193831653983436,-0.0812657866080212
2023-09-06,0.5597031819166403,0.0,0.0,0.44029681808335985,0.0,0.0,0.0,0.0,0.9193831653983436,-0.0812657866080212
2023-09-07,0.5597031819166403,0.0,0.0,0.44029681808335985,0.0,0.0,0.0,0.0,0.9193831653983436,-0.0812657866080212
2023-09-08,0.5597031819166403,0.0,0.0,0.44029681808335985,0.0,0.0,0.0,-0.0003875770371260672,0.919026833595115,-0.08162186689235407
2023-09-11,0.5602032412053093,0.0,0.0,0.43979675879469077,0.0,0.0,0.0,0.0006589319037273307,0.9196324096961523,-0.08101671824076384
2023-09-12,0.5601483782357246,0.0,0.0,0.4398516217642753,0.0,0.0,0.0,0.001864235046911294,0.9213468206645834,-0.07930351739938268
2023-09-13,0.5555316216197776,0.0,0.0,0.44446837838022224,0.0,0.0,0.0,0.0005938320016482957,0.9218939458913109,-0.07875677836420947
2023-09-14,0.5461400793354407,0.0,0.0,0.4538599206645592,0.0,0.0,0.0,0.0010254009125785387,0.9228392567847284,-0.07781213472403736
2023-09-15,0.5488865501423671,0.0,0.0,0.45111344985763296,0.0,0.0,0.0,-0.0005230701064776924,0.9223565471564202,-0.07829450362891965
2023-09-18,0.5499647874758498,0.0,0.0,0.4500352125241502,0.0,0.0,0.0,-0.0020471874546023013,0.9204683104044113,-0.08018140755792857
2023-09-19,0.5351863716862739,0.0,0.0,0.4648136283137262,0.0,0.0,0.0,-0.0007484333344091897,0.9197794012376374,-0.08086983045412155
2023-09-20,0.5312178613634436,0.0,0.0,0.4687821386365565,0.0,0.0,0.0,0.000694809860909214,0.9204184730354784,-0.08023120974886189
2023-09-21,0.532936877461788,0.0,0.0,0.467063122538212,0.0,0.0,0.0,0.00019884855045467672,0.9206014969146532,-0.08004831505816701
2023-09-22,0.5328223171794635,0.0,0.0,0.46717768282053646,0.0,0.0,0.0,-0.0013416916806961332,0.9193663335450064,-0.08128260658049591
2023-09-25,0.5386184897696554,0.0,0.0,0.4613815102303446,0.0,0.0,0.0,0.0007463005690076188,0.9200524571628574,-0.0805969672670298
2023-09-26,0.527533636330601,0.0,0.0,0.47246636366939904,0.0,0.0,0.0,0.00047466237429543345,0.9204891714466508,-0.08016056124057824
2023-09-27,0.5260315702417359,0.0,0.0,0.4739684297582642,0.0,0.0,0.0,0.0018636914531614962,0.9222046792482037,-0.07844626434028135
2023-09-28,0.5307971722313873,0.0,0.0,0.4692028277686127,0.0,0.0,0.0,0.002348913307005332,0.9243708580910724,-0.07628161450746973
2023-09-29,0.5427388670447654,0.0,0.0,0.45726113295523463,0.0,0.0,0.0,0.003280100314852941,0.927402887233738,-0.07325172554038006
2023-10-02,0.5709412642519311,0.0,0.0,0.42905873574806896,0.0,0.0,0.0,-0.000429058735748069,0.9270049769234123,-0.07364935498337655
2023-10-03,0.5640880823622286,0.0,0.0,0.43591191763777143,0.0,0.0,0.0,0.0,0.9270049769234123,-0.07364935498337655
2023-10-04,0.5555670493928424,0.0,0.0,0.44443295060715754,0.0,0.0,0.0,0.0,0.9270049769234123,-0.07364935498337655
2023-10-05,0.5530660911428861,0.0,0.0,0.4469339088571138,0.0,0.0,0.0,0.0,0.9270049769234123,-0.07364935498337655
2023-10-06,0.5530234236885658,0.0,0.0,0.4469765763114343,0.0,0.0,0.0,0.0,0.9270049769234123,-0.07364935498337655
2023-10-09,0.5517646200404457,0.0,0.0,0.4482353799595544,0.0,0.0,0.0,0.0,0.9270049769234123,-0.07364935498337655
2023-10-10,0.5517646200404457,0.0,0.0,0.4482353799595544,0.0,0.0,0.0,-0.0021631389533568945,0.9249997363478736,-0.0756531801480792
2023-10-11,0.5707750951887789,0.0,0.0,0.4292249048112212,0.0,0.0,0.0,0.00023517129350077054,0.9252172697323583,-0.07543580031081143
2023-10-12,0.5708134071038073,0.0,0.0,0.42918659289619254,0.0,0.0,0.0,0.0013429750215470842,0.9264598134151127,-0.07419413368481231
2023-10-13,0.5762592205115692,0.0,0.0,0.4237407794884307,0.0,0.0,0.0,0.005173095235850267,0.9312524782620971,-0.06940485176845501
2023-10-16,0.6421771305043301,0.0,0.0,0.35782286949566994,0.0,0.0,0.0,-0.0014491860296660252,0.9299029201805078,-0.07075345725654714
2023-10-17,0.6489578291647278,0.0,0.0,0.35104217083527217,0.0,0.0,0.0,-0.0012114914501394508,0.9287763507432494,-0.07187923149815256
2023-10-18,0.6536148761163716,0.0,0.0,0.3463851238836284,0.0,0.0,0.0,0.003937230497745055,0.93243315731698,-0.06822500610281657
2023-10-19,0.6849730060158741,0.0,0.0,0.3150269939841258,0.0,0.0,0.0,0.002677462669400484,0.9349297122874073,-0.0657302133403761
2023-10-20,0.7230174975552399,0.0,0.0,0.2769825024447602,0.0,0.0,0.0,0.0006286285554376845,0.9355174358018784,-0.06514290467399908
2023-10-23,0.7363133024074227,0.0,0.0,0.2636866975925772,0.0,0.0,0.0,-9.434952114359616e-05,0.935429170179789,-0.0652311079932808
2023-10-24,0.7672709978335046,0.0,0.0,0.23272900216649542,0.0,0.0,0.0,-6.30560356706896e-05,0.9353701857246667,-0.06529005081387906
2023-10-25,0.7847917495827739,0.0,0.0,0.21520825041722613,0.0,0.0,0.0,0.0015939074814547358,0.936861079261623,-0.06380020963288113
2023-10-26,0.4595250863805404,0.0,0.419401429783338,0.12107348383612153,0.0,0.0,0.0,7.880889132809248e-06,0.9368684625599215,-0.06379283154612703
2023-10-27,0.48170159319466105,0.0,0.40199279823991935,0.11630560856541966,0.0,0.0,0.0,0.001748331069272781,0.9385064188008369,-0.06215603146624327
2023-10-30,0.5068600101505985,0.0,0.37133059960341547,0.12180939024598622,0.0,0.0,0.0,-0.0004931399898494017,0.9380436037549957,-0.06261851983136635
2023-10-31,0.5110673197887575,0.0,0.3677905314746895,0.121142148736553,0.0,0.0,0.0,0.0,0.9380436037549957,-0.06261851983136635
2023-11-01,0.5329190316686666,0.0,0.3513529868980594,0.11572798143327406,0.0,0.0,0.0,-0.0031529125406850726,0.9350860343130072,-0.06557400165559601
2023-11-02,0.7169662043846785,0.0,0.19025960261734448,0.09277419299797694,0.0,0.0,0.0,-0.0014661680634881476,0.9337150410328837,-0.06694402721206161
2023-11-03,0.8102481734802054,0.0,0.12058930365196445,0.06916252286783015,0.0,0.0,0.0,-0.00012058930365196445,0.9336024449862762,-0.06705654378208836
2023-11-06,0.8151807304031148,0.0,0.11742774112179424,0.06739152847509103,0.0,0.0,0.0,-7.408842405870997e-05,0.9335332758524297,-0.06712566409249554
2023-11-07,0.8500195131651914,0.0,0.09530061932994181,0.054679867504866836,0.0,0.0,0.0,-0.00010878211145308693,0.9334317241315708,-0.06722714413247588
2023-11-08,0.9001144523510538,0.0,0.06344706576336227,0.036438481885584094,0.0,0.0,0.0,-6.344706576336228e-05,0.9333725006275843,-0.06728632583320437
2023-11-09,0.0,0.0,0.6351066615251444,0.36489333847485567,0.0,0.0,0.0,0.0024573617030119884,0.9356661344652709,-0.0649943109704314
2023-11-10,0.0,0.0,0.6249407931305813,0.3750592068694188,0.0,0.0,0.0,-0.0006249407931305813,0.9350813985290928,-0.06557863416731513
2023-11-13,0.0,0.0,0.6248046836311723,0.3751953163688277,0.0,0.0,0.0,0.0,0.9350813985290928,-0.06557863416731513
2023-11-14,0.0,0.0,0.6248046836311723,0.3751953163688277,0.0,0.0,0.0,0.0,0.9350813985290928,-0.06557863416731513
2023-11-15,0.0,0.0,0.6248046836311723,0.3751953163688277,0.0,0.0,0.0,0.0,0.9350813985290928,-0.06557863416731513
2023-11-16,0.0,0.0,0.6248046836311723,0.3751953163688277,0.0,0.0,0.0,-0.0013041455043560648,0.933861916326994,-0.06679725559074012
2023-11-17,0.0,0.0,0.6233573532543369,0.37664264674566306,0.0,0.0,0.0,-0.000623357353254337,0.9332797866345274,-0.06737897438354479
2023-11-20,0.0,0.0,0.6232779470171467,0.3767220529828534,0.0,0.0,0.0,0.0006664308920185694,0.9339017531152372,-0.06675744692152796
2023-11-21,0.0,0.0,0.6221830204521374,0.3778169795478626,0.0,0.0,0.0,-0.0016698950771339863,0.9323422351751832,-0.06831586406668566
2023-11-22,0.0,0.0,0.619632045374071,0.380367954625929,0.0,0.0,0.0,-0.0018676940857537843,0.9306009050966481,-0.07005596501715894
2023-11-24,0.0,0.0,0.6164624662984624,0.38353753370153765,0.0,0.0,0.0,4.30931269909149e-05,0.9306410075996293,-0.07001589082076487
2023-11-27,0.0,0.0,0.6164236368523851,0.38357636314761484,0.0,0.0,0.0,-0.0014105949369531265,0.9293282501061882,-0.07132772169662005
2023-11-28,0.0,0.0,0.6149992617072538,0.3850007382927462,0.0,0.0,0.0,0.001992461464522781,0.9311799008324172,-0.06947737796892994
2023-11-29,0.0,0.0,0.6081905811693724,0.3918094188306276,0.0,0.0,0.0,-0.0017634772327665364,0.9295377862776895,-0.071118333427456
2023-11-30,0.0,0.0,0.6056313865714851,0.3943686134285149,0.0,0.0,0.0,-0.00215218854212396,0.9275372457045914,-0.07311746190724233
2023-12-01,0.0,0.0,0.6016724484650147,0.39832755153498534,0.0,0.0,0.0,-0.0006016724484650147,0.9269791720989259,-0.07367514159337607
2023-12-04,0.0,0.0,0.6017729446521054,0.39822705534789465,0.0,0.0,0.0,0.0,0.9269791720989259,-0.07367514159337607
2023-12-05,0.0,0.0,0.6012911800978187,0.3987088199021814,0.0,0.0,0.0,0.0,0.9269791720989259,-0.07367514159337607
2023-12-06,0.0,0.0,0.6013950589818697,0.3986049410181302,0.0,0.0,0.0,0.0,0.9269791720989259,-0.07367514159337607
2023-12-07,0.0,0.0,0.5992596504923169,0.4007403495076831,0.0,0.0,0.0,0.0,0.9269791720989259,-0.07367514159337607
2023-12-08,0.0,0.0,0.5993468539779336,0.40065314602206636,0.0,0.0,0.0,0.0,0.9269791720989259,-0.07367514159337607
2023-12-11,0.0,0.0,0.5990402812211159,0.40095971877888414,0.0,0.0,0.0,0.0,0.9269791720989259,-0.07367514159337607
2023-12-12,0.0,0.0,0.5983885606612467,0.4016114393387534,0.0,0.0,0.0,0.0,0.9269791720989259,-0.07367514159337607
2023-12-13,0.0,0.0,0.5923985276699649,0.40760147233003496,0.0,0.0,0.0,0.0,0.9269791720989259,-0.07367514159337607
2023-12-14,0.0,0.0,0.5912064585539609,0.408793541446039,0.0,0.0,0.0,-0.0009060800615947763,0.9261392547535734,-0.07451446607813794
2023-12-15,0.0,0.0,0.5911124976027777,0.4088875023972224,0.0,0.0,0.0,-0.000860498757591311,0.9253423130755014,-0.07531084523024634
2023-12-18,0.9281219138967841,0.0,0.042490024065193414,0.029388062038022498,0.0,0.0,0.0,-0.002581557991854323,0.9229534882319804,-0.0776979839077232
2023-12-19,0.7916171189013896,0.0,0.12010537257428662,0.08827750852432373,0.0,0.0,0.0,0.0013484324998510513,0.9241980287113633,-0.07645432189454637
2023-12-20,0.7702967450309939,0.0,0.13167392008423187,0.09802933488477422,0.0,0.0,0.0,-0.0022094303696255173,0.9221560775191804,-0.07849483176348881
2023-12-21,0.7036805628782217,0.0,0.16967983356741356,0.12663960355436488,0.0,0.0,0.0,-0.0005249205724882361,0.9216720188230455,-0.07897854878395039
2023-12-22,0.6996674967188389,0.0,0.17126111781995673,0.12907138546120447,0.0,0.0,0.0,-0.0001589721855046609,0.9215254986078947,-0.07912496557694693
2023-12-26,0.6970152201262472,0.0,0.17096301119152227,0.1320217686822305,0.0,0.0,0.0,-0.0008472126753155586,0.9207447705248476,-0.0799051425784918
2023-12-27,0.6804616628743121,0.0,0.17608172090947452,0.14345661621621333,0.0,0.0,0.0,-0.000526237491687574,0.9202602401063221,-0.08038933098837597
2023-12-28,0.6796883991904108,0.0,0.1763549169337343,0.1439566838758549,0.0,0.0,0.0,0.0003684388828680728,0.9205992997611347,-0.08005051066081181
2023-12-29,0.679023839359172,0.0,0.17649329298164293,0.14448286765918528,0.0,0.0,0.0,-7.797721890519923e-06,0.9205921211838226,-0.08005768417108294
2024-01-02,0.6788334313465824,0.0,0.17664607681932332,0.14452049183409446,0.0,0.0,0.0,-0.001078533262114051,0.9195992319602857,-0.08104987255793072
2024-01-03,0.6611821755800379,0.0,0.18536114504966567,0.1534566793702965,0.0,0.0,0.0,0.0009603436033842683,0.9204823632003758,-0.08016736468121266
2024-01-04,0.6566980569747601,0.0,0.18714416108141413,0.15615778194382565,0.0,0.0,0.0,0.002257748604457989,0.9225605809713195,-0.07809061383248683
2024-01-05,0.6259122347284695,0.0,0.20285115917170174,0.17123660609982885,0.0,0.0,0.0,0.004435948312836194,0.9266530120239684,-0.07400107144632917
2024-01-08,0.5168708959086386,0.0,0.25786982948281656,0.22525927460854475,0.0,0.0,0.0,0.0021011700185985895,0.9286000675504773,-0.07205539026039776
2024-01-09,0.5059020782509417,0.0,0.2624896648137532,0.23160825693530515,0.0,0.0,0.0,0.0027852134987762624,0.9311864169935834,-0.06947086640723443
2024-01-10,0.4761624956827641,0.0,0.2771067848543075,0.24673071946292835,0.0,0.0,0.0,4.138414390291692e-05,0.9312249533462647,-0.06943235725566399
2024-01-11,0.4498696156395468,0.0,0.26308905471238314,0.28704132964807,0.0,0.0,0.0,-0.00013833406181832327,0.9310961332160017,-0.06956108645748149
2024-01-12,0.44474672104462104,0.0,0.26042334996733113,0.2948299289880477,0.0,0.0,0.0,-0.00013787292578259505,0.9309677602679304,-0.06968936879275356
2024-01-16,0.4405793037299297,0.0,0.2578525712487927,0.30156812502127767,0.0,0.0,0.0,0.0008497733676161838,0.9317588718767155,-0.06889881559474331
2024-01-17,0.3998305019092537,0.0,0.2299773573047726,0.3701921407859737,0.0,0.0,0.0,0.0004671642033600995,0.9321941562678194,-0.06846383845168302
2024-01-18,0.35169890007659754,0.0,0.19849272425086822,0.4498083756725343,0.0,0.0,0.0,-0.0009201944313764473,0.9313363563962601,-0.06932103284016555
2024-01-19,0.34203779465583395,0.0,0.19755091330273028,0.4604112920414357,0.0,0.0,0.0,0.0005109024229884671,0.9318121783973603,-0.0688455467008191
2024-01-22,0.3382268167065504,0.0,0.19841683769609514,0.4633563455973545,0.0,0.0,0.0,-0.00041591234588527853,0.9314246262083187,-0.0692328253338722
2024-01-23,0.33836500019988386,0.0,0.1975320326796661,0.46410296712045,0.0,0.0,0.0,-0.00010870710236568986,0.9313233737361315,-0.0693340063364073
2024-01-24,0.23069462141896094,0.0,0.1426868620949143,0.6266185164861247,0.0,0.0,0.0,0.00011465497609316551,0.9314301545952821,-0.06922730084915318
2024-01-25,0.15922010133011105,0.0,0.09828288569249977,0.7424970129773891,0.0,0.0,0.0,0.00038253870376124197,0.9317864626792651,-0.06887124426732372
2024-01-26,0.07498858819277614,0.0,0.04617489867364692,0.8788365131335769,0.0,0.0,0.0,-0.0005042038702827668,0.9313166523385052,-0.06934072298969562
2024-01-29,0.6494214335761999,0.0,0.35057856642380014,0.0,0.0,0.0,0.0,0.0031620093401350416,0.9342614842918229,-0.06639796966330569
2024-01-30,0.6696412114464407,0.0,0.33035878855355927,0.0,0.0,0.0,0.0,0.0005787549267737603,0.9348021927287518,-0.0658576428886023
2024-01-31,0.6548053496607642,0.0,0.3451946503392358,0.0,0.0,0.0,0.0,-0.004041383133695442,0.9310242989137163,-0.06963287005510277
2024-02-01,0.6708314419587739,0.0,0.3291685580412262,0.0,0.0,0.0,0.0,-0.0016523441096415214,0.9294859263974731,-0.07117015670207139
2024-02-02,0.6748616754180047,0.0,0.3251383245819953,0.0,0.0,0.0,0.0,0.00018773036524071475,0.9296604191299217,-0.07099578713634269
2024-02-05,0.6750456799964383,0.0,0.32495432000356167,0.0,0.0,0.0,0.0,-0.0003249543200035617,0.9293583219605891,-0.07129767106861418
2024-02-06,0.6750110138100514,0.0,0.3249889861899486,0.0,0.0,0.0,0.0,0.0,0.9293583219605891,-0.07129767106861418
2024-02-07,0.6749772077674931,0.0,0.32502279223250685,0.0,0.0,0.0,0.0,0.0,0.9293583219605891,-0.07129767106861418
2024-02-08,0.6714599981818784,0.0,0.3285400018181215,0.0,0.0,0.0,0.0,0.0,0.9293583219605891,-0.07129767106861418
2024-02-09,0.6714435915227787,0.0,0.3285564084772213,0.0,0.0,0.0,0.0,0.0,0.9293583219605891,-0.07129767106861418
2024-02-12,0.34903398546167863,0.0,0.17079223652980444,0.0,0.4801737780085168,0.0,0.0,0.0003976451502973611,0.9297278767902052,-0.07092837709144484
2024-02-13,0.35009513231928435,0.0,0.17131148580823022,0.0,0.47859338187248546,0.0,0.0,-0.00410210643182609,0.9259140340869761,-0.07473952777140502
2024-02-14,0.40592532997715397,0.0,0.19863078628057784,0.0,0.3954438837422681,0.0,0.0,0.0033877029438303748,0.9290507557859864,-0.07160502014582637
2024-02-15,0.4394592423178534,0.0,0.21552799687357582,0.0,0.34501276080857074,0.0,0.0,0.00021193158989342756,0.9292476509897518,-0.07140826392169686
2024-02-16,0.439626092843024,0.0,0.21564570289526908,0.0,0.344728204261707,0.0,0.0,-0.0016900988576680866,0.9276771305963233,-0.07297767575408276
2024-02-20,0.4467760256844204,0.0,0.21954710686905482,0.0,0.33367686744652486,0.0,0.0,0.0014237296325549482,0.9289978920165969,-0.07165784660101382
2024-02-21,0.45208116968707096,0.0,0.22317189924467754,0.0,0.32474693106825153,0.0,0.0,0.0003954608077874132,0.9293652742734065,-0.07129072366312761
2024-02-22,0.45193243344933237,0.0,0.22452050485254474,0.0,0.323547061698123,0.0,0.0,-0.0008277065876771632,0.9285960325135321,-0.0720594224491885
2024-02-23,0.45353842566251484,0.0,0.22532862948493146,0.0,0.3211329448525537,0.0,0.0,0.003479556369677779,0.9318271347533219,-0.0688306009018892
2024-02-26,0.04285399937259272,0.0,0.021366160685346504,0.0,0.025280028596681818,0.0,0.9104998113453789,-0.0015848763645405087,0.9303503039516139,-0.0703063892739032
2024-02-27,0.10977029450146339,0.0,0.055370588955133436,0.0,0.06215259245959753,0.0,0.7727065240838057,-0.002709684514372372,0.9278293481400546,-0.07282556565399867
2024-02-28,0.17313505417842462,0.0,0.08788012944743163,0.0,0.08769940293593917,0.0,0.6512854134382047,-0.0016875040292078458,0.926263632376651,-0.07439017624773592
2024-02-29,0.204662611042564,0.0,0.10496770412464565,0.0,0.10352102181746382,0.0,0.5868486630153266,0.0008914890881254222,0.9270893862976423,-0.07356500518999909
2024-03-01,0.20799513431186312,0.0,0.10673464935417917,0.0,0.10345188364653438,0.0,0.5818183326874233,0.002905419702593005,0.9297829700666563,-0.07087332270290636
2024-03-04,0.28674025337803294,0.0,0.1471434440103018,0.0,0.1349117392367695,0.0,0.4312045633748959,-0.0004914968113183543,0.9293259847016505,-0.07132998550210867
2024-03-05,0.2915216226446063,0.0,0.14959704838806273,0.0,0.13587482829035452,0.0,0.4230065006769765,0.0017626820336314026,0.9309640909182709,-0.06969303555238104
2024-03-06,0.3081937834227988,0.0,0.15815252369052216,0.0,0.1435874512243684,0.0,0.3900662416623106,0.001754289590934465,0.9325972715325025,-0.06806100772827683
2024-03-07,0.32058985916171845,0.0,0.16451368594433538,0.0,0.1493627816050396,0.0,0.36553367328890646,-0.002691955843777011,0.9300867608575101,-0.07056974634456636
2024-03-08,0.34468795341193337,0.0,0.17687984849140778,0.0,0.16059008117716006,0.0,0.31784211691949876,0.000856386406856268,0.9308832745167054,-0.06977379490921498
2024-03-11,0.34710917552540194,0.0,0.1781223212739786,0.0,0.1617181283047171,0.0,0.3130503748959023,-0.003584585336205139,0.9275464439811543,-0.07310827012333698
2024-03-12,0.3766649036207792,0.0,0.19328911969503004,0.0,0.17548813891026435,0.0,0.25455783777392643,-0.0009077795840417812,0.9267044362560577,-0.0739496835123361
2024-03-13,0.3784656665476416,0.0,0.19421319804044207,0.0,0.17632711416815522,0.0,0.2509940212437612,-0.0010599881132808157,0.9257221405691017,-0.074931285840113
2024-03-14,0.3806924303068623,0.0,0.19568663431327918,0.0,0.177364563168957,0.0,0.2462563722109015,0.00046269623132649677,0.9261504687147986,-0.07450326003235308
2024-03-15,0.3819704004802331,0.0,0.19603720518484732,0.0,0.1774029548735835,0.0,0.24458943946133604,0.0008206386672853737,0.9269105036011503,-0.0737437616210892
2024-03-18,0.38780694266206533,0.0,0.20028196264063888,0.0,0.1750921790086266,0.0,0.23681891568866917,0.0025183011230952854,0.929244743363378,-0.07141116949570547
2024-03-19,0.401505183654792,0.0,0.2073687251994923,0.0,0.18035654401750897,0.0,0.21076954712820678,0.0001271242731785895,0.9293628729259832,-0.07129312331554583
2024-03-20,0.4120068867834612,0.0,0.2038851538918027,0.0,0.17716084418074568,0.0,0.2069471151439903,-0.0004653494905200093,0.9289303943865589,-0.0717252965874533
2024-03-21,0.41370468908843383,0.0,0.20372486218044442,0.0,0.17696074965296904,0.0,0.20560969907815263,0.0009714649434172552,0.9298328176995801,-0.07082351025522704
2024-03-22,0.4149141979189174,0.0,0.20620791588632906,0.0,0.17749337294333822,0.0,0.20138451325141532,4.625234138704122e-05,0.9298758246444974,-0.07078053366701442
2024-03-25,0.41868848275967663,0.0,0.20547990711170808,0.0,0.1760700951946123,0.0,0.19976151493400293,-0.0016376798496144068,0.9283529857438335,-0.07230229766289742
2024-03-26,0.42437601196906716,0.0,0.2081309288179459,0.0,0.1780792967697247,0.0,0.18941376244326216,-1.1158244447653582e-05,0.9283426269542849,-0.07231264914063351
2024-03-27,0.4242006407091594,0.0,0.20830517489866418,0.0,0.17807908781323536,0.0,0.18941509657894104,-0.00046054732109960796,0.9279150812443786,-0.0727398930648897
2024-03-28,0.424536938368182,0.0,0.20851823054000615,0.0,0.17825196245779928,0.0,0.18869286863401255,8.32173078408169e-06,0.9279228031038752,-0.07273217665591303
2024-04-01,0.43084880682002563,0.0,0.20694625091790653,0.0,0.17595066501046386,0.0,0.1862542772516042,-0.0017144165310087056,0.926331956910734,-0.07432189994092653
2024-04-02,0.43452241416858206,0.0,0.2085275814862229,0.0,0.17717032162362423,0.0,0.17977968272157088,-8.577826412361907e-05,0.926252497763468,-0.07440130300148684
2024-04-03,0.4417200420092807,0.0,0.2066608823032681,0.0,0.17455706650575353,0.0,0.17706200918169773,0.0003370980021994756,0.9265647356299963,-0.07408928552989025
2024-04-04,0.5190983290271542,0.0,0.17766301261012873,0.0,0.1505391894664643,0.0,0.15269946889625274,6.772070237349e-05,0.9266274832446878,-0.07402658220597103
2024-04-05,0.5399055503186813,0.0,0.1705929843532902,0.0,0.14371952499442076,0.0,0.14578194033360775,-0.0001705929843532902,0.9264694070969373,-0.0741845467747444
2024-04-08,0.6400114291151596,0.0,0.1335383273749036,0.0,0.11241850328889547,0.0,0.11403174022104134,-9.417575090658954e-05,0.9263821561448319,-0.07427173614025284
2024-04-09,0.6771179755865954,0.0,0.12092812573878872,0.0,0.10025758714347034,0.0,0.10169631153114556,-0.00012092812573878873,0.9262701304869714,-0.07438368272414486
2024-04-10,0.6807306064463341,0.0,0.11958480729681674,0.0,0.09913101425246333,0.0,0.10055357200438592,0.0,0.9262701304869714,-0.07438368272414486
2024-04-11,0.690606950092944,0.0,0.1162828492367141,0.0,0.09586723949901815,0.0,0.09724296117132374,0.0,0.9262701304869714,-0.07438368272414486
2024-04-12,0.6901303416451532,0.0,0.11732539886330068,0.0,0.09558628479884368,0.0,0.09695797469270247,0.0,0.9262701304869714,-0.07438368272414486
2024-04-15,0.6974166345562478,0.0,0.11599844188811065,0.0,0.09262784405651474,0.0,0.09395707949912696,0.0,0.9262701304869714,-0.07438368272414486
2024-04-16,0.7574896536751895,0.0,0.09297358825064403,0.0,0.07423572732273875,0.0,0.07530103075142781,0.0,0.9262701304869714,-0.07438368272414486
2024-04-17,0.8792560139326234,0.0,0.046321961710789776,0.0,0.03694592004062063,0.0,0.037476104315966034,0.0,0.9262701304869714,-0.07438368272414486
2024-04-18,0.8847325551885925,0.0,0.044419591051383094,0.0,0.03517156598059912,0.0,0.035676287779425206,0.0,0.9262701304869714,-0.07438368272414486
2024-04-19,0.0,0.0,0.38593844515545483,0.0,0.3048434828459198,0.0,0.3092180719986255,0.0,0.9262701304869714,-0.07438368272414486
2024-04-22,0.0,0.0,0.3862589894949204,0.0,0.30468435245894415,0.0,0.3090566580461354,0.0,0.9262701304869714,-0.07438368272414486
2024-04-23,0.0,0.0,0.3917254210619605,0.0,0.3019706081698114,0.0,0.3063039707682282,0.0,0.9262701304869714,-0.07438368272414486
2024-04-24,0.0,0.0,0.4364967236979578,0.0,0.2797444327653582,0.0,0.28375884353668407,0.0,0.9262701304869714,-0.07438368272414486
2024-04-25,0.0,0.0,0.4868726893219555,0.0,0.2547358897432609,0.0,0.25839142093478373,0.0,0.9262701304869714,-0.07438368272414486
2024-04-26,0.0,0.0,0.48994562558839416,0.0,0.2532103674456439,0.0,0.256844006965962,0.0,0.9262701304869714,-0.07438368272414486
2024-04-29,0.0,0.0,0.6788223195730496,0.0,0.15944480148820228,0.0,0.16173287893874813,0.0,0.9262701304869714,-0.07438368272414486
2024-04-30,0.0,0.0,0.7968900544739177,0.0,0.10083149271654164,0.0,0.10227845280954076,0.0,0.9262701304869714,-0.07438368272414486
2024-05-01,0.0,0.0,0.8000717770638761,0.0,0.09925196475534559,0.0,0.10067625818077834,0.0,0.9262701304869714,-0.07438368272414486
2024-05-02,0.0,0.0,0.8079873422819096,0.0,0.09532237748396818,0.0,0.0966902802341223,0.0,0.9262701304869714,-0.07438368272414486
2024-05-03,0.0,0.0,0.8079873422819096,0.0,0.09532237748396818,0.0,0.0966902802341223,0.0,0.9262701304869714,-0.07438368272414486
2024-05-06,0.0,0.0,0.8079873422819096,0.0,0.09532237748396818,0.0,0.0966902802341223,0.0,0.9262701304869714,-0.07438368272414486
2024-05-07,0.0,0.0,0.8079873422819096,0.0,0.09532237748396818,0.0,0.0966902802341223,0.0,0.9262701304869714,-0.07438368272414486
2024-05-08,0.0,0.0,0.8033224825334028,0.0,0.10054547196306148,0.0,0.09613204550353584,0.0,0.9262701304869714,-0.07438368272414486
2024-05-09,0.0,0.0,0.8032575794392327,0.0,0.10061814188479781,0.0,0.09612427867596941,0.0,0.9262701304869714,-0.07438368272414486
2024-05-10,0.0,0.0,0.79740590409068,0.0,0.10717007588801306,0.0,0.0954240200213069,0.0,0.9262701304869714,-0.07438368272414486
2024-05-13,0.0,0.0,0.7899614422830981,0.0,0.11550540202069016,0.0,0.09453315569621185,0.00013046767642646296,0.9263909787986392,-0.07426291971396759
2024-05-14,0.0,0.0,0.7900637862286989,0.0,0.115597668039029,0.0,0.09433854573227202,-0.0002667818410757374,0.9261438345077593,-0.07450988955659843
2024-05-15,0.0,0.0,0.7877378118525415,0.0,0.11869242099496848,0.0,0.09356976715249006,-0.0002611156751321728,0.9259020038351422,-0.07475154953161511
2024-05-16,0.0,0.0,0.7856785969724026,0.0,0.12144471495520168,0.0,0.09287668807239584,0.00019030641563497634,0.9260782089267213,-0.07457546881543464
2024-05-17,0.0,0.0,0.7857644095518166,0.0,0.12176405096640308,0.0,0.09247153948178043,-0.0003240970620970139,0.9257780696999361,-0.07487539618718397
2024-05-20,0.0,0.0,0.7855378517695359,0.0,0.12273599905474056,0.0,0.09172614917572347,-0.0004583050641503945,0.9253537809223134,-0.07529938547808146
2024-05-21,0.0,0.0,0.7647362552848957,0.0,0.14740510815182215,0.0,0.08785863656328212,0.00027993565847261057,0.925612820442296,-0.07504052880266521
2024-05-22,0.0,0.0,0.7571683043594548,0.0,0.15660065078225138,0.0,0.08623104485829373,0.000379563988464736,0.9259641497361971,-0.07468944749660933
2024-05-23,0.0,0.0,0.7080400484758104,0.0,0.21231306156934598,0.0,0.07964688995484363,8.437331064399235e-05,0.926042276397048,-0.07461137598192091
2024-05-24,0.0,0.0,0.7069932100011525,0.0,0.21320736291443232,0.0,0.0797994270844152,-0.000234644267922785,0.9258249858850373,-0.07482851311814764
2024-05-28,0.6788676446186949,0.0,0.2222017461229835,0.0,0.07396637897115531,0.0,0.02496423028716636,-0.0007809770697860018,0.9251019378004262,-0.07555105083502212
2024-05-29,0.5124441436224441,0.0,0.2427600757696058,0.0,0.21685844693358505,0.0,0.027937333674365072,0.00019570057841918347,0.9252829807847505,-0.07537013564095152
2024-05-30,0.34105301357434203,0.0,0.16156698529422603,0.0,0.47947198046696365,0.0,0.01790802066446831,-9.146694062365437e-05,0.925198347981287,-0.07545470870585369
2024-05-31,0.655191084298345,0.0,0.3103835593543705,0.0,0.0,0.0,0.03442535634728447,-0.000181654983506986,0.9250302810906438,-0.07562265696549508
2024-06-03,0.6551504082409212,0.0,0.3103642898927031,0.0,0.0,0.0,0.03448530186637573,-8.204796919527006e-05,0.9249543842346362,-0.07569850024926117
2024-06-04,0.5872243580678834,0.0,0.2781856938604184,0.0,0.10268677361854751,0.0,0.03190317445315074,-0.00014669190100044196,0.924818700917674,-0.07583408779335721
2024-06-05,0.37513902643088476,0.0,0.17771454628544825,0.0,0.06556937012876901,0.3611433426776555,0.020433714477242453,0.0005336600680297889,0.925312239728521,-0.07534089734977822
2024-06-06,0.4139306978223718,0.0,0.1960913180827767,0.0,0.07195403197647747,0.29379546946949703,0.02422848264887692,5.567973224827862e-05,0.925363760866275,-0.07528941257852184
2024-06-07,0.4138665907108168,0.0,0.1960609486318772,0.0,0.07194288816622368,0.2937121614178413,0.024417411073241024,0.0006870287869028939,0.925999512408347,-0.07465410978540932
2024-06-10,0.4599694249286242,0.0,0.21790123633385636,0.0,0.07995699493570489,0.21464322686145748,0.027529116940357073,-0.0003376897118458998,0.9256868118998324,-0.07496658957243363
2024-06-11,0.46313751232858413,0.0,0.21940205383139352,0.0,0.08050770707974311,0.21033660637674267,0.02661612038353662,0.00017130058569526317,0.9258453825928813,-0.07480813080743964
2024-06-12,0.4635151903220868,0.0,0.21958097116211195,0.0,0.08057335926394754,0.20974074321190253,0.026589736039951063,0.0006171989291690443,0.9264168133715937,-0.07423710337649814
2024-06-13,0.4826639491008104,0.0,0.22865230935549324,0.0,0.08390200922569885,0.1743431453917014,0.030438586926296148,-8.8219214919443e-05,0.9263350856076299,-0.07431877345243976
2024-06-14,0.4861031539296817,0.0,0.23028156326586502,0.0,0.08449985001289376,0.16875522099979942,0.030360211791760232,-0.00021285900218460867,0.9261379068456189,-0.07451581303466359
2024-06-17,0.4866603107259406,0.0,0.2305455050588559,0.0,0.08459670119630401,0.16894864315212274,0.029248839866776653,0.00024279135491836942,0.9263627651228632,-0.07429111347495487
2024-06-18,0.48727818350116014,0.0,0.23083820982208716,0.0,0.08470410670563064,0.16916314341999591,0.028016356551126158,-1.4039888274191997e-05,0.9263497590931395,-0.07430411032429607
2024-06-20,0.4872730824555743,0.0,0.23083579330464163,0.0,0.08470321998522277,0.1691613725446823,0.02802653170987899,6.759431002377006e-05,0.9264123750659461,-0.07424153854934157
2024-06-21,0.4866010334569381,0.0,0.23051742364843575,0.0,0.08458639696293421,0.1689280644980862,0.029367081433605724,7.067299609895574e-05,0.9264778474041151,-0.07417611242520694
2024-06-24,0.48669381174262133,0.0,0.23056137548970962,0.0,0.08460252471516397,0.1689602733409581,0.029182014711547084,-3.46866951098159e-05,0.9264457109494961,-0.07420822619612077
2024-06-25,0.48664141526862087,0.0,0.23053655371711895,0.0,0.0845934165780156,0.16894208341876135,0.029286531017483314,-0.0003079153380485099,0.9261604441052255,-0.07449329168311414
2024-06-26,0.48785639396070796,0.0,0.23111212536335643,0.0,0.08480461767066491,0.16936387454691124,0.026862988458359514,3.9731955770499125e-05,0.9261972422710271,-0.074456519491514
2024-06-27,0.46036051216331486,0.0,0.2735194695040388,0.0,0.08002497806316698,0.15981842401487323,0.02627661625460608,-2.7805818212634607e-05,0.9261714885988794,-0.07448225498528083
2024-06-28,0.4578994464885134,0.0,0.27740522417749464,0.0,0.0795971682892302,0.15896404222679245,0.026134118817969322,-0.00012323709006900588,0.9260573499197197,-0.07459631309898362
2024-07-01,0.4082111411284405,0.0,0.3561908666761358,0.0,0.07095979509718466,0.14171428590581703,0.022923911192422073,0.00013362488021645955,0.9261810942221762,-0.07447265614216969
2024-07-02,0.40321528995776823,0.0,0.3647219194125179,0.0,0.07009136075110836,0.13997992980963983,0.021991500068965768,-0.00028341814840381454,0.9259185976913651,-0.07473496738826302
2024-07-03,0.3665534127579484,0.0,0.4245326703818569,0.0,0.06371838600381009,0.12725241891178196,0.017943111944602626,-5.533694747987392e-06,0.925913473940484,-0.07474008752251449
2024-07-05,0.33604362439874536,0.0,0.4724294924864458,0.0,0.05841483567825363,0.11666066274728851,0.016451384689266716,-6.811174995290319e-06,0.9259071673817825,-0.07474638962969449
2024-07-08,0.6369620171542622,0.0,0.0,0.0,0.1107238134094298,0.2211272753620003,0.031186894074307785,4.0612025984746896e-05,0.9259447703477237,-0.07470881320602762
2024-07-09,0.6369965257602928,0.0,0.0,0.0,0.11072981207866321,0.2211392553448291,0.0311344068162149,-0.00024018327778477805,0.9257223738977339,-0.07493105267617717
2024-07-10,0.6376021308193289,0.0,0.0,0.0,0.11083508507728895,0.22134949676118293,0.030213287342199337,-0.0007272216867827248,0.9250491685114955,-0.0756037828764402
2024-07-11,0.6471644937007514,0.0,0.0,0.0,0.09816445266049527,0.2246691597756882,0.030001893863065093,-6.441075741460216e-05,0.924989585393906,-0.07566332393693642
2024-07-12,0.6471440368068764,0.0,0.0,0.0,0.09818719842301131,0.2246620579751363,0.030006706794975947,0.0006381734420620867,0.9255798891814885,-0.0750734368187489
2024-07-15,0.6595351544731262,0.0,0.0,0.0,0.0809198392236472,0.22896374946448014,0.030581256838746438,0.0004946541353276157,0.9260377311012482,-0.07461591806939694
2024-07-16,0.6661114498782033,0.0,0.0,0.0,0.0717555928643466,0.23124677144340006,0.03088618581404995,0.0007370512008380619,0.9267202683229777,-0.07393386262057355
2024-07-17,0.6765552730788176,0.0,0.0,0.0,0.05720184142101633,0.23487244158780204,0.031370443912364036,-0.0005621107575065504,0.926199348890954,-0.07445441435855704
2024-07-18,0.6821078324138193,0.0,0.0,0.0,0.04946419909562672,0.23680006408956486,0.031627904400989115,0.000322887384266772,0.9264984069760269,-0.07415556736538975
2024-07-19,0.6838885987643478,0.0,0.0,0.0,0.046982652793434006,0.23741827365394041,0.031710474788277744,0.0005707928637859552,0.9270272456550379,-0.0736271019702659
2024-07-22,0.688368637961079,0.0,0.0,0.0,0.04073959642670346,0.23897356083654836,0.031918204775669146,4.548703806950217e-05,0.9270694133786525,-0.07358496401098669
2024-07-23,0.6883833932081654,0.0,0.0,0.0,0.04071903458891131,0.2389786832575054,0.0319188889454178,0.00013150871821596632,0.9271913310889031,-0.0734631323570678
2024-07-24,0.688590092336414,0.0,0.0,0.0,0.040430993736601105,0.23905044077807705,0.03192847314890786,-6.63033875190284e-05,0.9271298551627736,-0.07352456489005388
2024-07-25,0.6886840604235083,0.0,0.0,0.0,0.040300046653631065,0.23908306267155033,0.031932830251310336,4.65648298828645e-06,0.9271341723271721,-0.07352025077295121
2024-07-26,0.6886825032051955,0.0,0.0,0.0,0.04030221667966765,0.23908252206876182,0.03193275804637501,0.000508979607063413,0.9276060647138983,-0.07304869147423732
2024-07-29,0.691739482415596,0.0,0.0,0.0,0.03604223307586822,0.24014378077089638,0.032074503737639405,0.0001857447554743059,0.927778362675565,-0.07287651513009863
2024-07-30,0.6920891576345201,0.0,0.0,0.0,0.035554951155793796,0.24026517376818646,0.03209071744149967,0.000413542732432631,0.9281620386747577,-0.07249310995086322
2024-07-31,0.6938608065287566,0.0,0.0,0.0,0.03308611027671302,0.2408802181229988,0.03217286507153163,-0.0009244676225860313,0.9273039829214894,-0.07335056004043905
2024-08-01,0.7004486925364584,0.0,0.0,0.0,0.02390571209767768,0.2431672638871825,0.032478331478681455,8.43104022514877e-05,0.9273821642932989,-0.07327243385340998
2024-08-02,0.700497156150409,0.0,0.0,0.0,0.02383817673462772,0.24318408848051534,0.032480578634447914,0.000396937578218201,0.9277502771236763,-0.07290458085763563
2024-08-05,0.7016543160839165,0.0,0.0,0.0,0.022225642921200155,0.24358580729005722,0.03253423370482604,-0.0002199221522707256,0.9275462442859614,-0.07310846967757378
2024-08-06,0.7018671653157262,0.0,0.0,0.0,0.021995585280544547,0.24365969987615402,0.03247754952757514,0.000145091784268213,0.9276808236255362,-0.07297398533161625
2024-08-07,0.7021339327189051,0.0,0.0,0.0,0.021628585636213123,0.2437523106558107,0.03248517098907086,-0.00016422966144085153,0.927528470917947,-0.0731262305001521
2024-08-08,0.7042613786762764,0.0,0.0,0.0,0.019869005641128864,0.24449087326294253,0.03137874241965223,0.00017482088654458252,0.9276906222675283,-0.07296419360605311
2024-08-09,0.7045431030324643,0.0,0.0,0.0,0.019875349936272133,0.24458867648763913,0.030992870543624405,-0.0002391085256671812,0.9274688035305626,-0.0731858557709607
2024-08-12,0.7047174998608278,0.0,0.0,0.0,0.019669631649980666,0.2446492199650353,0.030963648524156152,0.00010133529115350683,0.9275627888518041,-0.07309193678981007
2024-08-13,0.7048771767421128,0.0,0.0,0.0,0.019667593179246427,0.2447046532761998,0.030750576802440845,0.000290735704000303,0.9278324644722254,-0.07282245152150912
2024-08-14,0.7057855564556361,0.0,0.0,0.0,0.01969293893202059,0.24502000572365487,0.029501498888688388,-4.168502706960588e-05,0.9277937877508279,-0.0728611009427158
2024-08-15,0.7057014688995161,0.0,0.0,0.0,0.019690592707884282,0.24499081394820219,0.029617124444397264,0.00014320364798802492,0.9279266512058144,-0.07272833127017919
2024-08-16,0.705728258938038,0.0,0.0,0.0,0.019691340207727222,0.24500011435869082,0.02958028649554381,-6.113619241226351e-05,0.9278699213035219,-0.07278502112933705
2024-08-19,0.7056538902711235,0.0,0.0,0.0,0.01968926516155688,0.24497429658581857,0.029682547981501026,7.96844625966138e-05,0.9279438581195604,-0.07271113650203431
2024-08-20,0.7055287694308243,0.0,0.0,0.0,0.019685774020310652,0.24493085972496778,0.029854596823897243,-5.88250959777076e-05,0.9278892717330446,-0.07276568435842867
2024-08-21,0.7055388319312751,0.0,0.0,0.0,0.019686054785771304,0.24493435301538086,0.029840760267572704,4.990048405135742e-05,0.9279355738568501,-0.07271941491724909
2024-08-22,0.771059898124124,0.0,0.0,0.0,0.01530328064444887,0.1904037748777415,0.023233046353685602,-3.237653611859667e-05,0.9279055305172274,-0.0727494370506041
2024-08-23,0.0,0.0,0.0,0.0,0.06680089708404016,0.831138320307451,0.10206078260850873,0.0004716344718375496,0.9283431627520281,-0.07231211372108637
2024-08-26,0.0,0.0,0.0,0.0,0.06670764597179438,0.8299780877928897,0.10331426623531591,-0.0005845314400024703,0.9278005169862882,-0.07285437645712578
2024-08-27,0.0,0.0,0.0,0.0,0.06672634156414538,0.8302106987891794,0.10306295964667508,-0.00010306295964667508,0.9277048951190459,-0.07294993082911161
2024-08-28,0.0,0.0,0.0,0.0,0.0666423663990111,0.8291658778250321,0.10419175577595668,0.0,0.9277048951190459,-0.07294993082911161
2024-08-29,0.0,0.0,0.0,0.0,0.06752544057130262,0.8281556817850687,0.10431887764362872,0.0,0.9277048951190459,-0.07294993082911161
2024-08-30,0.0,0.0,0.0,0.0,0.06414963645010573,0.8362685216335608,0.09958184191633347,-0.00010130278025494843,0.9276109160339141,-0.0730438435785542
2024-09-03,0.0,0.0,0.0,0.0,0.06083328589443775,0.8434342500263954,0.09573246407916682,-9.573246407916682e-05,0.9275221135552155,-0.07313258337550177
2024-09-04,0.0,0.0,0.0,0.0,0.06083348779703318,0.8433935619679837,0.09577295023498303,0.0,0.9275221135552155,-0.07313258337550177
2024-09-05,0.0,0.0,0.0,0.0,0.04838918894678494,0.8754236352128305,0.0761871758403845,0.0,0.9275221135552155,-0.07313258337550177
2024-09-06,0.0,0.0,0.0,0.0,0.04705335840800325,0.876806392813664,0.07614024877833261,0.0,0.9275221135552155,-0.07313258337550177
2024-09-09,0.0,0.0,0.0,0.0,0.0467089581297578,0.8771266724015007,0.07616436946874144,0.0,0.9275221135552155,-0.07313258337550177
2024-09-10,0.0,0.0,0.0,0.0,0.019125151195681887,0.9493793083587255,0.031495540445592475,9.538227545125165e-05,0.9276105827249378,-0.07304417665226248
2024-09-11,0.0,0.0,0.0,0.0,0.3779775042549235,0.0,0.6220224957450766,0.003131280161058296,0.9305151913398122,-0.07014161827243615
2024-09-12,0.0,0.0,0.0,0.0,0.36763306953013947,0.0,0.6323669304698606,0.0026731393829771332,0.9330025881442411,-0.06765597721164884
2024-09-13,0.0,0.0,0.0,0.0,0.35546030809227014,0.0,0.6445396919077299,-0.00035546030809227016,0.9326709427568084,-0.06798738850523722
2024-09-16,0.0,0.0,0.0,0.0,0.3553478080781523,0.0,0.6446521919218476,0.0,0.9326709427568084,-0.06798738850523722
2024-09-17,0.0,0.0,0.0,0.0,0.35429744010451225,0.0,0.6457025598954877,0.0,0.9326709427568084,-0.06798738850523722
2024-09-18,0.0,0.0,0.0,0.0,0.3532140230198451,0.0,0.6467859769801549,0.0,0.9326709427568084,-0.06798738850523722
2024-09-19,0.0,0.0,0.0,0.0,0.35311450283179185,0.0,0.6468854971682081,0.0,0.9326709427568084,-0.06798738850523722
2024-09-20,0.0,0.0,0.0,0.0,0.336196598925502,0.0,0.663803401074498,0.0,0.9326709427568084,-0.06798738850523722
2024-09-23,0.0,0.0,0.0,0.0,0.33575190718036196,0.0,0.664248092819638,0.0,0.9326709427568084,-0.06798738850523722
2024-09-24,0.0,0.0,0.0,0.0,0.33561329279946067,0.0,0.6643867072005393,0.0,0.9326709427568084,-0.06798738850523722
2024-09-25,0.0,0.0,0.0,0.0,0.3319187916690269,0.0,0.6680812083309732,0.0,0.9326709427568084,-0.06798738850523722
2024-09-26,0.0,0.0,0.0,0.0,0.32557968098165374,0.0,0.6744203190183463,0.0,0.9326709427568084,-0.06798738850523722
2024-09-27,0.0,0.0,0.0,0.0,0.29105774680566193,0.0,0.708942253194338,0.0,0.9326709427568084,-0.06798738850523722
2024-09-30,0.0,0.0,0.0,0.0,0.29102582633790236,0.0,0.7089741736620977,0.0,0.9326709427568084,-0.06798738850523722
2024-10-01,0.0,0.0,0.0,0.0,0.2909712888078923,0.0,0.7090287111921078,0.0,0.9326709427568084,-0.06798738850523722
2024-10-02,0.0,0.0,0.0,0.0,0.2906021294517434,0.0,0.7093978705482564,0.0,0.9326709427568084,-0.06798738850523722
2024-10-03,0.0,0.0,0.0,0.0,0.27497329723337666,0.0,0.7250267027666233,0.0,0.9326709427568084,-0.06798738850523722
2024-10-04,0.0,0.0,0.0,0.0,0.2616516783784776,0.0,0.7383483216215224,0.0,0.9326709427568084,-0.06798738850523722
2024-10-07,0.0,0.0,0.0,0.0,0.2611898241961503,0.0,0.7388101758038497,0.0,0.9326709427568084,-0.06798738850523722
2024-10-08,0.0,0.0,0.0,0.0,0.2624294086776351,0.0,0.7375705913223649,0.0,0.9326709427568084,-0.06798738850523722
2024-10-09,0.0,0.0,0.0,0.0,0.2635709668414089,0.0,0.7364290331585911,0.0,0.9326709427568084,-0.06798738850523722
2024-10-10,0.0,0.0,0.0,0.0,0.2673868161502851,0.0,0.7326131838497149,0.0,0.9326709427568084,-0.06798738850523722
2024-10-11,0.0,0.0,0.0,0.0,0.27193366456637064,0.0,0.7280663354336294,0.0,0.9326709427568084,-0.06798738850523722
2024-10-14,0.0,0.0,0.0,0.0,0.27349558420989545,0.0,0.7265044157901046,0.0,0.9326709427568084,-0.06798738850523722
2024-10-15,0.0,0.0,0.0,0.0,0.279889647582952,0.0,0.7201103524170481,0.0,0.9326709427568084,-0.06798738850523722
2024-10-16,0.0,0.0,0.0,0.0,0.2799186376305422,0.0,0.7200813623694577,0.0,0.9326709427568084,-0.06798738850523722
2024-10-17,0.0,0.0,0.0,0.0,0.2803441322565051,0.0,0.7196558677434949,0.0,0.9326709427568084,-0.06798738850523722
2024-10-18,0.0,0.0,0.0,0.0,0.28051283031262364,0.0,0.7194871696873764,0.0,0.9326709427568084,-0.06798738850523722
2024-10-21,0.0,0.0,0.0,0.0,0.28051064538655246,0.0,0.7194893546134475,0.0,0.9326709427568084,-0.06798738850523722
2024-10-22,0.0,0.0,0.0,0.0,0.2884469453708557,0.0,0.7115530546291443,0.0,0.9326709427568084,-0.06798738850523722
2024-10-23,0.0,0.0,0.0,0.0,0.28987888571180487,0.0,0.7101211142881952,0.0,0.9326709427568084,-0.06798738850523722
2024-10-24,0.0,0.0,0.0,0.0,0.29775963789216237,0.0,0.7022403621078377,0.0,0.9326709427568084,-0.06798738850523722
2024-10-25,0.0,0.7438414077470707,0.0,0.0,0.09288311524040492,0.0,0.16327547701252446,-0.0011777069677117167,0.9315725296889414,-0.0690850262517898
2024-10-28,0.0,0.7300292004212701,0.0,0.0,0.09824697195479314,0.0,0.17172382762393681,-0.0013192967959874218,0.930343509035293,-0.07031317939399251
2024-10-29,0.0,0.7013467679913437,0.0,0.0,0.12059803305252986,0.0,0.17805519895612648,-0.0006917295828617377,0.9296999629078698,-0.07095627127060244
2024-10-30,0.0,0.6936553279599131,0.0,0.0,0.12443532293904255,0.0,0.1819093491010444,-0.0008416987674917474,0.9289174355949532,-0.07173824623201985
2024-10-31,0.0,0.6812955113344676,0.0,0.0,0.13419877999050853,0.0,0.1845057086750239,-0.0013916973205302875,0.9276246636888419,-0.07303010562748946
2024-11-01,0.0,0.59539347824764,0.0,0.0,0.2127976085424197,0.0,0.19180891320994015,-0.012932527446033442,0.9156281322660684,-0.08501816922810856
2024-11-04,0.0,0.24922073790844257,0.0,0.0,0.3870079834264665,0.0,0.363771278665091,0.003530743053670585,0.9188609799338122,-0.0817876034848759
2024-11-05,0.0,0.20173391908240176,0.0,0.0,0.4345547902975487,0.0,0.3637112906200495,0.0006563462927907138,0.9194640709315818,-0.08118493818242878
2024-11-06,0.0,0.19742948478763836,0.0,0.0,0.431289896466297,0.0,0.3712806187460645,-0.0007987308972486773,0.9187296665692186,-0.08191882416116003
2024-11-07,0.0,0.17414930372725695,0.0,0.0,0.3841711941629047,0.0,0.44167950210983836,0.0006025633090991409,0.9192832593572741,-0.08136562212982501
2024-11-08,0.0,0.17205911912589414,0.0,0.0,0.38324702471997535,0.0,0.4446938561541306,-0.00011561554358151436,0.9191769759235381,-0.08147183054277507
2024-11-11,0.0,0.1628123019716276,0.0,0.0,0.3626691589733865,0.0,0.4745185390549859,-0.00025190651167725643,0.9189454292579191,-0.08170321376982037
2024-11-12,0.0,0.16078701123713832,0.0,0.0,0.35851602183175973,0.0,0.4806969669311019,0.000493683253334535,0.9193990972270719,-0.08124986602486783
2024-11-13,0.0,0.1561416770987974,0.0,0.0,0.3507915159179573,0.0,0.4930668069832453,-0.0008441153692223772,0.9186230183186533,-0.08202539713343138
2024-11-14,0.0,0.15198100201722334,0.0,0.0,0.3473150876341999,0.0,0.5007039103485768,-0.001329515660663078,0.9174016946295531,-0.08324585874403345
2024-11-15,0.0,0.1449907179674901,0.0,0.0,0.34583030018379657,0.0,0.5091789818487134,-0.0006430116339348722,0.9168117946669148,-0.08383534232231893
2024-11-18,0.0,0.1429166741238148,0.0,0.0,0.3438925516242482,0.0,0.5131907742519369,0.0002285024590905897,0.9170212884165195,-0.0836259964451076
2024-11-19,0.0,0.12797400174286386,0.0,0.0,0.308714357424852,0.0,0.5633116408322841,-0.000520799668668125,0.9165437040333506,-0.08410324372253508
2024-11-20,0.0,0.0864479874933561,0.0,0.0,0.2099708068724355,0.0,0.7035812056342085,0.00021494095725427566,0.916740706814461,-0.08390637999699468
2024-11-21,0.0,0.08371061620779303,0.0,0.0,0.20438019664535703,0.0,0.71190918714685,-8.371061620779304e-05,0.9166639658849908,-0.08398306675842915
2024-11-22,0.0,0.08371738491003,0.0,0.0,0.20437868687266,0.0,0.71190392821731,0.0,0.9166639658849908,-0.08398306675842915
2024-11-25,0.0,0.08371738491003,0.0,0.0,0.20437868687266,0.0,0.71190392821731,0.0,0.9166639658849908,-0.08398306675842915
2024-11-26,0.0,0.08105622304997455,0.0,0.0,0.19788201038069547,0.0,0.72106176656933,0.0,0.9166639658849908,-0.08398306675842915
2024-11-27,0.0,0.07819608604344178,0.0,0.0,0.19089957720628042,0.0,0.7309043367502778,0.0,0.9166639658849908,-0.08398306675842915
2024-11-29,0.0,0.07819608604344178,0.0,0.0,0.19089957720628042,0.0,0.7309043367502778,0.0,0.9166639658849908,-0.08398306675842915
2024-12-02,0.0,0.07819608604344178,0.0,0.0,0.19089957720628042,0.0,0.7309043367502778,0.0,0.9166639658849908,-0.08398306675842915
2024-12-03,0.0,0.07819608604344178,0.0,0.0,0.19089957720628042,0.0,0.7309043367502778,0.0,0.9166639658849908,-0.08398306675842915
2024-12-04,0.0,0.07819608604344178,0.0,0.0,0.19089957720628042,0.0,0.7309043367502778,0.0,0.9166639658849908,-0.08398306675842915
2024-12-05,0.0,0.02993862351017015,0.0,0.0,0.07308895955552525,0.0,0.8969724169343045,0.0,0.9166639658849908,-0.08398306675842915
2024-12-06,0.0,0.19713450108150832,0.0,0.0,0.8028654989184916,0.0,0.0,0.0,0.9166639658849908,-0.08398306675842915
2024-12-09,0.0,0.03229934934840815,0.0,0.0,0.9677006506515918,0.0,0.0,0.0,0.9166639658849908,-0.08398306675842915
2024-12-10,0.0,1.0,0.0,0.0,0.0,0.0,0.0,0.0,0.9166639658849908,-0.08398306675842915
2024-12-11,0.0,1.0,0.0,0.0,0.0,0.0,0.0,0.0,0.9166639658849908,-0.08398306675842915
2024-12-12,0.0,1.0,0.0,0.0,0.0,0.0,0.0,0.0,0.9166639658849908,-0.08398306675842915
2024-12-13,0.0,1.0,0.0,0.0,0.0,0.0,0.0,0.0,0.9166639658849908,-0.08398306675842915
2024-12-16,0.0,1.0,0.0,0.0,0.0,0.0,0.0,0.0,0.9166639658849908,-0.08398306675842915
2024-12-17,0.0,1.0,0.0,0.0,0.0,0.0,0.0,0.0,0.9166639658849908,-0.08398306675842915
2024-12-18,0.0,1.0,0.0,0.0,0.0,0.0,0.0,0.0,0.9166639658849908,-0.08398306675842915
2024-12-19,0.0,1.0,0.0,0.0,0.0,0.0,0.0,0.0,0.9166639658849908,-0.08398306675842915
2024-12-20,0.0,1.0,0.0,0.0,0.0,0.0,0.0,0.0,0.9166639658849908,-0.08398306675842915
2024-12-23,0.0,1.0,0.0,0.0,0.0,0.0,0.0,0.0,0.9166639658849908,-0.08398306675842915
2024-12-24,0.0,1.0,0.0,0.0,0.0,0.0,0.0,0.0,0.9166639658849908,-0.08398306675842915
2024-12-26,0.0,1.0,0.0,0.0,0.0,0.0,0.0,0.0,0.9166639658849908,-0.08398306675842915
2024-12-27,0.0,1.0,0.0,0.0,0.0,0.0,0.0,0.0,0.9166639658849908,-0.08398306675842915
2024-12-30,0.0,1.0,0.0,0.0,0.0,0.0,0.0,0.0,0.9166639658849908,-0.08398306675842915
2024-12-31,0.0,1.0,0.0,0.0,0.0,0.0,0.0,0.0,0.9166639658849908,-0.08398306675842915
